case_id,arch,anchored,pose,noise,stage,gt_x,gt_y,pred_x,pred_y,err_px,success_1px,wall_ms
dram_anchored_pose-none_0000,dram,anchored,none,low,ncc,531.8194732184453,446.266375344203,531.5,446.5,0.3957822849750225,1,39.122459000282106
dram_anchored_pose-none_0000,dram,anchored,none,low,weighted,531.8194732184453,446.266375344203,531.5,446.5,0.3957822849750225,1,168.1310839994694
dram_anchored_pose-none_0000,dram,anchored,none,low,selected,531.8194732184453,446.266375344203,531.5,446.5,0.3957822849750225,1,171.5310010004032
dram_anchored_pose-none_0001,dram,anchored,none,low,ncc,127.76712372639233,709.0552582342465,127.5,709.5,0.518796996336025,1,32.65174999978626
dram_anchored_pose-none_0001,dram,anchored,none,low,weighted,127.76712372639233,709.0552582342465,127.5,709.5,0.518796996336025,1,158.78362500006915
dram_anchored_pose-none_0001,dram,anchored,none,low,selected,127.76712372639233,709.0552582342465,127.5,709.5,0.518796996336025,1,161.76325000014913
dram_anchored_pose-none_0002,dram,anchored,none,low,ncc,863.977595873166,497.1548480905214,863.5,497.5,0.5892602639597736,1,32.14033400035987
dram_anchored_pose-none_0002,dram,anchored,none,low,weighted,863.977595873166,497.1548480905214,863.5,497.5,0.5892602639597736,1,159.66958299941325
dram_anchored_pose-none_0002,dram,anchored,none,low,selected,863.977595873166,497.1548480905214,863.5,497.5,0.5892602639597736,1,162.65691599801357
dram_anchored_pose-none_0003,dram,anchored,none,low,ncc,232.65846231244757,735.5809719729891,232.5,735.5,0.1779515801446599,1,31.98329100086994
dram_anchored_pose-none_0003,dram,anchored,none,low,weighted,232.65846231244757,735.5809719729891,232.5,735.5,0.1779515801446599,1,158.49170799992862
dram_anchored_pose-none_0003,dram,anchored,none,low,selected,232.65846231244757,735.5809719729891,232.5,735.5,0.1779515801446599,1,161.37204199912958
dram_anchored_pose-none_0004,dram,anchored,none,low,ncc,503.24196628643364,564.1423323810496,503.5,564.5,0.44103007038349057,1,31.977125001503737
dram_anchored_pose-none_0004,dram,anchored,none,low,weighted,503.24196628643364,564.1423323810496,503.5,564.5,0.44103007038349057,1,158.05566699964402
dram_anchored_pose-none_0004,dram,anchored,none,low,selected,503.24196628643364,564.1423323810496,503.5,564.5,0.44103007038349057,1,160.973333999209
dram_anchored_pose-none_0005,dram,anchored,none,low,ncc,422.4269067090371,119.43962208882554,422.5,119.5,0.09480570310681685,1,32.23191700089956
dram_anchored_pose-none_0005,dram,anchored,none,low,weighted,422.4269067090371,119.43962208882554,422.5,119.5,0.09480570310681685,1,163.9158749985654
dram_anchored_pose-none_0005,dram,anchored,none,low,selected,422.4269067090371,119.43962208882554,422.5,119.5,0.09480570310681685,1,166.82183299781173
dram_anchored_pose-none_0006,dram,anchored,none,low,ncc,822.5367760836219,100.19993813258809,822.5,100.5,0.30230713620636107,1,32.45441699982621
dram_anchored_pose-none_0006,dram,anchored,none,low,weighted,822.5367760836219,100.19993813258809,822.5,100.5,0.30230713620636107,1,159.1225829997711
dram_anchored_pose-none_0006,dram,anchored,none,low,selected,822.5367760836219,100.19993813258809,822.5,100.5,0.30230713620636107,1,161.97749999992084
dram_anchored_pose-none_0007,dram,anchored,none,low,ncc,856.699548287331,361.4823588129435,856.5,361.5,0.20032655954093503,1,32.659000000421656
dram_anchored_pose-none_0007,dram,anchored,none,low,weighted,856.699548287331,361.4823588129435,856.5,361.5,0.20032655954093503,1,160.13958400071715
dram_anchored_pose-none_0007,dram,anchored,none,low,selected,856.699548287331,361.4823588129435,856.5,361.5,0.20032655954093503,1,163.03729200080852
dram_anchored_pose-none_0008,dram,anchored,none,low,ncc,91.47238092668637,905.5914305352696,91.5,905.5,0.09551102549128083,1,32.57070799918438
dram_anchored_pose-none_0008,dram,anchored,none,low,weighted,91.47238092668637,905.5914305352696,91.5,905.5,0.09551102549128083,1,159.90616700037208
dram_anchored_pose-none_0008,dram,anchored,none,low,selected,91.47238092668637,905.5914305352696,91.5,905.5,0.09551102549128083,1,162.77091700067103
dram_anchored_pose-none_0009,dram,anchored,none,medium,ncc,533.321272010387,472.6861558680793,533.5,472.5,0.2580653047030139,1,32.35475000110455
dram_anchored_pose-none_0009,dram,anchored,none,medium,weighted,533.321272010387,472.6861558680793,533.5,472.5,0.2580653047030139,1,164.08475000025646
dram_anchored_pose-none_0009,dram,anchored,none,medium,selected,533.321272010387,472.6861558680793,533.5,472.5,0.2580653047030139,1,167.635292000341
dram_anchored_pose-none_0010,dram,anchored,none,medium,ncc,158.01080438142,695.1538958053641,296.5,79.5,631.0380152759446,0,34.27874999943015
dram_anchored_pose-none_0010,dram,anchored,none,medium,weighted,158.01080438142,695.1538958053641,296.5,79.5,631.0380152759446,0,166.70608300046297
dram_anchored_pose-none_0010,dram,anchored,none,medium,selected,158.01080438142,695.1538958053641,296.5,79.5,631.0380152759446,0,169.72066600101243
dram_anchored_pose-none_0011,dram,anchored,none,medium,ncc,140.26158646501844,277.5597503670893,140.5,277.5,0.24578673688730487,1,33.221624998986954
dram_anchored_pose-none_0011,dram,anchored,none,medium,weighted,140.26158646501844,277.5597503670893,140.5,277.5,0.24578673688730487,1,164.08720800063747
dram_anchored_pose-none_0011,dram,anchored,none,medium,selected,140.26158646501844,277.5597503670893,140.5,277.5,0.24578673688730487,1,167.05412400006026
dram_anchored_pose-none_0012,dram,anchored,none,medium,ncc,684.7645661116504,752.0587068180689,320.5,623.5,386.28488868093604,0,33.37537500010512
dram_anchored_pose-none_0012,dram,anchored,none,medium,weighted,684.7645661116504,752.0587068180689,684.5,752.5,0.5145239545955934,1,162.2473749994242
dram_anchored_pose-none_0012,dram,anchored,none,medium,selected,684.7645661116504,752.0587068180689,684.5,752.5,0.5145239545955934,1,165.1476669976546
dram_anchored_pose-none_0013,dram,anchored,none,medium,ncc,160.2351067517593,299.2561096088492,584.5,328.5,425.27156590601106,0,32.69949999958044
dram_anchored_pose-none_0013,dram,anchored,none,medium,weighted,160.2351067517593,299.2561096088492,160.5,299.5,0.3600707650715204,1,160.81200000007811
dram_anchored_pose-none_0013,dram,anchored,none,medium,selected,160.2351067517593,299.2561096088492,160.5,299.5,0.3600707650715204,1,163.69416599991382
dram_anchored_pose-none_0014,dram,anchored,none,medium,ncc,547.4593473261813,590.3574518625045,547.5,590.5,0.148231614010138,1,32.29612500035728
dram_anchored_pose-none_0014,dram,anchored,none,medium,weighted,547.4593473261813,590.3574518625045,547.5,590.5,0.148231614010138,1,160.48337499887566
dram_anchored_pose-none_0014,dram,anchored,none,medium,selected,547.4593473261813,590.3574518625045,547.5,590.5,0.148231614010138,1,163.46229199916706
dram_anchored_pose-none_0015,dram,anchored,none,medium,ncc,295.38384333105387,167.43571485295203,295.5,167.5,0.13275899921150475,1,32.34204100044735
dram_anchored_pose-none_0015,dram,anchored,none,medium,weighted,295.38384333105387,167.43571485295203,295.5,167.5,0.13275899921150475,1,160.9146659993712
dram_anchored_pose-none_0015,dram,anchored,none,medium,selected,295.38384333105387,167.43571485295203,295.5,167.5,0.13275899921150475,1,163.80708199903893
dram_anchored_pose-none_0016,dram,anchored,none,medium,ncc,891.0634355628795,225.2081604976576,891.5,225.5,0.5251274158581196,1,32.394249999924796
dram_anchored_pose-none_0016,dram,anchored,none,medium,weighted,891.0634355628795,225.2081604976576,891.5,225.5,0.5251274158581196,1,160.32945799997833
dram_anchored_pose-none_0016,dram,anchored,none,medium,selected,891.0634355628795,225.2081604976576,891.5,225.5,0.5251274158581196,1,163.19954200116626
dram_anchored_pose-none_0017,dram,anchored,none,medium,ncc,90.6062556598273,124.00079407296602,90.5,124.5,0.5103888937184992,1,32.61216600003536
dram_anchored_pose-none_0017,dram,anchored,none,medium,weighted,90.6062556598273,124.00079407296602,90.5,124.5,0.5103888937184992,1,165.55816700019932
dram_anchored_pose-none_0017,dram,anchored,none,medium,selected,90.6062556598273,124.00079407296602,90.5,124.5,0.5103888937184992,1,178.20675099937944
dram_anchored_pose-none_0018,dram,anchored,none,high,ncc,109.54818884074346,174.1488406861064,109.5,174.5,0.35445031824843287,1,32.48387500025274
dram_anchored_pose-none_0018,dram,anchored,none,high,weighted,109.54818884074346,174.1488406861064,109.5,174.5,0.35445031824843287,1,158.20891600014875
dram_anchored_pose-none_0018,dram,anchored,none,high,selected,109.54818884074346,174.1488406861064,109.5,174.5,0.35445031824843287,1,161.0755830006383
dram_anchored_pose-none_0019,dram,anchored,none,high,ncc,231.23683679779344,180.29016024682034,231.5,180.5,0.336582223253266,1,31.97429200008628
dram_anchored_pose-none_0019,dram,anchored,none,high,weighted,231.23683679779344,180.29016024682034,231.5,180.5,0.336582223253266,1,159.79670799970336
dram_anchored_pose-none_0019,dram,anchored,none,high,selected,231.23683679779344,180.29016024682034,231.5,180.5,0.336582223253266,1,162.68554199996288
dram_anchored_pose-none_0020,dram,anchored,none,high,ncc,678.5219564311266,677.7955254860101,678.5,677.5,0.2963400036264374,1,32.5509169997531
dram_anchored_pose-none_0020,dram,anchored,none,high,weighted,678.5219564311266,677.7955254860101,678.5,677.5,0.2963400036264374,1,158.13387500020326
dram_anchored_pose-none_0020,dram,anchored,none,high,selected,678.5219564311266,677.7955254860101,678.5,677.5,0.2963400036264374,1,161.01845800039882
dram_anchored_pose-none_0021,dram,anchored,none,high,ncc,827.729954021984,494.08618833762546,305.5,247.5,577.519586816484,0,32.48912500021106
dram_anchored_pose-none_0021,dram,anchored,none,high,weighted,827.729954021984,494.08618833762546,813.5,450.5,45.850271594296316,0,159.20537499914644
dram_anchored_pose-none_0021,dram,anchored,none,high,selected,827.729954021984,494.08618833762546,813.5,450.5,45.850271594296316,0,162.10479099936492
dram_anchored_pose-none_0022,dram,anchored,none,high,ncc,662.9662488192854,419.7652230076761,662.5,419.5,0.5364058214503249,1,32.24079199935659
dram_anchored_pose-none_0022,dram,anchored,none,high,weighted,662.9662488192854,419.7652230076761,662.5,419.5,0.5364058214503249,1,159.01400000075228
dram_anchored_pose-none_0022,dram,anchored,none,high,selected,662.9662488192854,419.7652230076761,662.5,419.5,0.5364058214503249,1,161.89275000215275
dram_anchored_pose-none_0023,dram,anchored,none,high,ncc,213.50529312651278,378.59888955464135,213.5,378.5,0.09903111231044551,1,31.938042000547284
dram_anchored_pose-none_0023,dram,anchored,none,high,weighted,213.50529312651278,378.59888955464135,213.5,378.5,0.09903111231044551,1,159.0053750005609
dram_anchored_pose-none_0023,dram,anchored,none,high,selected,213.50529312651278,378.59888955464135,213.5,378.5,0.09903111231044551,1,161.88612500081945
dram_anchored_pose-none_0024,dram,anchored,none,high,ncc,499.15651337698955,907.5884994850786,499.5,907.5,0.3547044108075091,1,32.40075000030629
dram_anchored_pose-none_0024,dram,anchored,none,high,weighted,499.15651337698955,907.5884994850786,499.5,907.5,0.3547044108075091,1,158.14391700041597
dram_anchored_pose-none_0024,dram,anchored,none,high,selected,499.15651337698955,907.5884994850786,499.5,907.5,0.3547044108075091,1,161.0220839993417
dram_anchored_pose-none_0025,dram,anchored,none,high,ncc,546.4402498790027,512.5697836871215,546.5,512.5,0.09186860153203372,1,32.027375000325264
dram_anchored_pose-none_0025,dram,anchored,none,high,weighted,546.4402498790027,512.5697836871215,546.5,512.5,0.09186860153203372,1,159.87754199886695
dram_anchored_pose-none_0025,dram,anchored,none,high,selected,546.4402498790027,512.5697836871215,546.5,512.5,0.09186860153203372,1,163.0198749990086
dram_anchored_pose-none_0026,dram,anchored,none,high,ncc,483.36777765861353,86.48143187212058,483.5,86.5,0.13351974735845518,1,32.13175000018964
dram_anchored_pose-none_0026,dram,anchored,none,high,weighted,483.36777765861353,86.48143187212058,483.5,86.5,0.13351974735845518,1,160.07512500073062
dram_anchored_pose-none_0026,dram,anchored,none,high,selected,483.36777765861353,86.48143187212058,483.5,86.5,0.13351974735845518,1,162.97145900171017
dram_anchored_pose-small_0027,dram,anchored,small,low,ncc,224.039361168415,86.535944556148,224.5,86.5,0.4620391155309888,1,32.431958001325256
dram_anchored_pose-small_0027,dram,anchored,small,low,weighted,224.039361168415,86.535944556148,224.5,86.5,0.4620391155309888,1,157.86279100029788
dram_anchored_pose-small_0027,dram,anchored,small,low,selected,224.039361168415,86.535944556148,224.5,86.5,0.4620391155309888,1,160.73116600091453
dram_anchored_pose-small_0028,dram,anchored,small,low,ncc,134.3098489097896,145.70598015778063,134.5,145.5,0.2803306306980014,1,32.45075000086217
dram_anchored_pose-small_0028,dram,anchored,small,low,weighted,134.3098489097896,145.70598015778063,134.5,145.5,0.2803306306980014,1,162.83370899873262
dram_anchored_pose-small_0028,dram,anchored,small,low,selected,134.3098489097896,145.70598015778063,134.5,145.5,0.2803306306980014,1,165.78095899967593
dram_anchored_pose-small_0029,dram,anchored,small,low,ncc,694.5492442621131,808.474642587429,694.5,808.5,0.05538949109137475,1,32.03574999861303
dram_anchored_pose-small_0029,dram,anchored,small,low,weighted,694.5492442621131,808.474642587429,694.5,808.5,0.05538949109137475,1,158.59925000040676
dram_anchored_pose-small_0029,dram,anchored,small,low,selected,694.5492442621131,808.474642587429,694.5,808.5,0.05538949109137475,1,161.4795410005172
dram_anchored_pose-small_0030,dram,anchored,small,low,ncc,424.7729807558094,745.5237709618125,424.5,745.5,0.2740137800690944,1,32.1969579999859
dram_anchored_pose-small_0030,dram,anchored,small,low,weighted,424.7729807558094,745.5237709618125,424.5,745.5,0.2740137800690944,1,158.9276670001709
dram_anchored_pose-small_0030,dram,anchored,small,low,selected,424.7729807558094,745.5237709618125,424.5,745.5,0.2740137800690944,1,161.82733299865504
dram_anchored_pose-small_0031,dram,anchored,small,low,ncc,666.2059866841,667.0144132874726,49.5,940.5,674.6262966646829,0,32.07500000098662
dram_anchored_pose-small_0031,dram,anchored,small,low,weighted,666.2059866841,667.0144132874726,666.5,667.5,0.5676603608758017,1,158.06312499989872
dram_anchored_pose-small_0031,dram,anchored,small,low,selected,666.2059866841,667.0144132874726,666.5,667.5,0.5676603608758017,1,160.94770900053845
dram_anchored_pose-small_0032,dram,anchored,small,low,ncc,570.4252362077422,476.15252164997924,570.5,476.5,0.3554304831692504,1,31.97550000004412
dram_anchored_pose-small_0032,dram,anchored,small,low,weighted,570.4252362077422,476.15252164997924,570.5,476.5,0.3554304831692504,1,163.05437500159314
dram_anchored_pose-small_0032,dram,anchored,small,low,selected,570.4252362077422,476.15252164997924,570.5,476.5,0.3554304831692504,1,166.09366700140527
dram_anchored_pose-small_0033,dram,anchored,small,low,ncc,458.6866462973992,255.1685343678363,458.5,255.5,0.3804028202294482,1,33.51695800120069
dram_anchored_pose-small_0033,dram,anchored,small,low,weighted,458.6866462973992,255.1685343678363,458.5,255.5,0.3804028202294482,1,163.42654199979734
dram_anchored_pose-small_0033,dram,anchored,small,low,selected,458.6866462973992,255.1685343678363,458.5,255.5,0.3804028202294482,1,166.59525000068243
dram_anchored_pose-small_0034,dram,anchored,small,low,ncc,328.8916297670787,887.2243572961602,390.5,870.5,63.838040459637604,0,32.27983299984771
dram_anchored_pose-small_0034,dram,anchored,small,low,weighted,328.8916297670787,887.2243572961602,328.5,887.5,0.4789078978699908,1,159.00283299924922
dram_anchored_pose-small_0034,dram,anchored,small,low,selected,328.8916297670787,887.2243572961602,328.5,887.5,0.4789078978699908,1,162.11483299957763
dram_anchored_pose-small_0035,dram,anchored,small,low,ncc,609.8846431407513,660.9969200914933,482.5,844.5,223.38358857356636,0,32.30362499925832
dram_anchored_pose-small_0035,dram,anchored,small,low,weighted,609.8846431407513,660.9969200914933,482.5,844.5,223.38358857356636,0,162.15220900085114
dram_anchored_pose-small_0035,dram,anchored,small,low,selected,609.8846431407513,660.9969200914933,482.5,844.5,223.38358857356636,0,165.0659180013463
dram_anchored_pose-small_0036,dram,anchored,small,medium,ncc,135.79748447778692,673.6411714540867,135.5,673.5,0.32928163321556914,1,33.70625000025029
dram_anchored_pose-small_0036,dram,anchored,small,medium,weighted,135.79748447778692,673.6411714540867,135.5,673.5,0.32928163321556914,1,162.32716699960292
dram_anchored_pose-small_0036,dram,anchored,small,medium,selected,135.79748447778692,673.6411714540867,135.5,673.5,0.32928163321556914,1,165.178166998885
dram_anchored_pose-small_0037,dram,anchored,small,medium,ncc,547.6301665186736,438.90449098307107,547.5,438.5,0.42491914286062366,1,32.2975420003786
dram_anchored_pose-small_0037,dram,anchored,small,medium,weighted,547.6301665186736,438.90449098307107,547.5,438.5,0.42491914286062366,1,159.2136670005857
dram_anchored_pose-small_0037,dram,anchored,small,medium,selected,547.6301665186736,438.90449098307107,547.5,438.5,0.42491914286062366,1,162.08645900223928
dram_anchored_pose-small_0038,dram,anchored,small,medium,ncc,806.503308085577,398.7167938292946,806.5,398.5,0.2168190670822148,1,32.48724999866681
dram_anchored_pose-small_0038,dram,anchored,small,medium,weighted,806.503308085577,398.7167938292946,806.5,398.5,0.2168190670822148,1,158.79737500108604
dram_anchored_pose-small_0038,dram,anchored,small,medium,selected,806.503308085577,398.7167938292946,806.5,398.5,0.2168190670822148,1,161.68658400056302
dram_anchored_pose-small_0039,dram,anchored,small,medium,ncc,111.03808871571891,493.9181990839855,111.5,493.5,0.6230991160260951,1,32.113459001266165
dram_anchored_pose-small_0039,dram,anchored,small,medium,weighted,111.03808871571891,493.9181990839855,111.5,493.5,0.6230991160260951,1,158.592249999856
dram_anchored_pose-small_0039,dram,anchored,small,medium,selected,111.03808871571891,493.9181990839855,111.5,493.5,0.6230991160260951,1,161.46841699992365
dram_anchored_pose-small_0040,dram,anchored,small,medium,ncc,284.3758118511194,103.75600264240674,284.5,103.5,0.2845347944305266,1,32.38612499990268
dram_anchored_pose-small_0040,dram,anchored,small,medium,weighted,284.3758118511194,103.75600264240674,284.5,103.5,0.2845347944305266,1,158.85549999984505
dram_anchored_pose-small_0040,dram,anchored,small,medium,selected,284.3758118511194,103.75600264240674,284.5,103.5,0.2845347944305266,1,161.7251669995312
dram_anchored_pose-small_0041,dram,anchored,small,medium,ncc,700.8851983400242,612.4152746077232,700.5,612.5,0.39440607659348176,1,32.31091599991487
dram_anchored_pose-small_0041,dram,anchored,small,medium,weighted,700.8851983400242,612.4152746077232,700.5,612.5,0.39440607659348176,1,158.3719589998509
dram_anchored_pose-small_0041,dram,anchored,small,medium,selected,700.8851983400242,612.4152746077232,700.5,612.5,0.39440607659348176,1,161.24737600148364
dram_anchored_pose-small_0042,dram,anchored,small,medium,ncc,811.3424628322523,639.9793228231513,300.5,182.5,685.7458367669833,0,31.96883399868966
dram_anchored_pose-small_0042,dram,anchored,small,medium,weighted,811.3424628322523,639.9793228231513,811.5,639.5,0.5045476469231428,1,158.3314169984078
dram_anchored_pose-small_0042,dram,anchored,small,medium,selected,811.3424628322523,639.9793228231513,811.5,639.5,0.5045476469231428,1,161.29874999751337
dram_anchored_pose-small_0043,dram,anchored,small,medium,ncc,908.4841837538216,828.8418916410936,908.5,828.5,0.3422572831845601,1,32.2851669989177
dram_anchored_pose-small_0043,dram,anchored,small,medium,weighted,908.4841837538216,828.8418916410936,908.5,828.5,0.3422572831845601,1,158.331000000544
dram_anchored_pose-small_0043,dram,anchored,small,medium,selected,908.4841837538216,828.8418916410936,908.5,828.5,0.3422572831845601,1,161.25462500167487
dram_anchored_pose-small_0044,dram,anchored,small,medium,ncc,723.339317017613,790.725731586064,723.5,790.5,0.27708080008497454,1,32.040457999755745
dram_anchored_pose-small_0044,dram,anchored,small,medium,weighted,723.339317017613,790.725731586064,723.5,790.5,0.27708080008497454,1,158.3706670007814
dram_anchored_pose-small_0044,dram,anchored,small,medium,selected,723.339317017613,790.725731586064,723.5,790.5,0.27708080008497454,1,161.33000000081665
dram_anchored_pose-small_0045,dram,anchored,small,high,ncc,190.71282033502274,524.7743774152493,190.5,524.5,0.34723977450472,1,32.382334000431
dram_anchored_pose-small_0045,dram,anchored,small,high,weighted,190.71282033502274,524.7743774152493,190.5,524.5,0.34723977450472,1,158.7485000000015
dram_anchored_pose-small_0045,dram,anchored,small,high,selected,190.71282033502274,524.7743774152493,190.5,524.5,0.34723977450472,1,161.6390829985903
dram_anchored_pose-small_0046,dram,anchored,small,high,ncc,726.6221950435852,597.6528938037579,726.5,597.5,0.19572466350553133,1,32.523541998671135
dram_anchored_pose-small_0046,dram,anchored,small,high,weighted,726.6221950435852,597.6528938037579,726.5,597.5,0.19572466350553133,1,157.88166700076545
dram_anchored_pose-small_0046,dram,anchored,small,high,selected,726.6221950435852,597.6528938037579,726.5,597.5,0.19572466350553133,1,160.72345900101936
dram_anchored_pose-small_0047,dram,anchored,small,high,ncc,338.36528164328104,255.74814204626614,338.5,255.5,0.2823535208957106,1,32.55691599952115
dram_anchored_pose-small_0047,dram,anchored,small,high,weighted,338.36528164328104,255.74814204626614,338.5,255.5,0.2823535208957106,1,161.2838750006631
dram_anchored_pose-small_0047,dram,anchored,small,high,selected,338.36528164328104,255.74814204626614,338.5,255.5,0.2823535208957106,1,164.19425000094634
dram_anchored_pose-small_0048,dram,anchored,small,high,ncc,465.2562414914341,610.2737942699528,465.5,610.5,0.3325466024551834,1,32.67870799936645
dram_anchored_pose-small_0048,dram,anchored,small,high,weighted,465.2562414914341,610.2737942699528,465.5,610.5,0.3325466024551834,1,159.12945799937006
dram_anchored_pose-small_0048,dram,anchored,small,high,selected,465.2562414914341,610.2737942699528,465.5,610.5,0.3325466024551834,1,162.0111239990365
dram_anchored_pose-small_0049,dram,anchored,small,high,ncc,516.5999980082075,484.47086263791,516.5,484.5,0.10415655291453706,1,32.40120800001023
dram_anchored_pose-small_0049,dram,anchored,small,high,weighted,516.5999980082075,484.47086263791,516.5,484.5,0.10415655291453706,1,159.6757080005773
dram_anchored_pose-small_0049,dram,anchored,small,high,selected,516.5999980082075,484.47086263791,516.5,484.5,0.10415655291453706,1,162.66408299998147
dram_anchored_pose-small_0050,dram,anchored,small,high,ncc,696.6344904759969,758.419931058276,696.5,758.5,0.15652068094242444,1,32.595874999969965
dram_anchored_pose-small_0050,dram,anchored,small,high,weighted,696.6344904759969,758.419931058276,696.5,758.5,0.15652068094242444,1,160.38250000019616
dram_anchored_pose-small_0050,dram,anchored,small,high,selected,696.6344904759969,758.419931058276,696.5,758.5,0.15652068094242444,1,163.30708300120023
dram_anchored_pose-small_0051,dram,anchored,small,high,ncc,693.978183995131,621.8611031403026,693.5,621.5,0.5992123255873492,1,32.82287500042003
dram_anchored_pose-small_0051,dram,anchored,small,high,weighted,693.978183995131,621.8611031403026,693.5,621.5,0.5992123255873492,1,159.51687499909895
dram_anchored_pose-small_0051,dram,anchored,small,high,selected,693.978183995131,621.8611031403026,693.5,621.5,0.5992123255873492,1,162.41299999819603
dram_anchored_pose-small_0052,dram,anchored,small,high,ncc,587.9700272062198,349.1423381552984,336.5,794.5,511.44952981391674,0,32.797624999147956
dram_anchored_pose-small_0052,dram,anchored,small,high,weighted,587.9700272062198,349.1423381552984,336.5,794.5,511.44952981391674,0,159.89804199853097
dram_anchored_pose-small_0052,dram,anchored,small,high,selected,587.9700272062198,349.1423381552984,336.5,794.5,511.44952981391674,0,162.85354199862923
dram_anchored_pose-small_0053,dram,anchored,small,high,ncc,384.6346389113667,111.60463043374017,384.5,111.5,0.17051441029623227,1,32.661834000464296
dram_anchored_pose-small_0053,dram,anchored,small,high,weighted,384.6346389113667,111.60463043374017,384.5,111.5,0.17051441029623227,1,159.2622919997666
dram_anchored_pose-small_0053,dram,anchored,small,high,selected,384.6346389113667,111.60463043374017,384.5,111.5,0.17051441029623227,1,162.16116699979466
dram_anchored_pose-large_0054,dram,anchored,large,low,ncc,440.867595758302,785.9346928825228,440.5,785.5,0.5692842380020519,1,32.319874999302556
dram_anchored_pose-large_0054,dram,anchored,large,low,weighted,440.867595758302,785.9346928825228,440.5,785.5,0.5692842380020519,1,158.3925420000014
dram_anchored_pose-large_0054,dram,anchored,large,low,selected,440.867595758302,785.9346928825228,440.5,785.5,0.5692842380020519,1,161.25800000008894
dram_anchored_pose-large_0055,dram,anchored,large,low,ncc,297.4499597403164,797.5105062480358,297.5,797.5,0.051131290194874196,1,32.098334000693285
dram_anchored_pose-large_0055,dram,anchored,large,low,weighted,297.4499597403164,797.5105062480358,297.5,797.5,0.051131290194874196,1,158.43937499994354
dram_anchored_pose-large_0055,dram,anchored,large,low,selected,297.4499597403164,797.5105062480358,297.5,797.5,0.051131290194874196,1,161.31891599980008
dram_anchored_pose-large_0056,dram,anchored,large,low,ncc,669.421507838135,852.2950229976549,669.5,852.5,0.21949166490925376,1,32.00495900091482
dram_anchored_pose-large_0056,dram,anchored,large,low,weighted,669.421507838135,852.2950229976549,669.5,852.5,0.21949166490925376,1,159.70695899886778
dram_anchored_pose-large_0056,dram,anchored,large,low,selected,669.421507838135,852.2950229976549,669.5,852.5,0.21949166490925376,1,162.71679299825337
dram_anchored_pose-large_0057,dram,anchored,large,low,ncc,492.39571120461363,616.7442996868616,483.5,678.5,62.39311018856208,0,32.855457999176
dram_anchored_pose-large_0057,dram,anchored,large,low,weighted,492.39571120461363,616.7442996868616,483.5,678.5,62.39311018856208,0,159.8030409986677
dram_anchored_pose-large_0057,dram,anchored,large,low,selected,492.39571120461363,616.7442996868616,483.5,678.5,62.39311018856208,0,162.7485409990186
dram_anchored_pose-large_0058,dram,anchored,large,low,ncc,732.1034290123812,295.56486679566314,732.5,295.5,0.4018410748051596,1,32.0722910000768
dram_anchored_pose-large_0058,dram,anchored,large,low,weighted,732.1034290123812,295.56486679566314,732.5,295.5,0.4018410748051596,1,157.81937500105414
dram_anchored_pose-large_0058,dram,anchored,large,low,selected,732.1034290123812,295.56486679566314,732.5,295.5,0.4018410748051596,1,160.71500000180095
dram_anchored_pose-large_0059,dram,anchored,large,low,ncc,885.7171437648049,741.9554325312993,885.5,742.5,0.5862637141771211,1,31.966083999577677
dram_anchored_pose-large_0059,dram,anchored,large,low,weighted,885.7171437648049,741.9554325312993,885.5,741.5,0.5045495071440315,1,159.905415999674
dram_anchored_pose-large_0059,dram,anchored,large,low,selected,885.7171437648049,741.9554325312993,885.5,741.5,0.5045495071440315,1,162.78649999912886
dram_anchored_pose-large_0060,dram,anchored,large,low,ncc,260.2983510414417,393.5024622276527,260.5,393.5,0.20166399047091374,1,32.17916700123169
dram_anchored_pose-large_0060,dram,anchored,large,low,weighted,260.2983510414417,393.5024622276527,260.5,393.5,0.20166399047091374,1,164.11975000119128
dram_anchored_pose-large_0060,dram,anchored,large,low,selected,260.2983510414417,393.5024622276527,260.5,393.5,0.20166399047091374,1,167.50383300131944
dram_anchored_pose-large_0061,dram,anchored,large,low,ncc,319.52808765738564,669.1468726761681,254.5,653.5,66.88405496768901,0,37.15037500114704
dram_anchored_pose-large_0061,dram,anchored,large,low,weighted,319.52808765738564,669.1468726761681,254.5,653.5,66.88405496768901,0,182.47854100081895
dram_anchored_pose-large_0061,dram,anchored,large,low,selected,319.52808765738564,669.1468726761681,254.5,653.5,66.88405496768901,0,185.52408200048376
dram_anchored_pose-large_0062,dram,anchored,large,low,ncc,636.0699350692969,309.8968596111385,635.5,310.5,0.8298218555150598,1,37.94479200041678
dram_anchored_pose-large_0062,dram,anchored,large,low,weighted,636.0699350692969,309.8968596111385,635.5,310.5,0.8298218555150598,1,187.90337500104215
dram_anchored_pose-large_0062,dram,anchored,large,low,selected,636.0699350692969,309.8968596111385,635.5,310.5,0.8298218555150598,1,191.04450000122597
dram_anchored_pose-large_0063,dram,anchored,large,medium,ncc,311.5032958479918,577.3403438308851,311.5,577.5,0.1596901842644985,1,35.08666600100696
dram_anchored_pose-large_0063,dram,anchored,large,medium,weighted,311.5032958479918,577.3403438308851,311.5,577.5,0.1596901842644985,1,163.48908399959328
dram_anchored_pose-large_0063,dram,anchored,large,medium,selected,311.5032958479918,577.3403438308851,311.5,577.5,0.1596901842644985,1,166.37100099978852
dram_anchored_pose-large_0064,dram,anchored,large,medium,ncc,188.69308264527194,95.41558849302875,236.5,71.5,53.45518421939717,0,33.19195900076011
dram_anchored_pose-large_0064,dram,anchored,large,medium,weighted,188.69308264527194,95.41558849302875,189.5,95.5,0.8113204791390899,1,160.7073750001291
dram_anchored_pose-large_0064,dram,anchored,large,medium,selected,188.69308264527194,95.41558849302875,189.5,95.5,0.8113204791390899,1,163.59929099962756
dram_anchored_pose-large_0065,dram,anchored,large,medium,ncc,109.66890153979473,608.14169610067,49.5,648.5,72.4505997638128,0,32.67245800088858
dram_anchored_pose-large_0065,dram,anchored,large,medium,weighted,109.66890153979473,608.14169610067,49.5,647.5,71.89835045630416,0,167.59441700014577
dram_anchored_pose-large_0065,dram,anchored,large,medium,selected,109.66890153979473,608.14169610067,49.5,647.5,71.89835045630416,0,170.4655420016934
dram_anchored_pose-large_0066,dram,anchored,large,medium,ncc,275.58056969576035,635.1867088911124,275.5,635.5,0.3234853857331656,1,32.077916999696754
dram_anchored_pose-large_0066,dram,anchored,large,medium,weighted,275.58056969576035,635.1867088911124,275.5,635.5,0.3234853857331656,1,157.6785409997683
dram_anchored_pose-large_0066,dram,anchored,large,medium,selected,275.58056969576035,635.1867088911124,275.5,635.5,0.3234853857331656,1,160.95299900007376
dram_anchored_pose-large_0067,dram,anchored,large,medium,ncc,841.5186320560837,871.9580082477297,841.5,871.5,0.45838707279148155,1,32.45795800103224
dram_anchored_pose-large_0067,dram,anchored,large,medium,weighted,841.5186320560837,871.9580082477297,841.5,871.5,0.45838707279148155,1,170.43408300014562
dram_anchored_pose-large_0067,dram,anchored,large,medium,selected,841.5186320560837,871.9580082477297,841.5,871.5,0.45838707279148155,1,173.4788750018197
dram_anchored_pose-large_0068,dram,anchored,large,medium,ncc,890.5881218953368,896.5449761886151,925.5,942.5,57.71224693511604,0,56.16224999903352
dram_anchored_pose-large_0068,dram,anchored,large,medium,weighted,890.5881218953368,896.5449761886151,889.5,896.5,1.0890510165523697,0,197.3242920012126
dram_anchored_pose-large_0068,dram,anchored,large,medium,selected,890.5881218953368,896.5449761886151,889.5,896.5,1.0890510165523697,0,200.43620800061035
dram_anchored_pose-large_0069,dram,anchored,large,medium,ncc,744.6453260792088,609.6186351991138,744.5,609.5,0.18760058573191327,1,35.30691699961608
dram_anchored_pose-large_0069,dram,anchored,large,medium,weighted,744.6453260792088,609.6186351991138,744.5,609.5,0.18760058573191327,1,171.26395800005412
dram_anchored_pose-large_0069,dram,anchored,large,medium,selected,744.6453260792088,609.6186351991138,744.5,609.5,0.18760058573191327,1,174.54641599942988
dram_anchored_pose-large_0070,dram,anchored,large,medium,ncc,315.0893429922634,605.5635688835313,314.5,605.5,0.592761474358296,1,34.61933300059172
dram_anchored_pose-large_0070,dram,anchored,large,medium,weighted,315.0893429922634,605.5635688835313,313.5,605.5,1.5906137651894854,0,189.27312499909021
dram_anchored_pose-large_0070,dram,anchored,large,medium,selected,315.0893429922634,605.5635688835313,313.5,605.5,1.5906137651894854,0,192.2314159983216
dram_anchored_pose-large_0071,dram,anchored,large,medium,ncc,642.6595424675035,200.43568296168164,644.5,199.5,2.0646516736981524,0,35.1195839994034
dram_anchored_pose-large_0071,dram,anchored,large,medium,weighted,642.6595424675035,200.43568296168164,644.5,199.5,2.0646516736981524,0,168.5038749983505
dram_anchored_pose-large_0071,dram,anchored,large,medium,selected,642.6595424675035,200.43568296168164,644.5,199.5,2.0646516736981524,0,171.8405419978808
dram_anchored_pose-large_0072,dram,anchored,large,high,ncc,611.4570519235917,332.59931164337826,611.5,332.5,0.10820046107877916,1,37.14870899966627
dram_anchored_pose-large_0072,dram,anchored,large,high,weighted,611.4570519235917,332.59931164337826,611.5,332.5,0.10820046107877916,1,175.93649999980698
dram_anchored_pose-large_0072,dram,anchored,large,high,selected,611.4570519235917,332.59931164337826,611.5,332.5,0.10820046107877916,1,178.86395899950003
dram_anchored_pose-large_0073,dram,anchored,large,high,ncc,474.0562323511227,870.1830398166439,487.5,833.5,39.06891729734119,0,34.26062499966065
dram_anchored_pose-large_0073,dram,anchored,large,high,weighted,474.0562323511227,870.1830398166439,473.5,869.5,0.8808733277585635,1,176.60574999899836
dram_anchored_pose-large_0073,dram,anchored,large,high,selected,474.0562323511227,870.1830398166439,473.5,869.5,0.8808733277585635,1,179.9601659986365
dram_anchored_pose-large_0074,dram,anchored,large,high,ncc,112.27851403645602,520.1049094199726,182.5,800.5,289.0544307086642,0,33.8607920002687
dram_anchored_pose-large_0074,dram,anchored,large,high,weighted,112.27851403645602,520.1049094199726,112.5,520.5,0.4529377423812052,1,174.69837499993446
dram_anchored_pose-large_0074,dram,anchored,large,high,selected,112.27851403645602,520.1049094199726,112.5,520.5,0.4529377423812052,1,178.24504100099148
dram_anchored_pose-large_0075,dram,anchored,large,high,ncc,456.00474213337066,342.52256504134317,455.5,342.5,0.5052462788486218,1,33.82841599886888
dram_anchored_pose-large_0075,dram,anchored,large,high,weighted,456.00474213337066,342.52256504134317,455.5,342.5,0.5052462788486218,1,165.8791249992646
dram_anchored_pose-large_0075,dram,anchored,large,high,selected,456.00474213337066,342.52256504134317,455.5,342.5,0.5052462788486218,1,169.08054099985748
dram_anchored_pose-large_0076,dram,anchored,large,high,ncc,638.2700100790312,340.95883567960925,638.5,340.5,0.5132499825910636,1,38.344417000189424
dram_anchored_pose-large_0076,dram,anchored,large,high,weighted,638.2700100790312,340.95883567960925,638.5,340.5,0.5132499825910636,1,175.20304200115788
dram_anchored_pose-large_0076,dram,anchored,large,high,selected,638.2700100790312,340.95883567960925,638.5,340.5,0.5132499825910636,1,178.75104200174974
dram_anchored_pose-large_0077,dram,anchored,large,high,ncc,797.688472655356,127.79975552522878,797.5,127.5,0.35408377076918357,1,34.253499999977066
dram_anchored_pose-large_0077,dram,anchored,large,high,weighted,797.688472655356,127.79975552522878,797.5,127.5,0.35408377076918357,1,168.534834001548
dram_anchored_pose-large_0077,dram,anchored,large,high,selected,797.688472655356,127.79975552522878,797.5,127.5,0.35408377076918357,1,171.4527510011976
dram_anchored_pose-large_0078,dram,anchored,large,high,ncc,175.91665666819347,294.08338826409107,175.5,293.5,0.7168993275413739,1,39.56149999976333
dram_anchored_pose-large_0078,dram,anchored,large,high,weighted,175.91665666819347,294.08338826409107,175.5,293.5,0.7168993275413739,1,176.6015419998439
dram_anchored_pose-large_0078,dram,anchored,large,high,selected,175.91665666819347,294.08338826409107,175.5,293.5,0.7168993275413739,1,179.7349580010632
dram_anchored_pose-large_0079,dram,anchored,large,high,ncc,178.0854054174877,519.9734448191341,63.5,811.5,313.23720645911857,0,34.69662500174309
dram_anchored_pose-large_0079,dram,anchored,large,high,weighted,178.0854054174877,519.9734448191341,178.5,520.5,0.670185814789655,1,163.16016699965985
dram_anchored_pose-large_0079,dram,anchored,large,high,selected,178.0854054174877,519.9734448191341,178.5,520.5,0.670185814789655,1,166.13429199969687
dram_anchored_pose-large_0080,dram,anchored,large,high,ncc,557.2973264467571,605.4642698094735,557.5,605.5,0.20579896914018128,1,32.9533750009432
dram_anchored_pose-large_0080,dram,anchored,large,high,weighted,557.2973264467571,605.4642698094735,557.5,605.5,0.20579896914018128,1,168.84237500016752
dram_anchored_pose-large_0080,dram,anchored,large,high,selected,557.2973264467571,605.4642698094735,557.5,605.5,0.20579896914018128,1,171.83266700158129
dram_unanchored_pose-none_0081,dram,unanchored,none,low,ncc,511.66084701100266,716.7068403912086,406.5,581.5,171.28833419893274,0,32.29966700018849
dram_unanchored_pose-none_0081,dram,unanchored,none,low,weighted,511.66084701100266,716.7068403912086,406.5,581.5,171.28833419893274,0,156.89999999995052
dram_unanchored_pose-none_0081,dram,unanchored,none,low,selected,511.66084701100266,716.7068403912086,406.5,581.5,171.28833419893274,0,159.74754200033203
dram_unanchored_pose-none_0082,dram,unanchored,none,low,ncc,168.7632294779334,116.0564976239753,509.5,267.5,372.87622771869553,0,32.11412499877042
dram_unanchored_pose-none_0082,dram,unanchored,none,low,weighted,168.7632294779334,116.0564976239753,509.5,267.5,372.87622771869553,0,157.96504100035236
dram_unanchored_pose-none_0082,dram,unanchored,none,low,selected,168.7632294779334,116.0564976239753,509.5,267.5,372.87622771869553,0,160.87279100065643
dram_unanchored_pose-none_0083,dram,unanchored,none,low,ncc,605.042449201066,690.623455605982,690.5,844.5,176.01415824642223,0,32.080832999781705
dram_unanchored_pose-none_0083,dram,unanchored,none,low,weighted,605.042449201066,690.623455605982,690.5,844.5,176.01415824642223,0,161.6754580009001
dram_unanchored_pose-none_0083,dram,unanchored,none,low,selected,605.042449201066,690.623455605982,690.5,844.5,176.01415824642223,0,164.6870000004128
dram_unanchored_pose-none_0084,dram,unanchored,none,low,ncc,818.8522153306504,140.52431657922452,387.5,442.5,526.5491876815538,0,32.945625000138534
dram_unanchored_pose-none_0084,dram,unanchored,none,low,weighted,818.8522153306504,140.52431657922452,387.5,442.5,526.5491876815538,0,174.6541669999715
dram_unanchored_pose-none_0084,dram,unanchored,none,low,selected,818.8522153306504,140.52431657922452,387.5,442.5,526.5491876815538,0,177.7223339995544
dram_unanchored_pose-none_0085,dram,unanchored,none,low,ncc,792.033248003639,126.77536301628662,343.5,608.5,658.210225111844,0,33.324999998512794
dram_unanchored_pose-none_0085,dram,unanchored,none,low,weighted,792.033248003639,126.77536301628662,343.5,608.5,658.210225111844,0,169.3467920013063
dram_unanchored_pose-none_0085,dram,unanchored,none,low,selected,792.033248003639,126.77536301628662,343.5,608.5,658.210225111844,0,172.62700000173936
dram_unanchored_pose-none_0086,dram,unanchored,none,low,ncc,145.2531245943901,235.25640417332895,345.5,435.5,283.1895280184369,0,34.59054199993261
dram_unanchored_pose-none_0086,dram,unanchored,none,low,weighted,145.2531245943901,235.25640417332895,345.5,435.5,283.1895280184369,0,160.5047499997454
dram_unanchored_pose-none_0086,dram,unanchored,none,low,selected,145.2531245943901,235.25640417332895,345.5,435.5,283.1895280184369,0,163.37362500053132
dram_unanchored_pose-none_0087,dram,unanchored,none,low,ncc,408.813358591022,343.3187992443819,770.5,428.5,371.58183962066227,0,33.93470799892384
dram_unanchored_pose-none_0087,dram,unanchored,none,low,weighted,408.813358591022,343.3187992443819,770.5,279.5,367.27382932997193,0,174.01199999949313
dram_unanchored_pose-none_0087,dram,unanchored,none,low,selected,408.813358591022,343.3187992443819,770.5,279.5,367.27382932997193,0,177.53300000003946
dram_unanchored_pose-none_0088,dram,unanchored,none,low,ncc,692.8333747862794,709.2566361741763,422.5,786.5,281.15239778182143,0,38.14166699885391
dram_unanchored_pose-none_0088,dram,unanchored,none,low,weighted,692.8333747862794,709.2566361741763,422.5,786.5,281.15239778182143,0,186.8524579986115
dram_unanchored_pose-none_0088,dram,unanchored,none,low,selected,692.8333747862794,709.2566361741763,422.5,786.5,281.15239778182143,0,189.8367909980152
dram_unanchored_pose-none_0089,dram,unanchored,none,low,ncc,143.42778693787952,818.7512521083663,49.5,161.5,663.9289401412345,0,33.12654199908138
dram_unanchored_pose-none_0089,dram,unanchored,none,low,weighted,143.42778693787952,818.7512521083663,49.5,161.5,663.9289401412345,0,180.31974999939848
dram_unanchored_pose-none_0089,dram,unanchored,none,low,selected,143.42778693787952,818.7512521083663,49.5,161.5,663.9289401412345,0,183.37804199836683
dram_unanchored_pose-none_0090,dram,unanchored,none,medium,ncc,176.19053097435793,579.758267656708,727.5,906.5,640.860585690859,0,35.66379200128722
dram_unanchored_pose-none_0090,dram,unanchored,none,medium,weighted,176.19053097435793,579.758267656708,727.5,906.5,640.860585690859,0,169.1082080014894
dram_unanchored_pose-none_0090,dram,unanchored,none,medium,selected,176.19053097435793,579.758267656708,727.5,906.5,640.860585690859,0,172.0988330016553
dram_unanchored_pose-none_0091,dram,unanchored,none,medium,ncc,293.38293214312614,636.4996852474435,831.5,429.5,576.5577580879648,0,32.651708999765106
dram_unanchored_pose-none_0091,dram,unanchored,none,medium,weighted,293.38293214312614,636.4996852474435,831.5,429.5,576.5577580879648,0,162.5791250007751
dram_unanchored_pose-none_0091,dram,unanchored,none,medium,selected,293.38293214312614,636.4996852474435,831.5,429.5,576.5577580879648,0,165.44670800067252
dram_unanchored_pose-none_0092,dram,unanchored,none,medium,ncc,501.6994415620071,685.8001667946323,838.5,559.5,359.70313912516224,0,34.32579200125474
dram_unanchored_pose-none_0092,dram,unanchored,none,medium,weighted,501.6994415620071,685.8001667946323,838.5,559.5,359.70313912516224,0,166.27137499926903
dram_unanchored_pose-none_0092,dram,unanchored,none,medium,selected,501.6994415620071,685.8001667946323,838.5,559.5,359.70313912516224,0,169.1627090003749
dram_unanchored_pose-none_0093,dram,unanchored,none,medium,ncc,629.100238395367,540.3206468014084,108.5,168.5,639.7462009305962,0,32.03224999924714
dram_unanchored_pose-none_0093,dram,unanchored,none,medium,weighted,629.100238395367,540.3206468014084,108.5,168.5,639.7462009305962,0,158.44020799886493
dram_unanchored_pose-none_0093,dram,unanchored,none,medium,selected,629.100238395367,540.3206468014084,108.5,168.5,639.7462009305962,0,161.31974899872148
dram_unanchored_pose-none_0094,dram,unanchored,none,medium,ncc,192.72850426223224,83.3334086115569,262.5,327.5,253.93972900618814,0,36.72549999828334
dram_unanchored_pose-none_0094,dram,unanchored,none,medium,weighted,192.72850426223224,83.3334086115569,262.5,327.5,253.93972900618814,0,163.0436670002382
dram_unanchored_pose-none_0094,dram,unanchored,none,medium,selected,192.72850426223224,83.3334086115569,262.5,327.5,253.93972900618814,0,165.99604200018803
dram_unanchored_pose-none_0095,dram,unanchored,none,medium,ncc,768.9617221174226,517.169239135016,831.5,329.5,197.81501337874812,0,32.78679200047918
dram_unanchored_pose-none_0095,dram,unanchored,none,medium,weighted,768.9617221174226,517.169239135016,831.5,329.5,197.81501337874812,0,167.95325000020966
dram_unanchored_pose-none_0095,dram,unanchored,none,medium,selected,768.9617221174226,517.169239135016,831.5,329.5,197.81501337874812,0,170.8367500013992
dram_unanchored_pose-none_0096,dram,unanchored,none,medium,ncc,650.4389301340232,378.5525177779853,455.5,508.5,234.28088828933184,0,32.150375000128406
dram_unanchored_pose-none_0096,dram,unanchored,none,medium,weighted,650.4389301340232,378.5525177779853,455.5,508.5,234.28088828933184,0,157.19345800062
dram_unanchored_pose-none_0096,dram,unanchored,none,medium,selected,650.4389301340232,378.5525177779853,455.5,508.5,234.28088828933184,0,160.11495800194098
dram_unanchored_pose-none_0097,dram,unanchored,none,medium,ncc,651.5458252142881,606.8914836068054,863.5,783.5,275.88972483892434,0,32.14954199938802
dram_unanchored_pose-none_0097,dram,unanchored,none,medium,weighted,651.5458252142881,606.8914836068054,916.5,783.5,318.41997864295956,0,166.45445799986192
dram_unanchored_pose-none_0097,dram,unanchored,none,medium,selected,651.5458252142881,606.8914836068054,916.5,783.5,318.41997864295956,0,169.7481669998524
dram_unanchored_pose-none_0098,dram,unanchored,none,medium,ncc,331.56123969009116,462.3655176451306,115.5,619.5,267.1585762077493,0,38.13287500088336
dram_unanchored_pose-none_0098,dram,unanchored,none,medium,weighted,331.56123969009116,462.3655176451306,115.5,619.5,267.1585762077493,0,170.65595900021435
dram_unanchored_pose-none_0098,dram,unanchored,none,medium,selected,331.56123969009116,462.3655176451306,115.5,619.5,267.1585762077493,0,173.65870899993752
dram_unanchored_pose-none_0099,dram,unanchored,none,high,ncc,295.7968640407147,874.1166811559921,526.5,909.5,233.40076305330538,0,32.27424999931827
dram_unanchored_pose-none_0099,dram,unanchored,none,high,weighted,295.7968640407147,874.1166811559921,526.5,909.5,233.40076305330538,0,164.11804200106417
dram_unanchored_pose-none_0099,dram,unanchored,none,high,selected,295.7968640407147,874.1166811559921,526.5,909.5,233.40076305330538,0,167.02962599993043
dram_unanchored_pose-none_0100,dram,unanchored,none,high,ncc,404.2022208210335,406.4445017905228,780.5,505.5,389.11696228839725,0,32.86574999947334
dram_unanchored_pose-none_0100,dram,unanchored,none,high,weighted,404.2022208210335,406.4445017905228,780.5,505.5,389.11696228839725,0,177.94658400089247
dram_unanchored_pose-none_0100,dram,unanchored,none,high,selected,404.2022208210335,406.4445017905228,780.5,505.5,389.11696228839725,0,180.86741700244602
dram_unanchored_pose-none_0101,dram,unanchored,none,high,ncc,423.5814104413642,262.7432945099216,147.5,299.5,278.51750499704207,0,32.00237500095682
dram_unanchored_pose-none_0101,dram,unanchored,none,high,weighted,423.5814104413642,262.7432945099216,147.5,299.5,278.51750499704207,0,160.82729100162396
dram_unanchored_pose-none_0101,dram,unanchored,none,high,selected,423.5814104413642,262.7432945099216,147.5,299.5,278.51750499704207,0,163.71166600220022
dram_unanchored_pose-none_0102,dram,unanchored,none,high,ncc,720.1169260312367,194.05911419199282,188.5,607.5,673.461151144304,0,32.032333001552615
dram_unanchored_pose-none_0102,dram,unanchored,none,high,weighted,720.1169260312367,194.05911419199282,188.5,607.5,673.461151144304,0,162.41824999997334
dram_unanchored_pose-none_0102,dram,unanchored,none,high,selected,720.1169260312367,194.05911419199282,188.5,607.5,673.461151144304,0,165.75645800003258
dram_unanchored_pose-none_0103,dram,unanchored,none,high,ncc,87.43433256651984,350.11702017168216,275.5,893.5,575.0076156315693,0,41.584333001082996
dram_unanchored_pose-none_0103,dram,unanchored,none,high,weighted,87.43433256651984,350.11702017168216,275.5,893.5,575.0076156315693,0,192.82729199949245
dram_unanchored_pose-none_0103,dram,unanchored,none,high,selected,87.43433256651984,350.11702017168216,275.5,893.5,575.0076156315693,0,196.01770900044357
dram_unanchored_pose-none_0104,dram,unanchored,none,high,ncc,691.9673667274584,542.9936993307292,592.5,211.5,346.0951166076554,0,35.71020799972757
dram_unanchored_pose-none_0104,dram,unanchored,none,high,weighted,691.9673667274584,542.9936993307292,592.5,211.5,346.0951166076554,0,186.06670900044264
dram_unanchored_pose-none_0104,dram,unanchored,none,high,selected,691.9673667274584,542.9936993307292,592.5,211.5,346.0951166076554,0,189.23900099980528
dram_unanchored_pose-none_0105,dram,unanchored,none,high,ncc,114.12951775229085,101.32842361671179,301.5,663.5,592.5745344773181,0,38.78933400119422
dram_unanchored_pose-none_0105,dram,unanchored,none,high,weighted,114.12951775229085,101.32842361671179,301.5,663.5,592.5745344773181,0,183.67541699990397
dram_unanchored_pose-none_0105,dram,unanchored,none,high,selected,114.12951775229085,101.32842361671179,301.5,663.5,592.5745344773181,0,186.59304199900362
dram_unanchored_pose-none_0106,dram,unanchored,none,high,ncc,247.86881229578282,579.4362611414819,231.5,923.5,344.4528914282433,0,32.14366700012761
dram_unanchored_pose-none_0106,dram,unanchored,none,high,weighted,247.86881229578282,579.4362611414819,231.5,923.5,344.4528914282433,0,158.4692090000317
dram_unanchored_pose-none_0106,dram,unanchored,none,high,selected,247.86881229578282,579.4362611414819,231.5,923.5,344.4528914282433,0,161.50033400117536
dram_unanchored_pose-none_0107,dram,unanchored,none,high,ncc,613.2098214567837,581.3225081779976,92.5,648.5,525.0252694576241,0,32.66570900086663
dram_unanchored_pose-none_0107,dram,unanchored,none,high,weighted,613.2098214567837,581.3225081779976,92.5,648.5,525.0252694576241,0,157.36716599894862
dram_unanchored_pose-none_0107,dram,unanchored,none,high,selected,613.2098214567837,581.3225081779976,92.5,648.5,525.0252694576241,0,160.24758300045505
dram_unanchored_pose-small_0108,dram,unanchored,small,low,ncc,285.87752268532034,588.3774716520662,435.5,745.5,216.96629837887053,0,32.551459000387695
dram_unanchored_pose-small_0108,dram,unanchored,small,low,weighted,285.87752268532034,588.3774716520662,654.5,613.5,369.47756658856065,0,157.46104199934052
dram_unanchored_pose-small_0108,dram,unanchored,small,low,selected,285.87752268532034,588.3774716520662,654.5,613.5,369.47756658856065,0,160.38641699924483
dram_unanchored_pose-small_0109,dram,unanchored,small,low,ncc,221.35093499881472,639.8166384279037,49.5,194.5,477.3255202906034,0,32.16237499873387
dram_unanchored_pose-small_0109,dram,unanchored,small,low,weighted,221.35093499881472,639.8166384279037,49.5,194.5,477.3255202906034,0,157.6669589994708
dram_unanchored_pose-small_0109,dram,unanchored,small,low,selected,221.35093499881472,639.8166384279037,49.5,194.5,477.3255202906034,0,160.52733399919816
dram_unanchored_pose-small_0110,dram,unanchored,small,low,ncc,134.52321481222583,777.2756008172083,467.5,307.5,575.8147745561538,0,32.045125000877306
dram_unanchored_pose-small_0110,dram,unanchored,small,low,weighted,134.52321481222583,777.2756008172083,257.5,351.5,443.1795933325165,0,157.53766699890548
dram_unanchored_pose-small_0110,dram,unanchored,small,low,selected,134.52321481222583,777.2756008172083,257.5,351.5,443.1795933325165,0,160.4152919990156
dram_unanchored_pose-small_0111,dram,unanchored,small,low,ncc,897.7542274121029,903.1664855454311,695.5,902.5,202.25532553940053,0,31.85454199956439
dram_unanchored_pose-small_0111,dram,unanchored,small,low,weighted,897.7542274121029,903.1664855454311,948.5,74.5,830.218813146124,0,156.8896249991667
dram_unanchored_pose-small_0111,dram,unanchored,small,low,selected,897.7542274121029,903.1664855454311,948.5,74.5,830.218813146124,0,159.73816699988674
dram_unanchored_pose-small_0112,dram,unanchored,small,low,ncc,911.2610620030902,565.1305090834181,486.5,137.5,602.7352753016338,0,32.171958999242634
dram_unanchored_pose-small_0112,dram,unanchored,small,low,weighted,911.2610620030902,565.1305090834181,486.5,137.5,602.7352753016338,0,160.69024999887915
dram_unanchored_pose-small_0112,dram,unanchored,small,low,selected,911.2610620030902,565.1305090834181,486.5,137.5,602.7352753016338,0,163.5896249972575
dram_unanchored_pose-small_0113,dram,unanchored,small,low,ncc,851.5275420792397,735.9835877426102,365.5,780.5,488.061965963193,0,32.113457999003
dram_unanchored_pose-small_0113,dram,unanchored,small,low,weighted,851.5275420792397,735.9835877426102,365.5,780.5,488.061965963193,0,189.0746669996588
dram_unanchored_pose-small_0113,dram,unanchored,small,low,selected,851.5275420792397,735.9835877426102,365.5,780.5,488.061965963193,0,196.68325100064976
dram_unanchored_pose-small_0114,dram,unanchored,small,low,ncc,560.2093676043079,911.0648353934271,784.5,720.5,294.31487266018934,0,67.13225000021339
dram_unanchored_pose-small_0114,dram,unanchored,small,low,weighted,560.2093676043079,911.0648353934271,307.5,887.5,253.80568540142778,0,161.49058399969363
dram_unanchored_pose-small_0114,dram,unanchored,small,low,selected,560.2093676043079,911.0648353934271,307.5,887.5,253.80568540142778,0,164.387042999806
dram_unanchored_pose-small_0115,dram,unanchored,small,low,ncc,606.2960494921679,809.7142601747056,372.5,934.5,265.01334612032326,0,38.630957998975646
dram_unanchored_pose-small_0115,dram,unanchored,small,low,weighted,606.2960494921679,809.7142601747056,372.5,934.5,265.01334612032326,0,160.24004199971387
dram_unanchored_pose-small_0115,dram,unanchored,small,low,selected,606.2960494921679,809.7142601747056,372.5,934.5,265.01334612032326,0,163.13370799980476
dram_unanchored_pose-small_0116,dram,unanchored,small,low,ncc,331.7364823777355,914.3716617487833,918.5,587.5,671.6669627626958,0,32.18025000023772
dram_unanchored_pose-small_0116,dram,unanchored,small,low,weighted,331.7364823777355,914.3716617487833,918.5,587.5,671.6669627626958,0,162.63620800054923
dram_unanchored_pose-small_0116,dram,unanchored,small,low,selected,331.7364823777355,914.3716617487833,918.5,587.5,671.6669627626958,0,165.5579159996705
dram_unanchored_pose-small_0117,dram,unanchored,small,medium,ncc,115.26294833224934,606.6441742650118,250.5,937.5,357.4278074892422,0,32.28929199940467
dram_unanchored_pose-small_0117,dram,unanchored,small,medium,weighted,115.26294833224934,606.6441742650118,926.5,207.5,904.1137239574913,0,158.10270800102444
dram_unanchored_pose-small_0117,dram,unanchored,small,medium,selected,115.26294833224934,606.6441742650118,926.5,207.5,904.1137239574913,0,161.01741600141395
dram_unanchored_pose-small_0118,dram,unanchored,small,medium,ncc,508.73167506105744,354.41891168453924,642.5,276.5,154.8073691885291,0,32.52816700114636
dram_unanchored_pose-small_0118,dram,unanchored,small,medium,weighted,508.73167506105744,354.41891168453924,642.5,276.5,154.8073691885291,0,158.45391699986067
dram_unanchored_pose-small_0118,dram,unanchored,small,medium,selected,508.73167506105744,354.41891168453924,642.5,276.5,154.8073691885291,0,161.34249999959138
dram_unanchored_pose-small_0119,dram,unanchored,small,medium,ncc,898.6487968495994,326.2126616834731,575.5,224.5,338.7781138917925,0,32.443833000797895
dram_unanchored_pose-small_0119,dram,unanchored,small,medium,weighted,898.6487968495994,326.2126616834731,575.5,224.5,338.7781138917925,0,157.6609579988144
dram_unanchored_pose-small_0119,dram,unanchored,small,medium,selected,898.6487968495994,326.2126616834731,575.5,224.5,338.7781138917925,0,160.53716599890322
dram_unanchored_pose-small_0120,dram,unanchored,small,medium,ncc,100.06184317177792,837.8899135588762,943.5,419.5,941.5083877276891,0,32.825250000314554
dram_unanchored_pose-small_0120,dram,unanchored,small,medium,weighted,100.06184317177792,837.8899135588762,943.5,419.5,941.5083877276891,0,158.02883399919665
dram_unanchored_pose-small_0120,dram,unanchored,small,medium,selected,100.06184317177792,837.8899135588762,943.5,419.5,941.5083877276891,0,160.90862499913783
dram_unanchored_pose-small_0121,dram,unanchored,small,medium,ncc,732.5581412007315,341.70648161564617,677.5,761.5,423.3887067341245,0,33.68479100026889
dram_unanchored_pose-small_0121,dram,unanchored,small,medium,weighted,732.5581412007315,341.70648161564617,677.5,761.5,423.3887067341245,0,161.43808299966622
dram_unanchored_pose-small_0121,dram,unanchored,small,medium,selected,732.5581412007315,341.70648161564617,677.5,761.5,423.3887067341245,0,164.32658299891045
dram_unanchored_pose-small_0122,dram,unanchored,small,medium,ncc,78.26287074809981,533.2919767995284,899.5,780.5,857.6375861613035,0,32.177375000173924
dram_unanchored_pose-small_0122,dram,unanchored,small,medium,weighted,78.26287074809981,533.2919767995284,899.5,780.5,857.6375861613035,0,157.82937499898253
dram_unanchored_pose-small_0122,dram,unanchored,small,medium,selected,78.26287074809981,533.2919767995284,899.5,780.5,857.6375861613035,0,160.70162499818252
dram_unanchored_pose-small_0123,dram,unanchored,small,medium,ncc,211.60542547514697,405.296491321445,175.5,145.5,262.2933827828583,0,33.545166999829235
dram_unanchored_pose-small_0123,dram,unanchored,small,medium,weighted,211.60542547514697,405.296491321445,175.5,145.5,262.2933827828583,0,206.30370900107664
dram_unanchored_pose-small_0123,dram,unanchored,small,medium,selected,211.60542547514697,405.296491321445,175.5,145.5,262.2933827828583,0,209.46883400029037
dram_unanchored_pose-small_0124,dram,unanchored,small,medium,ncc,175.2836063119479,269.8542574779711,875.5,399.5,712.1172772399146,0,33.942750000278465
dram_unanchored_pose-small_0124,dram,unanchored,small,medium,weighted,175.2836063119479,269.8542574779711,193.5,410.5,141.82052703530246,0,175.29016700063949
dram_unanchored_pose-small_0124,dram,unanchored,small,medium,selected,175.2836063119479,269.8542574779711,193.5,410.5,141.82052703530246,0,180.5490840015409
dram_unanchored_pose-small_0125,dram,unanchored,small,medium,ncc,690.2068776250529,565.9880490765531,714.5,51.5,515.0612666832188,0,36.18754200033436
dram_unanchored_pose-small_0125,dram,unanchored,small,medium,weighted,690.2068776250529,565.9880490765531,882.5,897.5,383.2451154519471,0,170.83766700125125
dram_unanchored_pose-small_0125,dram,unanchored,small,medium,selected,690.2068776250529,565.9880490765531,882.5,897.5,383.2451154519471,0,173.9104589996714
dram_unanchored_pose-small_0126,dram,unanchored,small,high,ncc,796.9183896433958,347.00696517169666,289.5,634.5,583.2029382839949,0,39.262332998987404
dram_unanchored_pose-small_0126,dram,unanchored,small,high,weighted,796.9183896433958,347.00696517169666,289.5,634.5,583.2029382839949,0,202.30016699861153
dram_unanchored_pose-small_0126,dram,unanchored,small,high,selected,796.9183896433958,347.00696517169666,289.5,634.5,583.2029382839949,0,205.4238329983491
dram_unanchored_pose-small_0127,dram,unanchored,small,high,ncc,274.30394506298785,349.99204447888866,766.5,839.5,694.172165254425,0,32.949791000646655
dram_unanchored_pose-small_0127,dram,unanchored,small,high,weighted,274.30394506298785,349.99204447888866,766.5,839.5,694.172165254425,0,173.9964999997028
dram_unanchored_pose-small_0127,dram,unanchored,small,high,selected,274.30394506298785,349.99204447888866,766.5,839.5,694.172165254425,0,177.33670899906429
dram_unanchored_pose-small_0128,dram,unanchored,small,high,ncc,673.5877859848301,886.9388590388442,595.5,555.5,340.5134646397752,0,35.67229100008262
dram_unanchored_pose-small_0128,dram,unanchored,small,high,weighted,673.5877859848301,886.9388590388442,140.5,590.5,609.9660520999998,0,189.82920800044667
dram_unanchored_pose-small_0128,dram,unanchored,small,high,selected,673.5877859848301,886.9388590388442,140.5,590.5,609.9660520999998,0,193.06187500114902
dram_unanchored_pose-small_0129,dram,unanchored,small,high,ncc,773.3124178625667,456.640285646837,95.5,771.5,747.372941396231,0,37.874916999498964
dram_unanchored_pose-small_0129,dram,unanchored,small,high,weighted,773.3124178625667,456.640285646837,672.5,730.5,291.82578148767595,0,165.2932500001043
dram_unanchored_pose-small_0129,dram,unanchored,small,high,selected,773.3124178625667,456.640285646837,672.5,730.5,291.82578148767595,0,168.30291600126657
dram_unanchored_pose-small_0130,dram,unanchored,small,high,ncc,210.2592610510008,326.9764359096142,551.5,376.5,344.8156396085792,0,33.918917000846704
dram_unanchored_pose-small_0130,dram,unanchored,small,high,weighted,210.2592610510008,326.9764359096142,187.5,440.5,115.78248385386941,0,162.31683399928443
dram_unanchored_pose-small_0130,dram,unanchored,small,high,selected,210.2592610510008,326.9764359096142,187.5,440.5,115.78248385386941,0,165.27400099948863
dram_unanchored_pose-small_0131,dram,unanchored,small,high,ncc,281.29881648045193,899.2085802240562,374.5,196.5,708.8623345403205,0,32.454750000397325
dram_unanchored_pose-small_0131,dram,unanchored,small,high,weighted,281.29881648045193,899.2085802240562,872.5,905.5,591.2346584544173,0,173.24120799821685
dram_unanchored_pose-small_0131,dram,unanchored,small,high,selected,281.29881648045193,899.2085802240562,872.5,905.5,591.2346584544173,0,176.40320799728215
dram_unanchored_pose-small_0132,dram,unanchored,small,high,ncc,519.1941440445112,598.1157002907307,583.5,214.5,388.96818458546943,0,37.41329100012081
dram_unanchored_pose-small_0132,dram,unanchored,small,high,weighted,519.1941440445112,598.1157002907307,356.5,502.5,188.7107486299151,0,210.0297920005687
dram_unanchored_pose-small_0132,dram,unanchored,small,high,selected,519.1941440445112,598.1157002907307,356.5,502.5,188.7107486299151,0,214.2217080017872
dram_unanchored_pose-small_0133,dram,unanchored,small,high,ncc,579.7556576917699,422.675888007172,615.5,62.5,361.9452006986732,0,37.13499999867054
dram_unanchored_pose-small_0133,dram,unanchored,small,high,weighted,579.7556576917699,422.675888007172,615.5,62.5,361.9452006986732,0,167.04491599921312
dram_unanchored_pose-small_0133,dram,unanchored,small,high,selected,579.7556576917699,422.675888007172,615.5,62.5,361.9452006986732,0,170.13358299846004
dram_unanchored_pose-small_0134,dram,unanchored,small,high,ncc,315.92551013925294,801.4329522834616,596.5,250.5,618.2630203015457,0,33.34491700115905
dram_unanchored_pose-small_0134,dram,unanchored,small,high,weighted,315.92551013925294,801.4329522834616,596.5,250.5,618.2630203015457,0,166.63379199962947
dram_unanchored_pose-small_0134,dram,unanchored,small,high,selected,315.92551013925294,801.4329522834616,596.5,250.5,618.2630203015457,0,171.46216699984507
dram_unanchored_pose-large_0135,dram,unanchored,large,low,ncc,550.6844719229696,901.5591152151263,816.5,949.5,270.1040973417972,0,36.97604199987836
dram_unanchored_pose-large_0135,dram,unanchored,large,low,weighted,550.6844719229696,901.5591152151263,816.5,949.5,270.1040973417972,0,163.9477499993518
dram_unanchored_pose-large_0135,dram,unanchored,large,low,selected,550.6844719229696,901.5591152151263,816.5,949.5,270.1040973417972,0,166.88204199999745
dram_unanchored_pose-large_0136,dram,unanchored,large,low,ncc,599.37805699005,545.0475621525604,83.5,242.5,598.0511659116523,0,32.5214579988824
dram_unanchored_pose-large_0136,dram,unanchored,large,low,weighted,599.37805699005,545.0475621525604,83.5,242.5,598.0511659116523,0,158.19862500029558
dram_unanchored_pose-large_0136,dram,unanchored,large,low,selected,599.37805699005,545.0475621525604,83.5,242.5,598.0511659116523,0,161.06862499873387
dram_unanchored_pose-large_0137,dram,unanchored,large,low,ncc,487.67981727320364,877.2269536991357,88.5,179.5,803.8454008306225,0,32.010375000027125
dram_unanchored_pose-large_0137,dram,unanchored,large,low,weighted,487.67981727320364,877.2269536991357,88.5,179.5,803.8454008306225,0,164.85516600005212
dram_unanchored_pose-large_0137,dram,unanchored,large,low,selected,487.67981727320364,877.2269536991357,88.5,179.5,803.8454008306225,0,167.792873999133
dram_unanchored_pose-large_0138,dram,unanchored,large,low,ncc,584.5216224332506,136.09616755344067,284.5,678.5,619.8507008790062,0,32.459125000968925
dram_unanchored_pose-large_0138,dram,unanchored,large,low,weighted,584.5216224332506,136.09616755344067,284.5,678.5,619.8507008790062,0,157.96004100047867
dram_unanchored_pose-large_0138,dram,unanchored,large,low,selected,584.5216224332506,136.09616755344067,284.5,678.5,619.8507008790062,0,160.8230830006505
dram_unanchored_pose-large_0139,dram,unanchored,large,low,ncc,197.73170472107776,887.6041102898503,503.5,617.5,407.9834320082738,0,32.12566699949093
dram_unanchored_pose-large_0139,dram,unanchored,large,low,weighted,197.73170472107776,887.6041102898503,785.5,731.5,608.1447707449896,0,157.84337500008405
dram_unanchored_pose-large_0139,dram,unanchored,large,low,selected,197.73170472107776,887.6041102898503,785.5,731.5,608.1447707449896,0,160.71991699936916
dram_unanchored_pose-large_0140,dram,unanchored,large,low,ncc,840.461259445937,779.7516583837908,492.5,648.5,371.8925058450331,0,32.07170800124004
dram_unanchored_pose-large_0140,dram,unanchored,large,low,weighted,840.461259445937,779.7516583837908,195.5,651.5,657.589168147014,0,171.02595800133713
dram_unanchored_pose-large_0140,dram,unanchored,large,low,selected,840.461259445937,779.7516583837908,195.5,651.5,657.589168147014,0,174.02887500247743
dram_unanchored_pose-large_0141,dram,unanchored,large,low,ncc,317.0750236611064,164.78502190205407,757.5,787.5,762.7241334392405,0,36.58741600156645
dram_unanchored_pose-large_0141,dram,unanchored,large,low,weighted,317.0750236611064,164.78502190205407,757.5,787.5,762.7241334392405,0,172.32487500041316
dram_unanchored_pose-large_0141,dram,unanchored,large,low,selected,317.0750236611064,164.78502190205407,757.5,787.5,762.7241334392405,0,175.26516700127104
dram_unanchored_pose-large_0142,dram,unanchored,large,low,ncc,903.6277797101542,838.6899725239753,253.5,904.5,653.4501432146525,0,33.9342499992199
dram_unanchored_pose-large_0142,dram,unanchored,large,low,weighted,903.6277797101542,838.6899725239753,253.5,904.5,653.4501432146525,0,164.90054099995177
dram_unanchored_pose-large_0142,dram,unanchored,large,low,selected,903.6277797101542,838.6899725239753,253.5,904.5,653.4501432146525,0,167.7779580004426
dram_unanchored_pose-large_0143,dram,unanchored,large,low,ncc,390.2597873969239,157.65257497249985,712.5,578.5,530.0484032338491,0,32.32266700069886
dram_unanchored_pose-large_0143,dram,unanchored,large,low,weighted,390.2597873969239,157.65257497249985,712.5,578.5,530.0484032338491,0,158.16262500084122
dram_unanchored_pose-large_0143,dram,unanchored,large,low,selected,390.2597873969239,157.65257497249985,712.5,578.5,530.0484032338491,0,161.0061660012434
dram_unanchored_pose-large_0144,dram,unanchored,large,medium,ncc,460.30045802916226,234.52356865680127,387.5,680.5,451.87928034251655,0,32.052291000582045
dram_unanchored_pose-large_0144,dram,unanchored,large,medium,weighted,460.30045802916226,234.52356865680127,387.5,680.5,451.87928034251655,0,158.86858300109452
dram_unanchored_pose-large_0144,dram,unanchored,large,medium,selected,460.30045802916226,234.52356865680127,387.5,680.5,451.87928034251655,0,161.76570800234913
dram_unanchored_pose-large_0145,dram,unanchored,large,medium,ncc,203.32886498608224,433.0616509531273,879.5,240.5,703.0557540080331,0,31.966291999196983
dram_unanchored_pose-large_0145,dram,unanchored,large,medium,weighted,203.32886498608224,433.0616509531273,879.5,240.5,703.0557540080331,0,158.42341700044926
dram_unanchored_pose-large_0145,dram,unanchored,large,medium,selected,203.32886498608224,433.0616509531273,879.5,240.5,703.0557540080331,0,161.3013750011305
dram_unanchored_pose-large_0146,dram,unanchored,large,medium,ncc,783.5072272818086,170.0707046377794,724.5,949.5,781.6596953536333,0,32.442624999021064
dram_unanchored_pose-large_0146,dram,unanchored,large,medium,weighted,783.5072272818086,170.0707046377794,717.5,279.5,127.79563661136656,0,157.92754199901538
dram_unanchored_pose-large_0146,dram,unanchored,large,medium,selected,783.5072272818086,170.0707046377794,717.5,279.5,127.79563661136656,0,160.78708399982133
dram_unanchored_pose-large_0147,dram,unanchored,large,medium,ncc,767.5549191053243,878.3436100998532,695.5,457.5,426.96751109323543,0,32.07704200031003
dram_unanchored_pose-large_0147,dram,unanchored,large,medium,weighted,767.5549191053243,878.3436100998532,750.5,877.5,17.07577066166357,0,159.5156669991411
dram_unanchored_pose-large_0147,dram,unanchored,large,medium,selected,767.5549191053243,878.3436100998532,750.5,877.5,17.07577066166357,0,162.38999999950465
dram_unanchored_pose-large_0148,dram,unanchored,large,medium,ncc,208.38199594577372,437.54354484039686,418.5,525.5,227.7847967533723,0,32.39587500138441
dram_unanchored_pose-large_0148,dram,unanchored,large,medium,weighted,208.38199594577372,437.54354484039686,418.5,525.5,227.7847967533723,0,162.3499580000498
dram_unanchored_pose-large_0148,dram,unanchored,large,medium,selected,208.38199594577372,437.54354484039686,418.5,525.5,227.7847967533723,0,165.1981249997334
dram_unanchored_pose-large_0149,dram,unanchored,large,medium,ncc,659.3021476431815,438.5101120537304,77.5,764.5,666.9056500326262,0,32.79158300028939
dram_unanchored_pose-large_0149,dram,unanchored,large,medium,weighted,659.3021476431815,438.5101120537304,357.5,258.5,351.40884559673975,0,158.74612500010699
dram_unanchored_pose-large_0149,dram,unanchored,large,medium,selected,659.3021476431815,438.5101120537304,357.5,258.5,351.40884559673975,0,161.63891600081115
dram_unanchored_pose-large_0150,dram,unanchored,large,medium,ncc,214.24385411243674,423.3155978743154,101.5,606.5,215.09928363960427,0,33.26762500000768
dram_unanchored_pose-large_0150,dram,unanchored,large,medium,weighted,214.24385411243674,423.3155978743154,101.5,606.5,215.09928363960427,0,157.9221249994589
dram_unanchored_pose-large_0150,dram,unanchored,large,medium,selected,214.24385411243674,423.3155978743154,101.5,606.5,215.09928363960427,0,160.78091699819197
dram_unanchored_pose-large_0151,dram,unanchored,large,medium,ncc,112.71828778892463,881.6213336254212,456.5,716.5,381.3802832725052,0,32.08737499880954
dram_unanchored_pose-large_0151,dram,unanchored,large,medium,weighted,112.71828778892463,881.6213336254212,656.5,284.5,807.6214692576036,0,158.36537500035774
dram_unanchored_pose-large_0151,dram,unanchored,large,medium,selected,112.71828778892463,881.6213336254212,656.5,284.5,807.6214692576036,0,161.37945800073794
dram_unanchored_pose-large_0152,dram,unanchored,large,medium,ncc,440.0676961332741,669.6884581920888,336.5,724.5,117.17752684587009,0,32.07641600056377
dram_unanchored_pose-large_0152,dram,unanchored,large,medium,weighted,440.0676961332741,669.6884581920888,336.5,724.5,117.17752684587009,0,157.75141599988274
dram_unanchored_pose-large_0152,dram,unanchored,large,medium,selected,440.0676961332741,669.6884581920888,336.5,724.5,117.17752684587009,0,160.62445799980196
dram_unanchored_pose-large_0153,dram,unanchored,large,high,ncc,568.8366204055503,347.95544866655973,212.5,369.5,356.98733133573313,0,31.97116699993785
dram_unanchored_pose-large_0153,dram,unanchored,large,high,weighted,568.8366204055503,347.95544866655973,212.5,369.5,356.98733133573313,0,157.93945900077233
dram_unanchored_pose-large_0153,dram,unanchored,large,high,selected,568.8366204055503,347.95544866655973,212.5,369.5,356.98733133573313,0,160.83054300179356
dram_unanchored_pose-large_0154,dram,unanchored,large,high,ncc,305.819457214335,453.91872603904636,795.5,93.5,608.0203056333503,0,32.18800000104238
dram_unanchored_pose-large_0154,dram,unanchored,large,high,weighted,305.819457214335,453.91872603904636,795.5,93.5,608.0203056333503,0,157.85745799985307
dram_unanchored_pose-large_0154,dram,unanchored,large,high,selected,305.819457214335,453.91872603904636,795.5,93.5,608.0203056333503,0,160.71320800074318
dram_unanchored_pose-large_0155,dram,unanchored,large,high,ncc,196.9252870267626,776.212463842222,364.5,563.5,270.79120499361034,0,32.368374999350635
dram_unanchored_pose-large_0155,dram,unanchored,large,high,weighted,196.9252870267626,776.212463842222,96.5,477.5,315.1418320837435,0,157.39495900015754
dram_unanchored_pose-large_0155,dram,unanchored,large,high,selected,196.9252870267626,776.212463842222,96.5,477.5,315.1418320837435,0,160.2408340004331
dram_unanchored_pose-large_0156,dram,unanchored,large,high,ncc,362.31099112759074,93.64724516221557,480.5,504.5,427.5144769198337,0,32.18579100030183
dram_unanchored_pose-large_0156,dram,unanchored,large,high,weighted,362.31099112759074,93.64724516221557,802.5,580.5,656.3474448988233,0,157.4130420012807
dram_unanchored_pose-large_0156,dram,unanchored,large,high,selected,362.31099112759074,93.64724516221557,802.5,580.5,656.3474448988233,0,160.42291700068745
dram_unanchored_pose-large_0157,dram,unanchored,large,high,ncc,101.97039169904741,665.4194629053095,949.5,65.5,1038.3688164228358,0,33.56050000002142
dram_unanchored_pose-large_0157,dram,unanchored,large,high,weighted,101.97039169904741,665.4194629053095,949.5,65.5,1038.3688164228358,0,160.6007079990377
dram_unanchored_pose-large_0157,dram,unanchored,large,high,selected,101.97039169904741,665.4194629053095,949.5,65.5,1038.3688164228358,0,163.48954099885304
dram_unanchored_pose-large_0158,dram,unanchored,large,high,ncc,362.1293214475191,509.2893255996131,625.5,106.5,481.2518624776276,0,32.21241699975508
dram_unanchored_pose-large_0158,dram,unanchored,large,high,weighted,362.1293214475191,509.2893255996131,523.5,104.5,435.76931284324934,0,157.64099999978498
dram_unanchored_pose-large_0158,dram,unanchored,large,high,selected,362.1293214475191,509.2893255996131,523.5,104.5,435.76931284324934,0,160.49187499993423
dram_unanchored_pose-large_0159,dram,unanchored,large,high,ncc,416.1653736242952,669.6292552943829,804.5,467.5,437.78992437951337,0,32.13441699881514
dram_unanchored_pose-large_0159,dram,unanchored,large,high,weighted,416.1653736242952,669.6292552943829,804.5,467.5,437.78992437951337,0,158.96608299954096
dram_unanchored_pose-large_0159,dram,unanchored,large,high,selected,416.1653736242952,669.6292552943829,804.5,467.5,437.78992437951337,0,161.89187399868388
dram_unanchored_pose-large_0160,dram,unanchored,large,high,ncc,381.7747040681378,426.44269334322115,307.5,553.5,147.17435523651594,0,33.53033399980632
dram_unanchored_pose-large_0160,dram,unanchored,large,high,weighted,381.7747040681378,426.44269334322115,162.5,442.5,219.86184967210488,0,160.36399999939022
dram_unanchored_pose-large_0160,dram,unanchored,large,high,selected,381.7747040681378,426.44269334322115,162.5,442.5,219.86184967210488,0,163.29283300001407
dram_unanchored_pose-large_0161,dram,unanchored,large,high,ncc,264.91968058414886,183.7408011799167,474.5,507.5,385.67334508243164,0,32.29737500078045
dram_unanchored_pose-large_0161,dram,unanchored,large,high,weighted,264.91968058414886,183.7408011799167,769.5,100.5,511.40036148097977,0,158.33150000071328
dram_unanchored_pose-large_0161,dram,unanchored,large,high,selected,264.91968058414886,183.7408011799167,769.5,100.5,511.40036148097977,0,161.30304199941747
finfet_anchored_pose-none_0162,finfet,anchored,none,low,ncc,332.11882866780456,271.1759645107349,332.5,271.5,0.5002904984015946,1,32.47608300080174
finfet_anchored_pose-none_0162,finfet,anchored,none,low,weighted,332.11882866780456,271.1759645107349,332.5,271.5,0.5002904984015946,1,159.3062080009986
finfet_anchored_pose-none_0162,finfet,anchored,none,low,selected,332.11882866780456,271.1759645107349,332.5,271.5,0.5002904984015946,1,162.18995800045377
finfet_anchored_pose-none_0163,finfet,anchored,none,low,ncc,410.25810813579454,833.7013979803629,410.5,833.5,0.31475835249132167,1,32.63245800008008
finfet_anchored_pose-none_0163,finfet,anchored,none,low,weighted,410.25810813579454,833.7013979803629,410.5,833.5,0.31475835249132167,1,158.42075000000477
finfet_anchored_pose-none_0163,finfet,anchored,none,low,selected,410.25810813579454,833.7013979803629,410.5,833.5,0.31475835249132167,1,161.32837499935704
finfet_anchored_pose-none_0164,finfet,anchored,none,low,ncc,804.2665390924888,831.0233282252316,804.5,831.5,0.5307729987450838,1,33.93383299953712
finfet_anchored_pose-none_0164,finfet,anchored,none,low,weighted,804.2665390924888,831.0233282252316,804.5,831.5,0.5307729987450838,1,160.2503340000112
finfet_anchored_pose-none_0164,finfet,anchored,none,low,selected,804.2665390924888,831.0233282252316,804.5,831.5,0.5307729987450838,1,163.1671679988358
finfet_anchored_pose-none_0165,finfet,anchored,none,low,ncc,466.26405856063934,533.4296036836707,466.5,533.5,0.24621942279257603,1,32.93879200100491
finfet_anchored_pose-none_0165,finfet,anchored,none,low,weighted,466.26405856063934,533.4296036836707,466.5,533.5,0.24621942279257603,1,158.642583000983
finfet_anchored_pose-none_0165,finfet,anchored,none,low,selected,466.26405856063934,533.4296036836707,466.5,533.5,0.24621942279257603,1,161.53195800143294
finfet_anchored_pose-none_0166,finfet,anchored,none,low,ncc,704.4728893627434,157.21718414530818,704.5,157.5,0.28411229173958763,1,32.65066599851707
finfet_anchored_pose-none_0166,finfet,anchored,none,low,weighted,704.4728893627434,157.21718414530818,704.5,157.5,0.28411229173958763,1,160.6971250002971
finfet_anchored_pose-none_0166,finfet,anchored,none,low,selected,704.4728893627434,157.21718414530818,704.5,157.5,0.28411229173958763,1,163.61466600028507
finfet_anchored_pose-none_0167,finfet,anchored,none,low,ncc,891.8107397316909,269.786471156501,891.5,269.5,0.422640396032322,1,32.02904199861223
finfet_anchored_pose-none_0167,finfet,anchored,none,low,weighted,891.8107397316909,269.786471156501,891.5,269.5,0.422640396032322,1,158.43858399966848
finfet_anchored_pose-none_0167,finfet,anchored,none,low,selected,891.8107397316909,269.786471156501,891.5,269.5,0.422640396032322,1,161.3212089996523
finfet_anchored_pose-none_0168,finfet,anchored,none,low,ncc,481.9114491807674,269.07678253662664,481.5,269.5,0.5902571047080789,1,32.29566699883435
finfet_anchored_pose-none_0168,finfet,anchored,none,low,weighted,481.9114491807674,269.07678253662664,481.5,269.5,0.5902571047080789,1,157.4514170006296
finfet_anchored_pose-none_0168,finfet,anchored,none,low,selected,481.9114491807674,269.07678253662664,481.5,269.5,0.5902571047080789,1,160.32479200111993
finfet_anchored_pose-none_0169,finfet,anchored,none,low,ncc,376.4265687599748,911.1313333029236,376.5,911.5,0.37590860663842274,1,32.010958000682876
finfet_anchored_pose-none_0169,finfet,anchored,none,low,weighted,376.4265687599748,911.1313333029236,376.5,911.5,0.37590860663842274,1,157.306040999174
finfet_anchored_pose-none_0169,finfet,anchored,none,low,selected,376.4265687599748,911.1313333029236,376.5,911.5,0.37590860663842274,1,160.1725409982464
finfet_anchored_pose-none_0170,finfet,anchored,none,low,ncc,251.1400247333072,328.2557152179731,251.5,328.5,0.43503706435255257,1,32.11058399938338
finfet_anchored_pose-none_0170,finfet,anchored,none,low,weighted,251.1400247333072,328.2557152179731,251.5,328.5,0.43503706435255257,1,157.45816700109572
finfet_anchored_pose-none_0170,finfet,anchored,none,low,selected,251.1400247333072,328.2557152179731,251.5,328.5,0.43503706435255257,1,160.30454200154054
finfet_anchored_pose-none_0171,finfet,anchored,none,medium,ncc,814.3867322034117,127.6903956781285,814.5,127.5,0.22154030783126738,1,32.34137499930512
finfet_anchored_pose-none_0171,finfet,anchored,none,medium,weighted,814.3867322034117,127.6903956781285,814.5,127.5,0.22154030783126738,1,167.9087079992314
finfet_anchored_pose-none_0171,finfet,anchored,none,medium,selected,814.3867322034117,127.6903956781285,814.5,127.5,0.22154030783126738,1,170.8457909990102
finfet_anchored_pose-none_0172,finfet,anchored,none,medium,ncc,599.8376609303036,432.77630920082976,599.5,432.5,0.43630457058881533,1,32.425291999970796
finfet_anchored_pose-none_0172,finfet,anchored,none,medium,weighted,599.8376609303036,432.77630920082976,599.5,432.5,0.43630457058881533,1,157.90116700009094
finfet_anchored_pose-none_0172,finfet,anchored,none,medium,selected,599.8376609303036,432.77630920082976,599.5,432.5,0.43630457058881533,1,160.8169170012843
finfet_anchored_pose-none_0173,finfet,anchored,none,medium,ncc,392.69830030175524,596.6396520439564,392.5,596.5,0.24254010608025217,1,35.309917000631685
finfet_anchored_pose-none_0173,finfet,anchored,none,medium,weighted,392.69830030175524,596.6396520439564,392.5,596.5,0.24254010608025217,1,160.4315000004135
finfet_anchored_pose-none_0173,finfet,anchored,none,medium,selected,392.69830030175524,596.6396520439564,392.5,596.5,0.24254010608025217,1,163.3332920009707
finfet_anchored_pose-none_0174,finfet,anchored,none,medium,ncc,503.14051916204056,354.11319843188215,503.5,354.5,0.5280548512782027,1,32.26524999990943
finfet_anchored_pose-none_0174,finfet,anchored,none,medium,weighted,503.14051916204056,354.11319843188215,503.5,354.5,0.5280548512782027,1,157.3770830000285
finfet_anchored_pose-none_0174,finfet,anchored,none,medium,selected,503.14051916204056,354.11319843188215,503.5,354.5,0.5280548512782027,1,160.2463750004972
finfet_anchored_pose-none_0175,finfet,anchored,none,medium,ncc,342.61854350943673,510.06188937129156,342.5,510.5,0.4538650533108763,1,31.900292000500485
finfet_anchored_pose-none_0175,finfet,anchored,none,medium,weighted,342.61854350943673,510.06188937129156,342.5,510.5,0.4538650533108763,1,157.59233300013875
finfet_anchored_pose-none_0175,finfet,anchored,none,medium,selected,342.61854350943673,510.06188937129156,342.5,510.5,0.4538650533108763,1,160.5543330006185
finfet_anchored_pose-none_0176,finfet,anchored,none,medium,ncc,627.5769757591028,414.03814070529575,627.5,414.5,0.46822993880588015,1,32.13741699983075
finfet_anchored_pose-none_0176,finfet,anchored,none,medium,weighted,627.5769757591028,414.03814070529575,627.5,414.5,0.46822993880588015,1,157.50283299894363
finfet_anchored_pose-none_0176,finfet,anchored,none,medium,selected,627.5769757591028,414.03814070529575,627.5,414.5,0.46822993880588015,1,160.3959579988441
finfet_anchored_pose-none_0177,finfet,anchored,none,medium,ncc,500.8743603834423,93.54191503341268,500.5,93.5,0.3766995709010804,1,31.87949999846751
finfet_anchored_pose-none_0177,finfet,anchored,none,medium,weighted,500.8743603834423,93.54191503341268,500.5,93.5,0.3766995709010804,1,157.27270800016413
finfet_anchored_pose-none_0177,finfet,anchored,none,medium,selected,500.8743603834423,93.54191503341268,500.5,93.5,0.3766995709010804,1,160.25533299944072
finfet_anchored_pose-none_0178,finfet,anchored,none,medium,ncc,105.50322646875156,118.63749011450454,105.5,118.5,0.13752796692701266,1,32.34195900040504
finfet_anchored_pose-none_0178,finfet,anchored,none,medium,weighted,105.50322646875156,118.63749011450454,105.5,118.5,0.13752796692701266,1,158.14475000115635
finfet_anchored_pose-none_0178,finfet,anchored,none,medium,selected,105.50322646875156,118.63749011450454,105.5,118.5,0.13752796692701266,1,161.03308300080243
finfet_anchored_pose-none_0179,finfet,anchored,none,medium,ncc,554.5699733441438,560.5464510550033,554.5,560.5,0.0839879122349861,1,31.99920800034306
finfet_anchored_pose-none_0179,finfet,anchored,none,medium,weighted,554.5699733441438,560.5464510550033,554.5,560.5,0.0839879122349861,1,174.29516599986528
finfet_anchored_pose-none_0179,finfet,anchored,none,medium,selected,554.5699733441438,560.5464510550033,554.5,560.5,0.0839879122349861,1,177.54183299985016
finfet_anchored_pose-none_0180,finfet,anchored,none,high,ncc,863.0120161059291,373.69115626446427,863.5,373.5,0.524088731339017,1,33.98787499827449
finfet_anchored_pose-none_0180,finfet,anchored,none,high,weighted,863.0120161059291,373.69115626446427,863.5,373.5,0.524088731339017,1,160.609917000329
finfet_anchored_pose-none_0180,finfet,anchored,none,high,selected,863.0120161059291,373.69115626446427,863.5,373.5,0.524088731339017,1,163.51016700173204
finfet_anchored_pose-none_0181,finfet,anchored,none,high,ncc,864.0179955803608,589.5606649479756,864.5,589.5,0.4858070568287691,1,32.31000000050699
finfet_anchored_pose-none_0181,finfet,anchored,none,high,weighted,864.0179955803608,589.5606649479756,864.5,589.5,0.4858070568287691,1,158.3540419997007
finfet_anchored_pose-none_0181,finfet,anchored,none,high,selected,864.0179955803608,589.5606649479756,864.5,589.5,0.4858070568287691,1,161.24037499866972
finfet_anchored_pose-none_0182,finfet,anchored,none,high,ncc,623.3913578942297,82.57591623598634,623.5,82.5,0.13253822857023526,1,32.19533300034527
finfet_anchored_pose-none_0182,finfet,anchored,none,high,weighted,623.3913578942297,82.57591623598634,623.5,82.5,0.13253822857023526,1,160.43054100009613
finfet_anchored_pose-none_0182,finfet,anchored,none,high,selected,623.3913578942297,82.57591623598634,623.5,82.5,0.13253822857023526,1,163.7176250005723
finfet_anchored_pose-none_0183,finfet,anchored,none,high,ncc,882.823403732201,468.5053454162864,882.5,468.5,0.32344790535230433,1,42.844375000640866
finfet_anchored_pose-none_0183,finfet,anchored,none,high,weighted,882.823403732201,468.5053454162864,882.5,468.5,0.32344790535230433,1,222.5451249996695
finfet_anchored_pose-none_0183,finfet,anchored,none,high,selected,882.823403732201,468.5053454162864,882.5,468.5,0.32344790535230433,1,225.7192919987574
finfet_anchored_pose-none_0184,finfet,anchored,none,high,ncc,264.9040720367409,674.5256178875576,264.5,674.5,0.404883300518621,1,34.96179200010374
finfet_anchored_pose-none_0184,finfet,anchored,none,high,weighted,264.9040720367409,674.5256178875576,264.5,674.5,0.404883300518621,1,175.43825000029756
finfet_anchored_pose-none_0184,finfet,anchored,none,high,selected,264.9040720367409,674.5256178875576,264.5,674.5,0.404883300518621,1,178.59020899959432
finfet_anchored_pose-none_0185,finfet,anchored,none,high,ncc,198.01201325673446,483.4137227512912,198.5,483.5,0.49555506782563524,1,33.618292000028305
finfet_anchored_pose-none_0185,finfet,anchored,none,high,weighted,198.01201325673446,483.4137227512912,198.5,483.5,0.49555506782563524,1,161.33479199925205
finfet_anchored_pose-none_0185,finfet,anchored,none,high,selected,198.01201325673446,483.4137227512912,198.5,483.5,0.49555506782563524,1,164.24737600027584
finfet_anchored_pose-none_0186,finfet,anchored,none,high,ncc,514.508678439848,609.2654319950655,514.5,609.5,0.23472849051013944,1,32.52845799943316
finfet_anchored_pose-none_0186,finfet,anchored,none,high,weighted,514.508678439848,609.2654319950655,514.5,609.5,0.23472849051013944,1,165.4644170012034
finfet_anchored_pose-none_0186,finfet,anchored,none,high,selected,514.508678439848,609.2654319950655,514.5,609.5,0.23472849051013944,1,168.37820900036604
finfet_anchored_pose-none_0187,finfet,anchored,none,high,ncc,705.1132666116574,323.8931612891703,705.5,323.5,0.5514875456082096,1,33.35762499955308
finfet_anchored_pose-none_0187,finfet,anchored,none,high,weighted,705.1132666116574,323.8931612891703,705.5,323.5,0.5514875456082096,1,160.48962499917252
finfet_anchored_pose-none_0187,finfet,anchored,none,high,selected,705.1132666116574,323.8931612891703,705.5,323.5,0.5514875456082096,1,163.3688340007211
finfet_anchored_pose-none_0188,finfet,anchored,none,high,ncc,183.30805469608683,110.83198859156934,183.5,110.5,0.3834832781576212,1,32.528166000702186
finfet_anchored_pose-none_0188,finfet,anchored,none,high,weighted,183.30805469608683,110.83198859156934,183.5,110.5,0.3834832781576212,1,158.18870899965987
finfet_anchored_pose-none_0188,finfet,anchored,none,high,selected,183.30805469608683,110.83198859156934,183.5,110.5,0.3834832781576212,1,161.05241799959913
finfet_anchored_pose-small_0189,finfet,anchored,small,low,ncc,229.3097180053912,194.988677127097,229.5,194.5,0.5244164108988878,1,32.04937500049709
finfet_anchored_pose-small_0189,finfet,anchored,small,low,weighted,229.3097180053912,194.988677127097,229.5,194.5,0.5244164108988878,1,157.96100000079605
finfet_anchored_pose-small_0189,finfet,anchored,small,low,selected,229.3097180053912,194.988677127097,229.5,194.5,0.5244164108988878,1,160.83933399931993
finfet_anchored_pose-small_0190,finfet,anchored,small,low,ncc,309.6695540663903,535.0180186574872,312.5,536.5,3.1949480250301048,0,32.015500000852626
finfet_anchored_pose-small_0190,finfet,anchored,small,low,weighted,309.6695540663903,535.0180186574872,306.5,535.5,3.2059911095169222,0,157.6119169985759
finfet_anchored_pose-small_0190,finfet,anchored,small,low,selected,309.6695540663903,535.0180186574872,306.5,535.5,3.2059911095169222,0,160.49820899934275
finfet_anchored_pose-small_0191,finfet,anchored,small,low,ncc,161.19142496339254,487.2784759570239,161.5,487.5,0.37985715056292074,1,31.995207998988917
finfet_anchored_pose-small_0191,finfet,anchored,small,low,weighted,161.19142496339254,487.2784759570239,161.5,487.5,0.37985715056292074,1,173.7730000004376
finfet_anchored_pose-small_0191,finfet,anchored,small,low,selected,161.19142496339254,487.2784759570239,161.5,487.5,0.37985715056292074,1,177.1367500004999
finfet_anchored_pose-small_0192,finfet,anchored,small,low,ncc,187.20418651145988,553.4690285721961,187.5,553.5,0.29743041092411787,1,33.297666001089965
finfet_anchored_pose-small_0192,finfet,anchored,small,low,weighted,187.20418651145988,553.4690285721961,187.5,553.5,0.29743041092411787,1,160.74608400049328
finfet_anchored_pose-small_0192,finfet,anchored,small,low,selected,187.20418651145988,553.4690285721961,187.5,553.5,0.29743041092411787,1,163.6405420013034
finfet_anchored_pose-small_0193,finfet,anchored,small,low,ncc,160.91210081818642,668.3266236820411,161.5,666.5,1.918900602889746,0,32.23604100094235
finfet_anchored_pose-small_0193,finfet,anchored,small,low,weighted,160.91210081818642,668.3266236820411,160.5,666.5,1.8725333535463298,0,157.59662500022387
finfet_anchored_pose-small_0193,finfet,anchored,small,low,selected,160.91210081818642,668.3266236820411,160.5,666.5,1.8725333535463298,0,160.48604199932015
finfet_anchored_pose-small_0194,finfet,anchored,small,low,ncc,346.0500746973766,537.1196438733052,335.5,109.5,427.7497678578594,0,31.923790998916957
finfet_anchored_pose-small_0194,finfet,anchored,small,low,weighted,346.0500746973766,537.1196438733052,346.5,536.5,0.7657619131724003,1,157.6787920002971
finfet_anchored_pose-small_0194,finfet,anchored,small,low,selected,346.0500746973766,537.1196438733052,346.5,536.5,0.7657619131724003,1,160.57266700045147
finfet_anchored_pose-small_0195,finfet,anchored,small,low,ncc,851.017058309851,646.6328099654992,851.5,645.5,1.2314589290829903,0,32.332042001144146
finfet_anchored_pose-small_0195,finfet,anchored,small,low,weighted,851.017058309851,646.6328099654992,851.5,646.5,0.500870405414285,1,158.17516700008127
finfet_anchored_pose-small_0195,finfet,anchored,small,low,selected,851.017058309851,646.6328099654992,851.5,646.5,0.500870405414285,1,161.02820900050574
finfet_anchored_pose-small_0196,finfet,anchored,small,low,ncc,908.2083622771224,424.01560831005196,908.5,424.5,0.5654094717069491,1,31.787750000148662
finfet_anchored_pose-small_0196,finfet,anchored,small,low,weighted,908.2083622771224,424.01560831005196,908.5,424.5,0.5654094717069491,1,157.46158399997512
finfet_anchored_pose-small_0196,finfet,anchored,small,low,selected,908.2083622771224,424.01560831005196,908.5,424.5,0.5654094717069491,1,160.33033399980923
finfet_anchored_pose-small_0197,finfet,anchored,small,low,ncc,152.55359378194532,879.3058890990378,152.5,879.5,0.20137362125053726,1,31.99770900027943
finfet_anchored_pose-small_0197,finfet,anchored,small,low,weighted,152.55359378194532,879.3058890990378,153.5,879.5,0.9661075361702274,1,158.13524999975925
finfet_anchored_pose-small_0197,finfet,anchored,small,low,selected,152.55359378194532,879.3058890990378,153.5,879.5,0.9661075361702274,1,161.049374999493
finfet_anchored_pose-small_0198,finfet,anchored,small,medium,ncc,607.6944416021408,719.9100351759157,607.5,719.5,0.4538021398487715,1,32.07162499893457
finfet_anchored_pose-small_0198,finfet,anchored,small,medium,weighted,607.6944416021408,719.9100351759157,607.5,719.5,0.4538021398487715,1,159.02379200088035
finfet_anchored_pose-small_0198,finfet,anchored,small,medium,selected,607.6944416021408,719.9100351759157,607.5,719.5,0.4538021398487715,1,161.89479199965717
finfet_anchored_pose-small_0199,finfet,anchored,small,medium,ncc,540.7937875593735,256.66648143324636,540.5,256.5,0.3376791341768338,1,32.526625000173226
finfet_anchored_pose-small_0199,finfet,anchored,small,medium,weighted,540.7937875593735,256.66648143324636,540.5,256.5,0.3376791341768338,1,159.270916999958
finfet_anchored_pose-small_0199,finfet,anchored,small,medium,selected,540.7937875593735,256.66648143324636,540.5,256.5,0.3376791341768338,1,163.00266700091015
finfet_anchored_pose-small_0200,finfet,anchored,small,medium,ncc,356.0202219463281,439.8943290645515,355.5,440.5,0.7984160290778338,1,34.926792000987916
finfet_anchored_pose-small_0200,finfet,anchored,small,medium,weighted,356.0202219463281,439.8943290645515,355.5,440.5,0.7984160290778338,1,174.96816699895135
finfet_anchored_pose-small_0200,finfet,anchored,small,medium,selected,356.0202219463281,439.8943290645515,355.5,440.5,0.7984160290778338,1,177.99137599831738
finfet_anchored_pose-small_0201,finfet,anchored,small,medium,ncc,721.7858590379234,169.1852727927063,721.5,169.5,0.4251689129903375,1,33.85466600047948
finfet_anchored_pose-small_0201,finfet,anchored,small,medium,weighted,721.7858590379234,169.1852727927063,721.5,168.5,0.7425053467726389,1,166.2216669992631
finfet_anchored_pose-small_0201,finfet,anchored,small,medium,selected,721.7858590379234,169.1852727927063,721.5,168.5,0.7425053467726389,1,169.3973339988588
finfet_anchored_pose-small_0202,finfet,anchored,small,medium,ncc,880.6686677549079,421.2329014302922,880.5,421.5,0.31589627646686175,1,33.288833999904455
finfet_anchored_pose-small_0202,finfet,anchored,small,medium,weighted,880.6686677549079,421.2329014302922,880.5,421.5,0.31589627646686175,1,161.61499999907392
finfet_anchored_pose-small_0202,finfet,anchored,small,medium,selected,880.6686677549079,421.2329014302922,880.5,421.5,0.31589627646686175,1,164.72479199910595
finfet_anchored_pose-small_0203,finfet,anchored,small,medium,ncc,699.3006158393528,167.34173631793044,699.5,167.5,0.254561262919596,1,33.34325000105309
finfet_anchored_pose-small_0203,finfet,anchored,small,medium,weighted,699.3006158393528,167.34173631793044,699.5,166.5,0.8650283651072375,1,158.39429199877486
finfet_anchored_pose-small_0203,finfet,anchored,small,medium,selected,699.3006158393528,167.34173631793044,699.5,166.5,0.8650283651072375,1,161.2907089984219
finfet_anchored_pose-small_0204,finfet,anchored,small,medium,ncc,451.08155838413165,186.57496650202384,450.5,187.5,1.0926559964288067,0,32.49912499995844
finfet_anchored_pose-small_0204,finfet,anchored,small,medium,weighted,451.08155838413165,186.57496650202384,450.5,186.5,0.5863703015838292,1,158.18675000082294
finfet_anchored_pose-small_0204,finfet,anchored,small,medium,selected,451.08155838413165,186.57496650202384,450.5,186.5,0.5863703015838292,1,161.05083300135448
finfet_anchored_pose-small_0205,finfet,anchored,small,medium,ncc,593.7615684579839,715.6146237272992,593.5,715.5,0.28558126176632126,1,32.84887499830802
finfet_anchored_pose-small_0205,finfet,anchored,small,medium,weighted,593.7615684579839,715.6146237272992,593.5,715.5,0.28558126176632126,1,160.3123749991937
finfet_anchored_pose-small_0205,finfet,anchored,small,medium,selected,593.7615684579839,715.6146237272992,593.5,715.5,0.28558126176632126,1,163.17408299983072
finfet_anchored_pose-small_0206,finfet,anchored,small,medium,ncc,728.7510567301365,402.3319109056472,728.5,402.5,0.30213147036874083,1,32.032333001552615
finfet_anchored_pose-small_0206,finfet,anchored,small,medium,weighted,728.7510567301365,402.3319109056472,728.5,402.5,0.30213147036874083,1,157.64916700027243
finfet_anchored_pose-small_0206,finfet,anchored,small,medium,selected,728.7510567301365,402.3319109056472,728.5,402.5,0.30213147036874083,1,160.7082079990505
finfet_anchored_pose-small_0207,finfet,anchored,small,high,ncc,580.8831641942744,421.4140777824384,580.5,420.5,0.9911372216406265,1,32.32787500019185
finfet_anchored_pose-small_0207,finfet,anchored,small,high,weighted,580.8831641942744,421.4140777824384,580.5,420.5,0.9911372216406265,1,158.51049999946554
finfet_anchored_pose-small_0207,finfet,anchored,small,high,selected,580.8831641942744,421.4140777824384,580.5,420.5,0.9911372216406265,1,161.43324999939068
finfet_anchored_pose-small_0208,finfet,anchored,small,high,ncc,82.1592325196313,723.5539816109181,82.5,723.5,0.34501665176356433,1,31.861583000136307
finfet_anchored_pose-small_0208,finfet,anchored,small,high,weighted,82.1592325196313,723.5539816109181,82.5,723.5,0.34501665176356433,1,158.71037499891827
finfet_anchored_pose-small_0208,finfet,anchored,small,high,selected,82.1592325196313,723.5539816109181,82.5,723.5,0.34501665176356433,1,161.60091599886073
finfet_anchored_pose-small_0209,finfet,anchored,small,high,ncc,687.7205890630082,294.92502711877614,687.5,295.5,0.6158354884721309,1,32.35020799911581
finfet_anchored_pose-small_0209,finfet,anchored,small,high,weighted,687.7205890630082,294.92502711877614,687.5,295.5,0.6158354884721309,1,158.027375000529
finfet_anchored_pose-small_0209,finfet,anchored,small,high,selected,687.7205890630082,294.92502711877614,687.5,295.5,0.6158354884721309,1,160.92883300007088
finfet_anchored_pose-small_0210,finfet,anchored,small,high,ncc,539.8610762431332,649.2509671302225,539.5,648.5,0.833263274139604,1,34.36662500098464
finfet_anchored_pose-small_0210,finfet,anchored,small,high,weighted,539.8610762431332,649.2509671302225,539.5,648.5,0.833263274139604,1,161.74141599913128
finfet_anchored_pose-small_0210,finfet,anchored,small,high,selected,539.8610762431332,649.2509671302225,539.5,648.5,0.833263274139604,1,164.63320799994108
finfet_anchored_pose-small_0211,finfet,anchored,small,high,ncc,802.1578661574454,727.1946562605046,801.5,725.5,1.8178690058360967,0,32.187790999159915
finfet_anchored_pose-small_0211,finfet,anchored,small,high,weighted,802.1578661574454,727.1946562605046,801.5,726.5,0.9567315200045573,1,158.47520900024392
finfet_anchored_pose-small_0211,finfet,anchored,small,high,selected,802.1578661574454,727.1946562605046,801.5,726.5,0.9567315200045573,1,161.39654299877293
finfet_anchored_pose-small_0212,finfet,anchored,small,high,ncc,418.54890110349606,886.5612510036432,418.5,886.5,0.07837731413125511,1,32.4425409999094
finfet_anchored_pose-small_0212,finfet,anchored,small,high,weighted,418.54890110349606,886.5612510036432,418.5,886.5,0.07837731413125511,1,158.01433399974485
finfet_anchored_pose-small_0212,finfet,anchored,small,high,selected,418.54890110349606,886.5612510036432,418.5,886.5,0.07837731413125511,1,160.91250099998433
finfet_anchored_pose-small_0213,finfet,anchored,small,high,ncc,679.2801696305551,832.6443656586272,679.5,833.5,0.8834226154377055,1,31.979167000827147
finfet_anchored_pose-small_0213,finfet,anchored,small,high,weighted,679.2801696305551,832.6443656586272,679.5,833.5,0.8834226154377055,1,157.854208999197
finfet_anchored_pose-small_0213,finfet,anchored,small,high,selected,679.2801696305551,832.6443656586272,679.5,833.5,0.8834226154377055,1,160.76704199986125
finfet_anchored_pose-small_0214,finfet,anchored,small,high,ncc,124.45270795473118,319.89655392650025,124.5,320.5,0.6052963746529284,1,32.13954199964064
finfet_anchored_pose-small_0214,finfet,anchored,small,high,weighted,124.45270795473118,319.89655392650025,124.5,320.5,0.6052963746529284,1,158.18037499957427
finfet_anchored_pose-small_0214,finfet,anchored,small,high,selected,124.45270795473118,319.89655392650025,124.5,320.5,0.6052963746529284,1,161.0385829990264
finfet_anchored_pose-small_0215,finfet,anchored,small,high,ncc,200.35019416696434,312.54609373496976,200.5,312.5,0.1567367857746532,1,32.40125000047556
finfet_anchored_pose-small_0215,finfet,anchored,small,high,weighted,200.35019416696434,312.54609373496976,200.5,312.5,0.1567367857746532,1,157.82299999955285
finfet_anchored_pose-small_0215,finfet,anchored,small,high,selected,200.35019416696434,312.54609373496976,200.5,312.5,0.1567367857746532,1,160.70545799811953
finfet_anchored_pose-large_0216,finfet,anchored,large,low,ncc,873.7668774263648,299.00593561107536,873.5,299.5,0.5615364468194063,1,31.987458000003244
finfet_anchored_pose-large_0216,finfet,anchored,large,low,weighted,873.7668774263648,299.00593561107536,873.5,299.5,0.5615364468194063,1,159.38783299861825
finfet_anchored_pose-large_0216,finfet,anchored,large,low,selected,873.7668774263648,299.00593561107536,873.5,299.5,0.5615364468194063,1,162.23912499845028
finfet_anchored_pose-large_0217,finfet,anchored,large,low,ncc,623.0410203330567,111.96868356329836,623.5,113.5,1.5986220203600257,0,32.03491700151062
finfet_anchored_pose-large_0217,finfet,anchored,large,low,weighted,623.0410203330567,111.96868356329836,623.5,113.5,1.5986220203600257,0,157.82716700050514
finfet_anchored_pose-large_0217,finfet,anchored,large,low,selected,623.0410203330567,111.96868356329836,623.5,113.5,1.5986220203600257,0,160.6762079991313
finfet_anchored_pose-large_0218,finfet,anchored,large,low,ncc,149.8451937123697,539.8085441124008,153.5,538.5,3.8819964830227134,0,31.997292000596644
finfet_anchored_pose-large_0218,finfet,anchored,large,low,weighted,149.8451937123697,539.8085441124008,153.5,538.5,3.8819964830227134,0,157.8422499987937
finfet_anchored_pose-large_0218,finfet,anchored,large,low,selected,149.8451937123697,539.8085441124008,153.5,538.5,3.8819964830227134,0,160.7674169990787
finfet_anchored_pose-large_0219,finfet,anchored,large,low,ncc,94.62303726372397,527.4463232405518,94.5,525.5,1.9502082773326452,0,33.98558399931062
finfet_anchored_pose-large_0219,finfet,anchored,large,low,weighted,94.62303726372397,527.4463232405518,94.5,525.5,1.9502082773326452,0,163.22366600070382
finfet_anchored_pose-large_0219,finfet,anchored,large,low,selected,94.62303726372397,527.4463232405518,94.5,525.5,1.9502082773326452,0,166.09633300140558
finfet_anchored_pose-large_0220,finfet,anchored,large,low,ncc,400.9301709325213,196.02282380566078,400.5,165.5,30.525854944662868,0,32.062291998954606
finfet_anchored_pose-large_0220,finfet,anchored,large,low,weighted,400.9301709325213,196.02282380566078,400.5,165.5,30.525854944662868,0,157.64179100006004
finfet_anchored_pose-large_0220,finfet,anchored,large,low,selected,400.9301709325213,196.02282380566078,400.5,165.5,30.525854944662868,0,160.55999899981543
finfet_anchored_pose-large_0221,finfet,anchored,large,low,ncc,550.5769549465683,133.18770864154894,545.5,135.5,5.578724124372167,0,32.19308299958357
finfet_anchored_pose-large_0221,finfet,anchored,large,low,weighted,550.5769549465683,133.18770864154894,545.5,135.5,5.578724124372167,0,158.55487500084564
finfet_anchored_pose-large_0221,finfet,anchored,large,low,selected,550.5769549465683,133.18770864154894,545.5,135.5,5.578724124372167,0,161.4092920026451
finfet_anchored_pose-large_0222,finfet,anchored,large,low,ncc,757.7234674977022,494.98234246222455,757.5,495.5,0.5638324653166428,1,32.30004200122494
finfet_anchored_pose-large_0222,finfet,anchored,large,low,weighted,757.7234674977022,494.98234246222455,757.5,495.5,0.5638324653166428,1,157.55320800053596
finfet_anchored_pose-large_0222,finfet,anchored,large,low,selected,757.7234674977022,494.98234246222455,757.5,495.5,0.5638324653166428,1,160.4201660011313
finfet_anchored_pose-large_0223,finfet,anchored,large,low,ncc,904.6858266762749,291.0345514238302,904.5,291.5,0.5011725557868262,1,31.924667000566842
finfet_anchored_pose-large_0223,finfet,anchored,large,low,weighted,904.6858266762749,291.0345514238302,904.5,291.5,0.5011725557868262,1,158.9393750000454
finfet_anchored_pose-large_0223,finfet,anchored,large,low,selected,904.6858266762749,291.0345514238302,904.5,291.5,0.5011725557868262,1,161.85720800058334
finfet_anchored_pose-large_0224,finfet,anchored,large,low,ncc,825.0469581545497,657.5762191910344,825.5,657.5,0.45940861856411735,1,32.104707999678794
finfet_anchored_pose-large_0224,finfet,anchored,large,low,weighted,825.0469581545497,657.5762191910344,825.5,657.5,0.45940861856411735,1,163.05124999962572
finfet_anchored_pose-large_0224,finfet,anchored,large,low,selected,825.0469581545497,657.5762191910344,825.5,657.5,0.45940861856411735,1,165.9215409999888
finfet_anchored_pose-large_0225,finfet,anchored,large,medium,ncc,477.63814013697174,419.16921549226106,473.5,422.5,5.312092735467845,0,32.00925000055577
finfet_anchored_pose-large_0225,finfet,anchored,large,medium,weighted,477.63814013697174,419.16921549226106,473.5,422.5,5.312092735467845,0,157.8932079992228
finfet_anchored_pose-large_0225,finfet,anchored,large,medium,selected,477.63814013697174,419.16921549226106,473.5,422.5,5.312092735467845,0,160.75495799850614
finfet_anchored_pose-large_0226,finfet,anchored,large,medium,ncc,174.76560379479224,224.14664382633325,177.5,224.5,2.7571331474056526,0,31.802542000150424
finfet_anchored_pose-large_0226,finfet,anchored,large,medium,weighted,174.76560379479224,224.14664382633325,177.5,223.5,2.8098168704008972,0,157.26954099955037
finfet_anchored_pose-large_0226,finfet,anchored,large,medium,selected,174.76560379479224,224.14664382633325,177.5,223.5,2.8098168704008972,0,160.11949899984756
finfet_anchored_pose-large_0227,finfet,anchored,large,medium,ncc,575.0859012386105,353.4949830829568,575.5,355.5,2.047332562583235,0,31.993957998565747
finfet_anchored_pose-large_0227,finfet,anchored,large,medium,weighted,575.0859012386105,353.4949830829568,575.5,354.5,1.0869851828462422,0,158.23179200015147
finfet_anchored_pose-large_0227,finfet,anchored,large,medium,selected,575.0859012386105,353.4949830829568,575.5,354.5,1.0869851828462422,0,161.1288340009196
finfet_anchored_pose-large_0228,finfet,anchored,large,medium,ncc,658.9674127205811,831.0424303927442,655.5,834.5,4.8967069101455065,0,32.17200000108278
finfet_anchored_pose-large_0228,finfet,anchored,large,medium,weighted,658.9674127205811,831.0424303927442,655.5,834.5,4.8967069101455065,0,159.18929200051934
finfet_anchored_pose-large_0228,finfet,anchored,large,medium,selected,658.9674127205811,831.0424303927442,655.5,834.5,4.8967069101455065,0,162.09245900063252
finfet_anchored_pose-large_0229,finfet,anchored,large,medium,ncc,874.6698997772772,454.19882661406444,874.5,454.5,0.345790894493684,1,32.02141700057837
finfet_anchored_pose-large_0229,finfet,anchored,large,medium,weighted,874.6698997772772,454.19882661406444,874.5,454.5,0.345790894493684,1,159.26595800010546
finfet_anchored_pose-large_0229,finfet,anchored,large,medium,selected,874.6698997772772,454.19882661406444,874.5,454.5,0.345790894493684,1,162.12870799972734
finfet_anchored_pose-large_0230,finfet,anchored,large,medium,ncc,450.81336440555873,212.3350961990965,446.5,216.5,5.995959987018037,0,32.94220799944014
finfet_anchored_pose-large_0230,finfet,anchored,large,medium,weighted,450.81336440555873,212.3350961990965,446.5,215.5,5.349927902702461,0,158.60437499941327
finfet_anchored_pose-large_0230,finfet,anchored,large,medium,selected,450.81336440555873,212.3350961990965,446.5,215.5,5.349927902702461,0,161.51170799821557
finfet_anchored_pose-large_0231,finfet,anchored,large,medium,ncc,360.7716661730363,264.87639096151605,357.5,269.5,5.664058623331896,0,32.128083001225605
finfet_anchored_pose-large_0231,finfet,anchored,large,medium,weighted,360.7716661730363,264.87639096151605,357.5,269.5,5.664058623331896,0,158.3684170000197
finfet_anchored_pose-large_0231,finfet,anchored,large,medium,selected,360.7716661730363,264.87639096151605,357.5,269.5,5.664058623331896,0,161.27458400114847
finfet_anchored_pose-large_0232,finfet,anchored,large,medium,ncc,500.8355365398028,868.1608618756165,501.5,869.5,1.4949256189237319,0,32.22779200041259
finfet_anchored_pose-large_0232,finfet,anchored,large,medium,weighted,500.8355365398028,868.1608618756165,500.5,867.5,0.7411634018124742,1,158.275458999924
finfet_anchored_pose-large_0232,finfet,anchored,large,medium,selected,500.8355365398028,868.1608618756165,500.5,867.5,0.7411634018124742,1,161.17120900162263
finfet_anchored_pose-large_0233,finfet,anchored,large,medium,ncc,861.96733460045,329.4843837499367,861.5,329.5,0.4675954405721283,1,32.47274999921501
finfet_anchored_pose-large_0233,finfet,anchored,large,medium,weighted,861.96733460045,329.4843837499367,861.5,329.5,0.4675954405721283,1,158.34395899946685
finfet_anchored_pose-large_0233,finfet,anchored,large,medium,selected,861.96733460045,329.4843837499367,861.5,329.5,0.4675954405721283,1,161.2223760002962
finfet_anchored_pose-large_0234,finfet,anchored,large,high,ncc,856.4786023262826,564.8930173236533,860.5,567.5,4.792493914962357,0,31.995125000321423
finfet_anchored_pose-large_0234,finfet,anchored,large,high,weighted,856.4786023262826,564.8930173236533,852.5,566.5,4.290882169528743,0,159.9940409996634
finfet_anchored_pose-large_0234,finfet,anchored,large,high,selected,856.4786023262826,564.8930173236533,852.5,566.5,4.290882169528743,0,162.87287399973138
finfet_anchored_pose-large_0235,finfet,anchored,large,high,ncc,366.65560767136907,457.2121340381944,366.5,457.5,0.32723166007458937,1,32.45704100118019
finfet_anchored_pose-large_0235,finfet,anchored,large,high,weighted,366.65560767136907,457.2121340381944,366.5,457.5,0.32723166007458937,1,159.74137500052166
finfet_anchored_pose-large_0235,finfet,anchored,large,high,selected,366.65560767136907,457.2121340381944,366.5,457.5,0.32723166007458937,1,162.7188330003264
finfet_anchored_pose-large_0236,finfet,anchored,large,high,ncc,113.15602133138503,384.92074893659105,113.5,384.5,0.5434620429290593,1,33.31091700056277
finfet_anchored_pose-large_0236,finfet,anchored,large,high,weighted,113.15602133138503,384.92074893659105,113.5,384.5,0.5434620429290593,1,158.2933330009837
finfet_anchored_pose-large_0236,finfet,anchored,large,high,selected,113.15602133138503,384.92074893659105,113.5,384.5,0.5434620429290593,1,161.15720800189592
finfet_anchored_pose-large_0237,finfet,anchored,large,high,ncc,281.80229777747707,535.259272869632,277.5,538.5,5.386286150919501,0,32.045000001744484
finfet_anchored_pose-large_0237,finfet,anchored,large,high,weighted,281.80229777747707,535.259272869632,277.5,532.5,5.111100951377441,0,157.5072089999594
finfet_anchored_pose-large_0237,finfet,anchored,large,high,selected,281.80229777747707,535.259272869632,277.5,532.5,5.111100951377441,0,160.41329199833854
finfet_anchored_pose-large_0238,finfet,anchored,large,high,ncc,374.38915885042104,337.95630908920185,377.5,335.5,3.9636835140572684,0,32.451000000946806
finfet_anchored_pose-large_0238,finfet,anchored,large,high,weighted,374.38915885042104,337.95630908920185,377.5,335.5,3.9636835140572684,0,157.81912499915052
finfet_anchored_pose-large_0238,finfet,anchored,large,high,selected,374.38915885042104,337.95630908920185,377.5,335.5,3.9636835140572684,0,160.67587500037916
finfet_anchored_pose-large_0239,finfet,anchored,large,high,ncc,784.1951847966088,322.6315689423991,784.5,323.5,0.9203721041101914,1,32.05254100066668
finfet_anchored_pose-large_0239,finfet,anchored,large,high,weighted,784.1951847966088,322.6315689423991,784.5,323.5,0.9203721041101914,1,157.781709000119
finfet_anchored_pose-large_0239,finfet,anchored,large,high,selected,784.1951847966088,322.6315689423991,784.5,323.5,0.9203721041101914,1,160.65850099948875
finfet_anchored_pose-large_0240,finfet,anchored,large,high,ncc,509.6172498340654,410.39582028240636,509.5,410.5,0.15684685889825273,1,32.273875000100816
finfet_anchored_pose-large_0240,finfet,anchored,large,high,weighted,509.6172498340654,410.39582028240636,509.5,410.5,0.15684685889825273,1,157.4222090002877
finfet_anchored_pose-large_0240,finfet,anchored,large,high,selected,509.6172498340654,410.39582028240636,509.5,410.5,0.15684685889825273,1,160.3132510008436
finfet_anchored_pose-large_0241,finfet,anchored,large,high,ncc,379.36524178784515,914.15096650371,382.5,918.5,5.361044804935355,0,31.79433400146081
finfet_anchored_pose-large_0241,finfet,anchored,large,high,weighted,379.36524178784515,914.15096650371,382.5,918.5,5.361044804935355,0,159.4636250010808
finfet_anchored_pose-large_0241,finfet,anchored,large,high,selected,379.36524178784515,914.15096650371,382.5,918.5,5.361044804935355,0,162.4462500003574
finfet_anchored_pose-large_0242,finfet,anchored,large,high,ncc,338.59747687160115,361.38263776882224,338.5,361.5,0.15256354021904878,1,33.246875000259024
finfet_anchored_pose-large_0242,finfet,anchored,large,high,weighted,338.59747687160115,361.38263776882224,338.5,361.5,0.15256354021904878,1,159.11154199966404
finfet_anchored_pose-large_0242,finfet,anchored,large,high,selected,338.59747687160115,361.38263776882224,338.5,361.5,0.15256354021904878,1,161.9960420011921
finfet_unanchored_pose-none_0243,finfet,unanchored,none,low,ncc,788.7501342508828,673.0813589813914,255.5,309.5,645.404609742865,0,32.32537499934551
finfet_unanchored_pose-none_0243,finfet,unanchored,none,low,weighted,788.7501342508828,673.0813589813914,255.5,309.5,645.404609742865,0,158.42595799949777
finfet_unanchored_pose-none_0243,finfet,unanchored,none,low,selected,788.7501342508828,673.0813589813914,255.5,309.5,645.404609742865,0,161.29462500066438
finfet_unanchored_pose-none_0244,finfet,unanchored,none,low,ncc,414.21733536372295,678.5398937360881,66.5,718.5,350.00593624261705,0,31.801708000784856
finfet_unanchored_pose-none_0244,finfet,unanchored,none,low,weighted,414.21733536372295,678.5398937360881,66.5,638.5,350.015054537437,0,157.71999999924446
finfet_unanchored_pose-none_0244,finfet,unanchored,none,low,selected,414.21733536372295,678.5398937360881,66.5,638.5,350.015054537437,0,160.56770800059894
finfet_unanchored_pose-none_0245,finfet,unanchored,none,low,ncc,816.34204276263,628.7653709069572,236.5,168.5,740.3114251524546,0,32.23824999986391
finfet_unanchored_pose-none_0245,finfet,unanchored,none,low,weighted,816.34204276263,628.7653709069572,74.5,522.5,749.4144016925648,0,162.45374999925843
finfet_unanchored_pose-none_0245,finfet,unanchored,none,low,selected,816.34204276263,628.7653709069572,74.5,522.5,749.4144016925648,0,165.44195799906447
finfet_unanchored_pose-none_0246,finfet,unanchored,none,low,ncc,362.9360011420558,87.12481783548235,113.5,396.5,397.40573977368285,0,32.12070900008257
finfet_unanchored_pose-none_0246,finfet,unanchored,none,low,weighted,362.9360011420558,87.12481783548235,113.5,396.5,397.40573977368285,0,159.89645899935567
finfet_unanchored_pose-none_0246,finfet,unanchored,none,low,selected,362.9360011420558,87.12481783548235,113.5,396.5,397.40573977368285,0,162.89637599948037
finfet_unanchored_pose-none_0247,finfet,unanchored,none,low,ncc,438.6681894233458,883.1269290791691,729.5,698.5,344.4854786264574,0,32.391374999861
finfet_unanchored_pose-none_0247,finfet,unanchored,none,low,weighted,438.6681894233458,883.1269290791691,729.5,698.5,344.4854786264574,0,158.99537499899452
finfet_unanchored_pose-none_0247,finfet,unanchored,none,low,selected,438.6681894233458,883.1269290791691,729.5,698.5,344.4854786264574,0,161.84899999825575
finfet_unanchored_pose-none_0248,finfet,unanchored,none,low,ncc,556.9354231078262,482.45463774931056,50.5,814.5,605.5831572712326,0,31.91624999999476
finfet_unanchored_pose-none_0248,finfet,unanchored,none,low,weighted,556.9354231078262,482.45463774931056,50.5,814.5,605.5831572712326,0,157.84725000048638
finfet_unanchored_pose-none_0248,finfet,unanchored,none,low,selected,556.9354231078262,482.45463774931056,50.5,814.5,605.5831572712326,0,160.72924999934912
finfet_unanchored_pose-none_0249,finfet,unanchored,none,low,ncc,775.3620174747427,753.8819924481694,444.5,888.5,357.19977962574626,0,32.28375000071537
finfet_unanchored_pose-none_0249,finfet,unanchored,none,low,weighted,775.3620174747427,753.8819924481694,909.5,888.5,190.03948619476674,0,158.32920799948624
finfet_unanchored_pose-none_0249,finfet,unanchored,none,low,selected,775.3620174747427,753.8819924481694,909.5,888.5,190.03948619476674,0,161.20116599813628
finfet_unanchored_pose-none_0250,finfet,unanchored,none,low,ncc,594.6677633591017,842.9611806374041,464.5,162.5,692.7994406553465,0,31.912958998873364
finfet_unanchored_pose-none_0250,finfet,unanchored,none,low,weighted,594.6677633591017,842.9611806374041,464.5,162.5,692.7994406553465,0,157.94199999982084
finfet_unanchored_pose-none_0250,finfet,unanchored,none,low,selected,594.6677633591017,842.9611806374041,464.5,162.5,692.7994406553465,0,160.8315829998901
finfet_unanchored_pose-none_0251,finfet,unanchored,none,low,ncc,448.1655519787194,260.14136931034955,603.5,355.5,182.26919429536377,0,34.64654200070072
finfet_unanchored_pose-none_0251,finfet,unanchored,none,low,weighted,448.1655519787194,260.14136931034955,603.5,355.5,182.26919429536377,0,177.84029100039334
finfet_unanchored_pose-none_0251,finfet,unanchored,none,low,selected,448.1655519787194,260.14136931034955,603.5,355.5,182.26919429536377,0,181.1200819993246
finfet_unanchored_pose-none_0252,finfet,unanchored,none,medium,ncc,772.7360006198239,401.99426422707336,753.5,754.5,353.0301934291998,0,34.391499999401276
finfet_unanchored_pose-none_0252,finfet,unanchored,none,medium,weighted,772.7360006198239,401.99426422707336,753.5,754.5,353.0301934291998,0,163.24504099975456
finfet_unanchored_pose-none_0252,finfet,unanchored,none,medium,selected,772.7360006198239,401.99426422707336,753.5,754.5,353.0301934291998,0,166.22287499922095
finfet_unanchored_pose-none_0253,finfet,unanchored,none,medium,ncc,157.6108805597579,727.2261238408676,85.5,895.5,183.0739645409,0,33.0395419987326
finfet_unanchored_pose-none_0253,finfet,unanchored,none,medium,weighted,157.6108805597579,727.2261238408676,85.5,323.5,410.1155473359614,0,161.6293749993929
finfet_unanchored_pose-none_0253,finfet,unanchored,none,medium,selected,157.6108805597579,727.2261238408676,85.5,323.5,410.1155473359614,0,164.7432089994254
finfet_unanchored_pose-none_0254,finfet,unanchored,none,medium,ncc,220.74107386656573,466.7599374772395,473.5,359.5,274.57561604728886,0,33.08787499918253
finfet_unanchored_pose-none_0254,finfet,unanchored,none,medium,weighted,220.74107386656573,466.7599374772395,473.5,359.5,274.57561604728886,0,160.4034160009178
finfet_unanchored_pose-none_0254,finfet,unanchored,none,medium,selected,220.74107386656573,466.7599374772395,473.5,359.5,274.57561604728886,0,163.29891600071278
finfet_unanchored_pose-none_0255,finfet,unanchored,none,medium,ncc,783.5077007488604,96.40526286351994,131.5,875.5,1015.9245303021168,0,32.386000000769855
finfet_unanchored_pose-none_0255,finfet,unanchored,none,medium,weighted,783.5077007488604,96.40526286351994,131.5,875.5,1015.9245303021168,0,160.42779199960933
finfet_unanchored_pose-none_0255,finfet,unanchored,none,medium,selected,783.5077007488604,96.40526286351994,131.5,875.5,1015.9245303021168,0,163.45845899923006
finfet_unanchored_pose-none_0256,finfet,unanchored,none,medium,ncc,541.1372654309661,555.0010579981721,897.5,226.5,484.6724086384928,0,32.83874999942782
finfet_unanchored_pose-none_0256,finfet,unanchored,none,medium,weighted,541.1372654309661,555.0010579981721,897.5,226.5,484.6724086384928,0,171.13258299832523
finfet_unanchored_pose-none_0256,finfet,unanchored,none,medium,selected,541.1372654309661,555.0010579981721,897.5,226.5,484.6724086384928,0,174.3177079988527
finfet_unanchored_pose-none_0257,finfet,unanchored,none,medium,ncc,451.4409546159809,173.3232066986699,800.5,817.5,732.6704294513238,0,34.628040999450604
finfet_unanchored_pose-none_0257,finfet,unanchored,none,medium,weighted,451.4409546159809,173.3232066986699,800.5,817.5,732.6704294513238,0,159.28708300089056
finfet_unanchored_pose-none_0257,finfet,unanchored,none,medium,selected,451.4409546159809,173.3232066986699,800.5,817.5,732.6704294513238,0,162.19816600096237
finfet_unanchored_pose-none_0258,finfet,unanchored,none,medium,ncc,679.1406618454396,200.52493870650238,812.5,585.5,407.41933053176876,0,33.01029199974437
finfet_unanchored_pose-none_0258,finfet,unanchored,none,medium,weighted,679.1406618454396,200.52493870650238,812.5,585.5,407.41933053176876,0,160.9327080004732
finfet_unanchored_pose-none_0258,finfet,unanchored,none,medium,selected,679.1406618454396,200.52493870650238,812.5,585.5,407.41933053176876,0,163.85270800128637
finfet_unanchored_pose-none_0259,finfet,unanchored,none,medium,ncc,824.7113122363284,348.7432147646306,430.5,587.5,460.87673101493885,0,32.69045900015044
finfet_unanchored_pose-none_0259,finfet,unanchored,none,medium,weighted,824.7113122363284,348.7432147646306,430.5,587.5,460.87673101493885,0,166.11249999914435
finfet_unanchored_pose-none_0259,finfet,unanchored,none,medium,selected,824.7113122363284,348.7432147646306,430.5,587.5,460.87673101493885,0,169.15024999798334
finfet_unanchored_pose-none_0260,finfet,unanchored,none,medium,ncc,532.7435465559245,415.0593287690971,780.5,555.5,284.7926304506016,0,33.709958001054474
finfet_unanchored_pose-none_0260,finfet,unanchored,none,medium,weighted,532.7435465559245,415.0593287690971,780.5,555.5,284.7926304506016,0,164.42516699862608
finfet_unanchored_pose-none_0260,finfet,unanchored,none,medium,selected,532.7435465559245,415.0593287690971,780.5,555.5,284.7926304506016,0,167.60645899739757
finfet_unanchored_pose-none_0261,finfet,unanchored,none,high,ncc,282.09875311428283,423.89022778736575,193.5,868.5,453.35150667046,0,33.564916000614176
finfet_unanchored_pose-none_0261,finfet,unanchored,none,high,weighted,282.09875311428283,423.89022778736575,193.5,868.5,453.35150667046,0,162.2553750003135
finfet_unanchored_pose-none_0261,finfet,unanchored,none,high,selected,282.09875311428283,423.89022778736575,193.5,868.5,453.35150667046,0,165.16845899968757
finfet_unanchored_pose-none_0262,finfet,unanchored,none,high,ncc,390.05370161222123,178.0568476684235,203.5,914.5,759.7044163365719,0,32.5808750003489
finfet_unanchored_pose-none_0262,finfet,unanchored,none,high,weighted,390.05370161222123,178.0568476684235,659.5,423.5,364.4772266429514,0,158.26583400121308
finfet_unanchored_pose-none_0262,finfet,unanchored,none,high,selected,390.05370161222123,178.0568476684235,659.5,423.5,364.4772266429514,0,161.1854590009898
finfet_unanchored_pose-none_0263,finfet,unanchored,none,high,ncc,801.9266501279836,502.2678797037706,581.5,885.5,442.10266467573814,0,33.076916999561945
finfet_unanchored_pose-none_0263,finfet,unanchored,none,high,weighted,801.9266501279836,502.2678797037706,581.5,885.5,442.10266467573814,0,158.77529099998355
finfet_unanchored_pose-none_0263,finfet,unanchored,none,high,selected,801.9266501279836,502.2678797037706,581.5,885.5,442.10266467573814,0,161.6589160003059
finfet_unanchored_pose-none_0264,finfet,unanchored,none,high,ncc,383.04349752189967,246.61164936262077,949.5,835.5,817.1061489893067,0,32.560457999352366
finfet_unanchored_pose-none_0264,finfet,unanchored,none,high,weighted,383.04349752189967,246.61164936262077,949.5,835.5,817.1061489893067,0,166.4960420002899
finfet_unanchored_pose-none_0264,finfet,unanchored,none,high,selected,383.04349752189967,246.61164936262077,949.5,835.5,817.1061489893067,0,169.501708001917
finfet_unanchored_pose-none_0265,finfet,unanchored,none,high,ncc,395.50042690231544,903.7359483958741,266.5,564.5,362.93544718727566,0,32.84541599896329
finfet_unanchored_pose-none_0265,finfet,unanchored,none,high,weighted,395.50042690231544,903.7359483958741,266.5,564.5,362.93544718727566,0,161.31241700168175
finfet_unanchored_pose-none_0265,finfet,unanchored,none,high,selected,395.50042690231544,903.7359483958741,266.5,564.5,362.93544718727566,0,164.3037510020804
finfet_unanchored_pose-none_0266,finfet,unanchored,none,high,ncc,123.35636762973239,886.8774316074823,276.5,243.5,661.3527739696873,0,32.57354200104601
finfet_unanchored_pose-none_0266,finfet,unanchored,none,high,weighted,123.35636762973239,886.8774316074823,611.5,806.5,494.7168254016175,0,159.0377909997187
finfet_unanchored_pose-none_0266,finfet,unanchored,none,high,selected,123.35636762973239,886.8774316074823,611.5,806.5,494.7168254016175,0,161.97462399941287
finfet_unanchored_pose-none_0267,finfet,unanchored,none,high,ncc,769.629935963424,526.5560607118101,554.5,678.5,263.3777705768656,0,32.57366599973466
finfet_unanchored_pose-none_0267,finfet,unanchored,none,high,weighted,769.629935963424,526.5560607118101,554.5,678.5,263.3777705768656,0,157.53912499894795
finfet_unanchored_pose-none_0267,finfet,unanchored,none,high,selected,769.629935963424,526.5560607118101,554.5,678.5,263.3777705768656,0,160.41658299764094
finfet_unanchored_pose-none_0268,finfet,unanchored,none,high,ncc,699.0313305907761,789.2067790050495,360.5,715.5,346.4623371491633,0,32.152875000974745
finfet_unanchored_pose-none_0268,finfet,unanchored,none,high,weighted,699.0313305907761,789.2067790050495,360.5,715.5,346.4623371491633,0,158.7272500000836
finfet_unanchored_pose-none_0268,finfet,unanchored,none,high,selected,699.0313305907761,789.2067790050495,360.5,715.5,346.4623371491633,0,161.65587499926914
finfet_unanchored_pose-none_0269,finfet,unanchored,none,high,ncc,347.6380334101823,446.4013880708359,854.5,780.5,607.067488561438,0,32.553167000514804
finfet_unanchored_pose-none_0269,finfet,unanchored,none,high,weighted,347.6380334101823,446.4013880708359,854.5,70.5,631.0395445048422,0,159.5546660009859
finfet_unanchored_pose-none_0269,finfet,unanchored,none,high,selected,347.6380334101823,446.4013880708359,854.5,70.5,631.0395445048422,0,165.0677910001832
finfet_unanchored_pose-small_0270,finfet,unanchored,small,low,ncc,897.0244759782623,285.47040459766964,885.5,204.5,81.78642899212477,0,32.40662500138569
finfet_unanchored_pose-small_0270,finfet,unanchored,small,low,weighted,897.0244759782623,285.47040459766964,817.5,408.5,146.49376650382885,0,159.73549999944225
finfet_unanchored_pose-small_0270,finfet,unanchored,small,low,selected,897.0244759782623,285.47040459766964,817.5,408.5,146.49376650382885,0,162.6677499989455
finfet_unanchored_pose-small_0271,finfet,unanchored,small,low,ncc,425.2103383698497,388.2765988529258,624.5,679.5,352.88445503922316,0,32.463499999721535
finfet_unanchored_pose-small_0271,finfet,unanchored,small,low,weighted,425.2103383698497,388.2765988529258,891.5,582.5,505.12253770377083,0,169.18616600014502
finfet_unanchored_pose-small_0271,finfet,unanchored,small,low,selected,425.2103383698497,388.2765988529258,891.5,582.5,505.12253770377083,0,172.37633299919253
finfet_unanchored_pose-small_0272,finfet,unanchored,small,low,ncc,919.0948920751111,718.8804349113835,460.5,904.5,494.73619028838993,0,34.40020800007915
finfet_unanchored_pose-small_0272,finfet,unanchored,small,low,weighted,919.0948920751111,718.8804349113835,460.5,904.5,494.73619028838993,0,159.62274999947113
finfet_unanchored_pose-small_0272,finfet,unanchored,small,low,selected,919.0948920751111,718.8804349113835,460.5,904.5,494.73619028838993,0,162.6081249996787
finfet_unanchored_pose-small_0273,finfet,unanchored,small,low,ncc,377.676099664748,266.61972761638594,121.5,898.5,681.8349306591979,0,32.41412500028673
finfet_unanchored_pose-small_0273,finfet,unanchored,small,low,weighted,377.676099664748,266.61972761638594,121.5,898.5,681.8349306591979,0,158.90424999997776
finfet_unanchored_pose-small_0273,finfet,unanchored,small,low,selected,377.676099664748,266.61972761638594,121.5,898.5,681.8349306591979,0,161.79404099966632
finfet_unanchored_pose-small_0274,finfet,unanchored,small,low,ncc,507.7878243629424,326.2670441235233,388.5,78.5,274.98744188590166,0,32.22845799973584
finfet_unanchored_pose-small_0274,finfet,unanchored,small,low,weighted,507.7878243629424,326.2670441235233,371.5,79.5,281.9013038902891,0,158.21179200065671
finfet_unanchored_pose-small_0274,finfet,unanchored,small,low,selected,507.7878243629424,326.2670441235233,371.5,79.5,281.9013038902891,0,161.11158400053682
finfet_unanchored_pose-small_0275,finfet,unanchored,small,low,ncc,486.39210082047674,410.25958982689906,229.5,458.5,261.3822653464213,0,32.10166700046102
finfet_unanchored_pose-small_0275,finfet,unanchored,small,low,weighted,486.39210082047674,410.25958982689906,229.5,458.5,261.3822653464213,0,158.9150839990907
finfet_unanchored_pose-small_0275,finfet,unanchored,small,low,selected,486.39210082047674,410.25958982689906,229.5,458.5,261.3822653464213,0,161.87224999885075
finfet_unanchored_pose-small_0276,finfet,unanchored,small,low,ncc,317.8014567040721,710.6420457752567,49.5,155.5,616.5779453216473,0,33.371166999131674
finfet_unanchored_pose-small_0276,finfet,unanchored,small,low,weighted,317.8014567040721,710.6420457752567,49.5,155.5,616.5779453216473,0,159.0101659985521
finfet_unanchored_pose-small_0276,finfet,unanchored,small,low,selected,317.8014567040721,710.6420457752567,49.5,155.5,616.5779453216473,0,161.9585829994321
finfet_unanchored_pose-small_0277,finfet,unanchored,small,low,ncc,383.0680587420789,311.309768390762,532.5,63.5,289.3779300119376,0,32.58254100001068
finfet_unanchored_pose-small_0277,finfet,unanchored,small,low,weighted,383.0680587420789,311.309768390762,532.5,63.5,289.3779300119376,0,159.48616700006824
finfet_unanchored_pose-small_0277,finfet,unanchored,small,low,selected,383.0680587420789,311.309768390762,532.5,63.5,289.3779300119376,0,162.36816700074996
finfet_unanchored_pose-small_0278,finfet,unanchored,small,low,ncc,209.23369066405832,848.7131684863679,287.5,576.5,283.24128278634987,0,32.361166000555386
finfet_unanchored_pose-small_0278,finfet,unanchored,small,low,weighted,209.23369066405832,848.7131684863679,258.5,574.5,278.6037167858998,0,158.69129199927556
finfet_unanchored_pose-small_0278,finfet,unanchored,small,low,selected,209.23369066405832,848.7131684863679,258.5,574.5,278.6037167858998,0,161.55845899993437
finfet_unanchored_pose-small_0279,finfet,unanchored,small,medium,ncc,697.5530996737625,664.3467426143776,294.5,116.5,680.1381143192991,0,31.9143750002695
finfet_unanchored_pose-small_0279,finfet,unanchored,small,medium,weighted,697.5530996737625,664.3467426143776,309.5,117.5,670.5419957574398,0,158.8702919998468
finfet_unanchored_pose-small_0279,finfet,unanchored,small,medium,selected,697.5530996737625,664.3467426143776,309.5,117.5,670.5419957574398,0,161.76495800027624
finfet_unanchored_pose-small_0280,finfet,unanchored,small,medium,ncc,161.84881863010852,542.6534782778737,786.5,384.5,644.3614056398714,0,32.365417000619345
finfet_unanchored_pose-small_0280,finfet,unanchored,small,medium,weighted,161.84881863010852,542.6534782778737,786.5,384.5,644.3614056398714,0,159.27208399989468
finfet_unanchored_pose-small_0280,finfet,unanchored,small,medium,selected,161.84881863010852,542.6534782778737,786.5,384.5,644.3614056398714,0,162.25137600122252
finfet_unanchored_pose-small_0281,finfet,unanchored,small,medium,ncc,693.8328067907873,347.9824079840674,443.5,95.5,355.54729713103814,0,32.59724999952596
finfet_unanchored_pose-small_0281,finfet,unanchored,small,medium,weighted,693.8328067907873,347.9824079840674,76.5,771.5,748.6434031547767,0,161.62637500019628
finfet_unanchored_pose-small_0281,finfet,unanchored,small,medium,selected,693.8328067907873,347.9824079840674,76.5,771.5,748.6434031547767,0,164.68141699988337
finfet_unanchored_pose-small_0282,finfet,unanchored,small,medium,ncc,306.3412721925914,185.85121594262742,194.5,188.5,111.87263393091231,0,32.759749999968335
finfet_unanchored_pose-small_0282,finfet,unanchored,small,medium,weighted,306.3412721925914,185.85121594262742,194.5,188.5,111.87263393091231,0,158.42274999886286
finfet_unanchored_pose-small_0282,finfet,unanchored,small,medium,selected,306.3412721925914,185.85121594262742,194.5,188.5,111.87263393091231,0,161.3322089997382
finfet_unanchored_pose-small_0283,finfet,unanchored,small,medium,ncc,831.9927966015174,484.34907117958176,949.5,217.5,291.5756670916451,0,32.37670799899206
finfet_unanchored_pose-small_0283,finfet,unanchored,small,medium,weighted,831.9927966015174,484.34907117958176,949.5,217.5,291.5756670916451,0,159.12175000084972
finfet_unanchored_pose-small_0283,finfet,unanchored,small,medium,selected,831.9927966015174,484.34907117958176,949.5,217.5,291.5756670916451,0,162.13425000023562
finfet_unanchored_pose-small_0284,finfet,unanchored,small,medium,ncc,172.3015677019312,658.7359482556418,199.5,621.5,46.111501406584736,0,32.504499999049585
finfet_unanchored_pose-small_0284,finfet,unanchored,small,medium,weighted,172.3015677019312,658.7359482556418,199.5,621.5,46.111501406584736,0,158.8343330004136
finfet_unanchored_pose-small_0284,finfet,unanchored,small,medium,selected,172.3015677019312,658.7359482556418,199.5,621.5,46.111501406584736,0,161.72549900147715
finfet_unanchored_pose-small_0285,finfet,unanchored,small,medium,ncc,411.6590131501514,721.3666845196258,866.5,145.5,733.8274740415286,0,32.930041999861714
finfet_unanchored_pose-small_0285,finfet,unanchored,small,medium,weighted,411.6590131501514,721.3666845196258,866.5,146.5,733.0429921151494,0,162.59974999957194
finfet_unanchored_pose-small_0285,finfet,unanchored,small,medium,selected,411.6590131501514,721.3666845196258,866.5,146.5,733.0429921151494,0,165.49291699993773
finfet_unanchored_pose-small_0286,finfet,unanchored,small,medium,ncc,113.07133891183756,220.24033212832956,403.5,862.5,704.8732426160686,0,32.35520800080849
finfet_unanchored_pose-small_0286,finfet,unanchored,small,medium,weighted,113.07133891183756,220.24033212832956,388.5,863.5,699.7456306824571,0,159.750457998598
finfet_unanchored_pose-small_0286,finfet,unanchored,small,medium,selected,113.07133891183756,220.24033212832956,388.5,863.5,699.7456306824571,0,162.62908299904666
finfet_unanchored_pose-small_0287,finfet,unanchored,small,medium,ncc,305.2259867739516,396.17344649891953,355.5,730.5,338.08537498945986,0,32.51208299843711
finfet_unanchored_pose-small_0287,finfet,unanchored,small,medium,weighted,305.2259867739516,396.17344649891953,355.5,730.5,338.08537498945986,0,158.71966699887707
finfet_unanchored_pose-small_0287,finfet,unanchored,small,medium,selected,305.2259867739516,396.17344649891953,355.5,730.5,338.08537498945986,0,161.61141699922155
finfet_unanchored_pose-small_0288,finfet,unanchored,small,high,ncc,873.3608770855489,301.98336433378313,352.5,551.5,577.5418640691901,0,32.41662500113307
finfet_unanchored_pose-small_0288,finfet,unanchored,small,high,weighted,873.3608770855489,301.98336433378313,784.5,391.5,126.13280119545126,0,158.93233399947349
finfet_unanchored_pose-small_0288,finfet,unanchored,small,high,selected,873.3608770855489,301.98336433378313,784.5,391.5,126.13280119545126,0,161.86425099840562
finfet_unanchored_pose-small_0289,finfet,unanchored,small,high,ncc,152.49282458926774,746.438291437216,715.5,450.5,636.047601915729,0,32.18820800066169
finfet_unanchored_pose-small_0289,finfet,unanchored,small,high,weighted,152.49282458926774,746.438291437216,715.5,450.5,636.047601915729,0,158.4616250002
finfet_unanchored_pose-small_0289,finfet,unanchored,small,high,selected,152.49282458926774,746.438291437216,715.5,450.5,636.047601915729,0,161.37549999984913
finfet_unanchored_pose-small_0290,finfet,unanchored,small,high,ncc,383.21690465021413,149.50669835917773,605.5,564.5,470.77512135310684,0,33.48783399997046
finfet_unanchored_pose-small_0290,finfet,unanchored,small,high,weighted,383.21690465021413,149.50669835917773,491.5,122.5,111.60013662533945,0,162.26158300014504
finfet_unanchored_pose-small_0290,finfet,unanchored,small,high,selected,383.21690465021413,149.50669835917773,491.5,122.5,111.60013662533945,0,165.1919160012767
finfet_unanchored_pose-small_0291,finfet,unanchored,small,high,ncc,649.1369855504389,691.866925657019,362.5,335.5,457.33811036002436,0,32.69645799991849
finfet_unanchored_pose-small_0291,finfet,unanchored,small,high,weighted,649.1369855504389,691.866925657019,362.5,335.5,457.33811036002436,0,163.3959170012531
finfet_unanchored_pose-small_0291,finfet,unanchored,small,high,selected,649.1369855504389,691.866925657019,362.5,335.5,457.33811036002436,0,166.35525100173254
finfet_unanchored_pose-small_0292,finfet,unanchored,small,high,ncc,225.4959410320869,291.6353001500851,513.5,849.5,627.8211220727038,0,32.67374999995809
finfet_unanchored_pose-small_0292,finfet,unanchored,small,high,weighted,225.4959410320869,291.6353001500851,513.5,849.5,627.8211220727038,0,159.35012499903678
finfet_unanchored_pose-small_0292,finfet,unanchored,small,high,selected,225.4959410320869,291.6353001500851,513.5,849.5,627.8211220727038,0,162.22862499853363
finfet_unanchored_pose-small_0293,finfet,unanchored,small,high,ncc,668.1534735496496,124.6377424004678,540.5,593.5,485.9292396127456,0,32.21912499975588
finfet_unanchored_pose-small_0293,finfet,unanchored,small,high,weighted,668.1534735496496,124.6377424004678,540.5,593.5,485.9292396127456,0,158.98529200057965
finfet_unanchored_pose-small_0293,finfet,unanchored,small,high,selected,668.1534735496496,124.6377424004678,540.5,593.5,485.9292396127456,0,161.8905840005027
finfet_unanchored_pose-small_0294,finfet,unanchored,small,high,ncc,193.6941567887354,80.19639667636534,75.5,123.5,125.87716536294765,0,33.4841250005411
finfet_unanchored_pose-small_0294,finfet,unanchored,small,high,weighted,193.6941567887354,80.19639667636534,75.5,123.5,125.87716536294765,0,163.76883299926703
finfet_unanchored_pose-small_0294,finfet,unanchored,small,high,selected,193.6941567887354,80.19639667636534,75.5,123.5,125.87716536294765,0,166.69270800048253
finfet_unanchored_pose-small_0295,finfet,unanchored,small,high,ncc,414.18799509934667,234.29417555263078,49.5,845.5,711.7372363505856,0,33.37933299917495
finfet_unanchored_pose-small_0295,finfet,unanchored,small,high,weighted,414.18799509934667,234.29417555263078,49.5,845.5,711.7372363505856,0,160.90308300044853
finfet_unanchored_pose-small_0295,finfet,unanchored,small,high,selected,414.18799509934667,234.29417555263078,49.5,845.5,711.7372363505856,0,163.94916600074794
finfet_unanchored_pose-small_0296,finfet,unanchored,small,high,ncc,868.4780698459764,465.9351000084448,591.5,714.5,372.15770942359154,0,32.54399999968882
finfet_unanchored_pose-small_0296,finfet,unanchored,small,high,weighted,868.4780698459764,465.9351000084448,591.5,714.5,372.15770942359154,0,163.37175000080606
finfet_unanchored_pose-small_0296,finfet,unanchored,small,high,selected,868.4780698459764,465.9351000084448,591.5,714.5,372.15770942359154,0,166.52137500022945
finfet_unanchored_pose-large_0297,finfet,unanchored,large,low,ncc,682.8804284399964,139.46843945258527,447.5,730.5,636.1778459328089,0,34.062999999150634
finfet_unanchored_pose-large_0297,finfet,unanchored,large,low,weighted,682.8804284399964,139.46843945258527,352.5,735.5,681.4725589961654,0,163.17554200031736
finfet_unanchored_pose-large_0297,finfet,unanchored,large,low,selected,682.8804284399964,139.46843945258527,352.5,735.5,681.4725589961654,0,166.12491700107057
finfet_unanchored_pose-large_0298,finfet,unanchored,large,low,ncc,584.2588426905315,230.4021564403012,551.5,600.5,371.54482311285443,0,32.60095900077431
finfet_unanchored_pose-large_0298,finfet,unanchored,large,low,weighted,584.2588426905315,230.4021564403012,551.5,600.5,371.54482311285443,0,162.07512500113808
finfet_unanchored_pose-large_0298,finfet,unanchored,large,low,selected,584.2588426905315,230.4021564403012,551.5,600.5,371.54482311285443,0,165.00770900165662
finfet_unanchored_pose-large_0299,finfet,unanchored,large,low,ncc,730.3596741073108,539.2025750477455,638.5,135.5,414.021700913469,0,32.054499999503605
finfet_unanchored_pose-large_0299,finfet,unanchored,large,low,weighted,730.3596741073108,539.2025750477455,331.5,846.5,503.5084378749542,0,159.72845900068933
finfet_unanchored_pose-large_0299,finfet,unanchored,large,low,selected,730.3596741073108,539.2025750477455,331.5,846.5,503.5084378749542,0,162.67120900010923
finfet_unanchored_pose-large_0300,finfet,unanchored,large,low,ncc,201.24843502060867,92.44834683995239,457.5,447.5,437.86589381461306,0,39.923583000927465
finfet_unanchored_pose-large_0300,finfet,unanchored,large,low,weighted,201.24843502060867,92.44834683995239,416.5,451.5,418.63029735440824,0,169.94887500004552
finfet_unanchored_pose-large_0300,finfet,unanchored,large,low,selected,201.24843502060867,92.44834683995239,416.5,451.5,418.63029735440824,0,172.99774999992223
finfet_unanchored_pose-large_0301,finfet,unanchored,large,low,ncc,193.18621474972966,767.2945135402426,410.5,555.5,303.4504856241766,0,33.22850000040489
finfet_unanchored_pose-large_0301,finfet,unanchored,large,low,weighted,193.18621474972966,767.2945135402426,663.5,70.5,840.6650050384046,0,159.05387500060897
finfet_unanchored_pose-large_0301,finfet,unanchored,large,low,selected,193.18621474972966,767.2945135402426,663.5,70.5,840.6650050384046,0,161.95362500002375
finfet_unanchored_pose-large_0302,finfet,unanchored,large,low,ncc,750.0886929721136,749.3579527191451,49.5,793.5,701.9779462764621,0,32.273083001200575
finfet_unanchored_pose-large_0302,finfet,unanchored,large,low,weighted,750.0886929721136,749.3579527191451,49.5,793.5,701.9779462764621,0,161.29100000034668
finfet_unanchored_pose-large_0302,finfet,unanchored,large,low,selected,750.0886929721136,749.3579527191451,49.5,793.5,701.9779462764621,0,164.2419580002752
finfet_unanchored_pose-large_0303,finfet,unanchored,large,low,ncc,674.0502830542056,593.4289420345226,257.5,79.5,661.54145431202,0,32.4738340004842
finfet_unanchored_pose-large_0303,finfet,unanchored,large,low,weighted,674.0502830542056,593.4289420345226,82.5,614.5,591.9254402923524,0,158.48154199920828
finfet_unanchored_pose-large_0303,finfet,unanchored,large,low,selected,674.0502830542056,593.4289420345226,82.5,614.5,591.9254402923524,0,161.3544589981757
finfet_unanchored_pose-large_0304,finfet,unanchored,large,low,ncc,128.83897345301392,841.05904730127,448.5,478.5,483.3551848000365,0,32.73554199950013
finfet_unanchored_pose-large_0304,finfet,unanchored,large,low,weighted,128.83897345301392,841.05904730127,882.5,151.5,1021.5168244580663,0,163.77437499977532
finfet_unanchored_pose-large_0304,finfet,unanchored,large,low,selected,128.83897345301392,841.05904730127,882.5,151.5,1021.5168244580663,0,167.69633299918496
finfet_unanchored_pose-large_0305,finfet,unanchored,large,low,ncc,183.73936889878962,357.385558235201,861.5,936.5,891.477991725688,0,36.88129200054391
finfet_unanchored_pose-large_0305,finfet,unanchored,large,low,weighted,183.73936889878962,357.385558235201,766.5,864.5,772.5121424339586,0,208.52299999933166
finfet_unanchored_pose-large_0305,finfet,unanchored,large,low,selected,183.73936889878962,357.385558235201,766.5,864.5,772.5121424339586,0,212.17045900084486
finfet_unanchored_pose-large_0306,finfet,unanchored,large,medium,ncc,539.6888507452794,677.9265455208601,284.5,655.5,256.1724018872753,0,40.863207999791484
finfet_unanchored_pose-large_0306,finfet,unanchored,large,medium,weighted,539.6888507452794,677.9265455208601,311.5,657.5,229.1012775310674,0,181.85308299871394
finfet_unanchored_pose-large_0306,finfet,unanchored,large,medium,selected,539.6888507452794,677.9265455208601,311.5,657.5,229.1012775310674,0,185.01604199809663
finfet_unanchored_pose-large_0307,finfet,unanchored,large,medium,ncc,698.0732441220478,866.899325732989,283.5,755.5,429.27937816257094,0,35.937374999775784
finfet_unanchored_pose-large_0307,finfet,unanchored,large,medium,weighted,698.0732441220478,866.899325732989,304.5,833.5,394.98786493786275,0,164.76554200016835
finfet_unanchored_pose-large_0307,finfet,unanchored,large,medium,selected,698.0732441220478,866.899325732989,304.5,833.5,394.98786493786275,0,167.99858400008816
finfet_unanchored_pose-large_0308,finfet,unanchored,large,medium,ncc,665.8693471872053,407.13562711572393,444.5,486.5,235.16609355390472,0,32.85133300050802
finfet_unanchored_pose-large_0308,finfet,unanchored,large,medium,weighted,665.8693471872053,407.13562711572393,444.5,486.5,235.16609355390472,0,164.54999999950815
finfet_unanchored_pose-large_0308,finfet,unanchored,large,medium,selected,665.8693471872053,407.13562711572393,444.5,486.5,235.16609355390472,0,167.6691659995413
finfet_unanchored_pose-large_0309,finfet,unanchored,large,medium,ncc,406.8670834737437,188.9929984854681,601.5,705.5,551.961461344041,0,33.573833001355524
finfet_unanchored_pose-large_0309,finfet,unanchored,large,medium,weighted,406.8670834737437,188.9929984854681,601.5,705.5,551.961461344041,0,164.62991700063867
finfet_unanchored_pose-large_0309,finfet,unanchored,large,medium,selected,406.8670834737437,188.9929984854681,601.5,705.5,551.961461344041,0,167.6811670004099
finfet_unanchored_pose-large_0310,finfet,unanchored,large,medium,ncc,686.8047476241504,240.2756152776384,115.5,465.5,614.0970103586734,0,34.14675000021816
finfet_unanchored_pose-large_0310,finfet,unanchored,large,medium,weighted,686.8047476241504,240.2756152776384,122.5,465.5,607.5902168935264,0,165.33741700004612
finfet_unanchored_pose-large_0310,finfet,unanchored,large,medium,selected,686.8047476241504,240.2756152776384,122.5,465.5,607.5902168935264,0,168.2870839995303
finfet_unanchored_pose-large_0311,finfet,unanchored,large,medium,ncc,305.7807034278083,616.6826411187229,854.5,288.5,639.3721235417927,0,32.239916999969864
finfet_unanchored_pose-large_0311,finfet,unanchored,large,medium,weighted,305.7807034278083,616.6826411187229,854.5,288.5,639.3721235417927,0,158.50237499944342
finfet_unanchored_pose-large_0311,finfet,unanchored,large,medium,selected,305.7807034278083,616.6826411187229,854.5,288.5,639.3721235417927,0,161.40179200010607
finfet_unanchored_pose-large_0312,finfet,unanchored,large,medium,ncc,334.67029369954446,509.0061715810452,231.5,394.5,154.12907847709343,0,32.26824999910605
finfet_unanchored_pose-large_0312,finfet,unanchored,large,medium,weighted,334.67029369954446,509.0061715810452,231.5,395.5,153.38761517487626,0,158.90049999870826
finfet_unanchored_pose-large_0312,finfet,unanchored,large,medium,selected,334.67029369954446,509.0061715810452,231.5,395.5,153.38761517487626,0,161.90695899786078
finfet_unanchored_pose-large_0313,finfet,unanchored,large,medium,ncc,628.0375445632108,425.9561877682831,807.5,328.5,204.21675113890245,0,34.71479200015892
finfet_unanchored_pose-large_0313,finfet,unanchored,large,medium,weighted,628.0375445632108,425.9561877682831,213.5,110.5,520.9164829929979,0,165.11937500035856
finfet_unanchored_pose-large_0313,finfet,unanchored,large,medium,selected,628.0375445632108,425.9561877682831,213.5,110.5,520.9164829929979,0,168.06716700011748
finfet_unanchored_pose-large_0314,finfet,unanchored,large,medium,ncc,536.1502591753832,129.26264046514873,949.5,919.5,891.8144945247255,0,33.83833299994876
finfet_unanchored_pose-large_0314,finfet,unanchored,large,medium,weighted,536.1502591753832,129.26264046514873,949.5,919.5,891.8144945247255,0,164.45704100078729
finfet_unanchored_pose-large_0314,finfet,unanchored,large,medium,selected,536.1502591753832,129.26264046514873,949.5,919.5,891.8144945247255,0,167.74620700016385
finfet_unanchored_pose-large_0315,finfet,unanchored,large,high,ncc,156.57770726419074,585.8193082236911,572.5,883.5,511.4735064996368,0,33.6604170006467
finfet_unanchored_pose-large_0315,finfet,unanchored,large,high,weighted,156.57770726419074,585.8193082236911,582.5,884.5,520.2114522858016,0,165.60074999870267
finfet_unanchored_pose-large_0315,finfet,unanchored,large,high,selected,156.57770726419074,585.8193082236911,582.5,884.5,520.2114522858016,0,168.6079589981091
finfet_unanchored_pose-large_0316,finfet,unanchored,large,high,ncc,694.3368462968742,513.568293470003,595.5,290.5,243.98398664160592,0,32.997084001181065
finfet_unanchored_pose-large_0316,finfet,unanchored,large,high,weighted,694.3368462968742,513.568293470003,321.5,291.5,433.9604140025659,0,161.06662499987578
finfet_unanchored_pose-large_0316,finfet,unanchored,large,high,selected,694.3368462968742,513.568293470003,321.5,291.5,433.9604140025659,0,163.92912499941303
finfet_unanchored_pose-large_0317,finfet,unanchored,large,high,ncc,563.5598687440022,707.4617236340766,69.5,598.5,505.93261519756715,0,32.03683300125704
finfet_unanchored_pose-large_0317,finfet,unanchored,large,high,weighted,563.5598687440022,707.4617236340766,81.5,766.5,485.66164675599384,0,158.81791600077122
finfet_unanchored_pose-large_0317,finfet,unanchored,large,high,selected,563.5598687440022,707.4617236340766,81.5,766.5,485.66164675599384,0,161.6745000010269
finfet_unanchored_pose-large_0318,finfet,unanchored,large,high,ncc,274.46775046031814,91.91708733795181,243.5,856.5,765.2097960058757,0,32.5690419995226
finfet_unanchored_pose-large_0318,finfet,unanchored,large,high,weighted,274.46775046031814,91.91708733795181,565.5,601.5,586.834316608414,0,159.69637499983946
finfet_unanchored_pose-large_0318,finfet,unanchored,large,high,selected,274.46775046031814,91.91708733795181,565.5,601.5,586.834316608414,0,162.61195900005987
finfet_unanchored_pose-large_0319,finfet,unanchored,large,high,ncc,497.26124368264567,402.93270595590536,503.5,175.5,227.51825820978112,0,32.60824999961187
finfet_unanchored_pose-large_0319,finfet,unanchored,large,high,weighted,497.26124368264567,402.93270595590536,537.5,78.5,326.91854980076977,0,202.58062499851803
finfet_unanchored_pose-large_0319,finfet,unanchored,large,high,selected,497.26124368264567,402.93270595590536,537.5,78.5,326.91854980076977,0,205.88799999859475
finfet_unanchored_pose-large_0320,finfet,unanchored,large,high,ncc,866.6066620161196,251.49989663095195,213.5,579.5,730.8436082910927,0,42.21304199927545
finfet_unanchored_pose-large_0320,finfet,unanchored,large,high,weighted,866.6066620161196,251.49989663095195,213.5,579.5,730.8436082910927,0,188.3058749990596
finfet_unanchored_pose-large_0320,finfet,unanchored,large,high,selected,866.6066620161196,251.49989663095195,213.5,579.5,730.8436082910927,0,191.37133399999584
finfet_unanchored_pose-large_0321,finfet,unanchored,large,high,ncc,434.30945849302435,864.531726943019,86.5,712.5,379.5853861972132,0,36.61841699977231
finfet_unanchored_pose-large_0321,finfet,unanchored,large,high,weighted,434.30945849302435,864.531726943019,558.5,851.5,124.87240090153327,0,177.41216699869256
finfet_unanchored_pose-large_0321,finfet,unanchored,large,high,selected,434.30945849302435,864.531726943019,558.5,851.5,124.87240090153327,0,180.3286249996745
finfet_unanchored_pose-large_0322,finfet,unanchored,large,high,ncc,665.4114329633304,595.2350211439283,708.5,278.5,319.6524647618383,0,34.06854099921475
finfet_unanchored_pose-large_0322,finfet,unanchored,large,high,weighted,665.4114329633304,595.2350211439283,708.5,278.5,319.6524647618383,0,172.88066699984483
finfet_unanchored_pose-large_0322,finfet,unanchored,large,high,selected,665.4114329633304,595.2350211439283,708.5,278.5,319.6524647618383,0,175.78841699832992
finfet_unanchored_pose-large_0323,finfet,unanchored,large,high,ncc,446.42762912357284,467.8083519586193,406.5,818.5,352.957288596523,0,34.709624998868094
finfet_unanchored_pose-large_0323,finfet,unanchored,large,high,weighted,446.42762912357284,467.8083519586193,326.5,672.5,237.236816293546,0,167.6716249985475
finfet_unanchored_pose-large_0323,finfet,unanchored,large,high,selected,446.42762912357284,467.8083519586193,326.5,672.5,237.236816293546,0,170.91783399882843
