case_id,arch,anchored,pose,noise,seed,gt_x,gt_y,pred_x,pred_y,err_px,success_1px,gt_rotation_deg,gt_scale,theta_err_deg,scale_err,confidence,low_confidence_flag,ncc_peak,psr,n_tied,tie_break_used,uniqueness_score,theta_est,scale_est,subpixel_error,subpixel_method,mode_used,failure_mode,elapsed_ms,wall_ms,error
dram_anchored_pose-none_0000,dram,anchored,none,none,20260807,531.8194732184453,446.266375344203,531.8199999928474,446.27000001072884,0.003662744694089079,1,0.0,10.0,-0.703125,0.0,0.07144990594538474,1,0.9688419699668884,2.870744514148655,1,False,0.28523217466692624,-0.703125,10.0,0.12939521670341492,phase_cross_correlation,ambiguous,none,441.31916599872056,441.32854199415306,
dram_anchored_pose-none_0001,dram,anchored,none,none,20260808,127.76712372639233,709.0552582342465,127.76999999582767,709.0500000007451,0.005993491922092881,1,0.0,10.0,-0.703125,0.0,0.07099304399018727,1,0.9740681052207947,2.856931347710176,1,False,0.2821863030368388,-0.703125,10.0,0.12165187299251556,phase_cross_correlation,ambiguous,none,374.99612499959767,375.0018330028979,
dram_anchored_pose-none_0002,dram,anchored,none,none,20260809,863.977595873166,497.1548480905214,863.9900000095367,497.169999986887,0.019581689471970663,1,0.0,10.0,-1.40625,0.0,0.0743051594543077,1,0.9101800322532654,2.955271511328753,1,False,0.2725274552991539,-1.40625,10.0,0.19913659989833832,phase_cross_correlation,ambiguous,none,401.62654199957615,401.63229100289755,
dram_anchored_pose-none_0003,dram,anchored,none,none,20260810,232.65846231244757,735.5809719729891,232.65999999642372,735.5799999982119,0.0018191225846937854,1,0.0,10.0,0.0,0.0,0.07466910847565368,1,0.9939906597137451,2.9658301426772002,1,False,0.27352034613422305,0.0,10.0,0.08728394657373428,phase_cross_correlation,ambiguous,none,360.39204200642416,360.3969579999102,
dram_anchored_pose-none_0004,dram,anchored,none,none,20260811,503.24196628643364,564.1423323810496,503.24000000953674,564.1500000059605,0.007915725905331494,1,0.0,10.0,0.0,0.0,0.07118759252614577,1,0.9822227954864502,2.8628235041163173,1,False,0.2792698383180201,0.0,10.0,0.09005579352378845,phase_cross_correlation,ambiguous,none,361.85612499684794,361.86191600427264,
dram_anchored_pose-none_0005,dram,anchored,none,none,20260812,422.4269067090371,119.43962208882554,111.97000000067055,772.9499999992549,723.5048755603239,0,0.0,10.0,-0.703125,0.0,0.06563348208591499,1,0.9554232954978943,2.688434369344926,1,False,0.2800405205102116,-0.703125,10.0,0.3357168734073639,phase_cross_correlation,ambiguous,none,376.28154199774144,376.28645899530966,
dram_anchored_pose-none_0006,dram,anchored,none,none,20260813,822.5367760836219,100.19993813258809,841.890000000596,138.9400000013411,43.30519217802122,0,0.0,10.0,-0.703125,0.0,0.07546968403222849,1,0.95912766456604,2.9888903951736374,1,False,0.26169651118032633,-0.703125,10.0,0.19528579711914062,phase_cross_correlation,ambiguous,none,367.93945799581707,367.9442079956061,
dram_anchored_pose-none_0007,dram,anchored,none,none,20260814,856.699548287331,361.4823588129435,856.6999999880791,361.4699999988079,0.012367065957789835,1,0.0,10.0,-0.703125,0.0,0.0845132791808528,1,0.9520725011825562,3.234905625832123,1,False,0.2509564154605716,-0.703125,10.0,0.1293664276599884,phase_cross_correlation,ambiguous,none,363.9332499951706,363.93779199715937,
dram_anchored_pose-none_0008,dram,anchored,none,none,20260815,91.47238092668637,905.5914305352696,91.4699999988079,905.6200000047684,0.028668508942767547,1,0.0,10.0,-0.703125,0.0,0.0668245969727501,1,0.9470440745353699,2.7269560975734484,1,False,0.29212891463673113,-0.703125,10.0,0.13012993335723877,phase_cross_correlation,ambiguous,none,374.361415997555,374.36825000622775,
dram_anchored_pose-none_0009,dram,anchored,none,none,20260816,533.321272010387,472.6861558680793,533.3199999928474,472.69999998807907,0.013902434577754688,1,0.0,10.0,-0.703125,0.0,0.06837516346613669,1,0.965383768081665,2.7761589074609985,1,False,0.2864707428852022,-0.703125,10.0,0.12723498046398163,phase_cross_correlation,ambiguous,none,373.7892919962178,373.79549999604933,
dram_anchored_pose-none_0010,dram,anchored,none,none,20260817,158.01080438142,695.1538958053641,373.5099999997765,864.4700000006706,274.05810780203996,0,0.0,10.0,0.0,0.0,0.06250670655953185,1,0.9762510061264038,2.5841285035652457,1,False,0.2893481180528402,0.0,10.0,0.19682565331459045,phase_cross_correlation,ambiguous,none,364.3247500003781,364.3300409967196,
dram_anchored_pose-none_0011,dram,anchored,none,none,20260818,140.26158646501844,277.5597503670893,140.25999999046326,277.56999999284744,0.010371679212950891,1,0.0,10.0,-0.703125,0.0,0.08412010266251144,1,0.959575891494751,3.2247206632584224,1,False,0.24438132393464818,-0.703125,10.0,0.12622897326946259,phase_cross_correlation,ambiguous,none,369.99933399783913,370.00508300116053,
dram_anchored_pose-none_0012,dram,anchored,none,none,20260819,684.7645661116504,752.0587068180689,684.7699999958277,752.0399999991059,0.019480045507276958,1,0.0,10.0,-0.703125,0.0,0.08522916148535505,1,0.9733179211616516,3.253340124063632,1,False,0.23804848603326456,-0.703125,10.0,0.12196479737758636,phase_cross_correlation,ambiguous,none,358.53762500482844,358.54249999829335,
dram_anchored_pose-none_0013,dram,anchored,none,none,20260820,160.2351067517593,299.2561096088492,160.23999999463558,299.25,0.007827588781780345,1,0.0,10.0,-0.703125,0.0,0.06214066982448437,1,0.962510883808136,2.571601426514452,1,False,0.29355592680951953,-0.703125,10.0,0.14244700968265533,phase_cross_correlation,ambiguous,none,372.1474580015638,372.1532089984976,
dram_anchored_pose-none_0014,dram,anchored,none,none,20260821,547.4593473261813,590.3574518625045,547.4700000006706,590.359999999404,0.010953194759198873,1,0.0,10.0,-1.40625,0.0,0.0653456343397871,1,0.9235820770263672,2.6790276699992783,1,False,0.28713299463245273,-1.40625,10.0,0.20401553809642792,phase_cross_correlation,ambiguous,none,403.28483399935067,403.2903749975958,
dram_anchored_pose-none_0015,dram,anchored,none,none,20260822,295.38384333105387,167.43571485295203,391.01999999955297,518.0099999997765,363.38492520814435,0,0.0,10.0,-0.703125,0.0,0.06334484897853246,1,0.9554150700569153,2.6125568272797794,1,False,0.3072422671467215,-0.703125,10.0,0.3187224864959717,phase_cross_correlation,ambiguous,none,369.47916699864436,369.48412499623373,
dram_anchored_pose-none_0016,dram,anchored,none,none,20260823,891.0634355628795,225.2081604976576,891.0699999928474,225.19999998807907,0.01047309206420866,1,0.0,10.0,0.0,0.0,0.0665370236630118,1,0.977530837059021,2.717714476961562,1,False,0.2926903041226938,0.0,10.0,0.0823434591293335,phase_cross_correlation,ambiguous,none,359.21704200154636,359.2228750057984,
dram_anchored_pose-none_0017,dram,anchored,none,none,20260824,90.6062556598273,124.00079407296602,90.61999999731779,124.0,0.013767256986340373,1,0.0,10.0,-1.40625,0.0,0.07547633086031297,1,0.9221129417419434,2.9890809119351873,1,False,0.2761579295002073,-1.40625,10.0,0.19534805417060852,phase_cross_correlation,ambiguous,none,400.6914169949596,400.69629199570045,
dram_anchored_pose-none_0018,dram,anchored,none,none,20260825,109.54818884074346,174.1488406861064,109.5599999986589,174.15000000596046,0.011867917838747737,1,0.0,10.0,-1.40625,0.0,0.07104408493397114,1,0.9324479103088379,2.8584786308191097,1,False,0.2739374794564545,-1.40625,10.0,0.18601128458976746,phase_cross_correlation,ambiguous,none,400.3528329994879,400.3582090008422,
dram_anchored_pose-none_0019,dram,anchored,none,none,20260826,231.23683679779344,180.29016024682034,231.23000000417233,180.2800000011921,0.012246319375387258,1,0.0,10.0,-0.703125,0.0,0.06842593236221807,1,0.9709164500236511,2.777752359254765,1,False,0.280649240005672,-0.703125,10.0,0.12012413144111633,phase_cross_correlation,ambiguous,none,372.04241700237617,372.0479580006213,
dram_anchored_pose-none_0020,dram,anchored,none,none,20260827,678.5219564311266,677.7955254860101,678.5200000107288,677.8100000023842,0.01460613586944086,1,0.0,10.0,-0.703125,0.0,0.07765661628114903,1,0.9564229249954224,3.050758329327589,1,False,0.28255680627377333,-0.703125,10.0,0.1323462873697281,phase_cross_correlation,ambiguous,none,373.22208400291856,373.22737499926006,
dram_anchored_pose-none_0021,dram,anchored,none,none,20260828,827.729954021984,494.08618833762546,813.2199999988079,450.5599999986589,45.88101826544254,0,0.0,10.0,0.0,0.0,0.061310741193730416,1,0.9782545566558838,2.5429411086607256,1,False,0.2988749060575813,0.0,10.0,0.1809205561876297,phase_cross_correlation,ambiguous,none,364.3968329997733,364.4025829999009,
dram_anchored_pose-none_0022,dram,anchored,none,none,20260829,662.9662488192854,419.7652230076761,662.9600000008941,419.75,0.016455628034056154,1,0.0,10.0,0.703125,0.0,0.08379637924261706,1,0.9725282788276672,3.2163023321040773,1,False,0.2501138279169835,0.703125,10.0,0.12147756665945053,phase_cross_correlation,ambiguous,none,362.1728340003756,362.178417002724,
dram_anchored_pose-none_0023,dram,anchored,none,none,20260830,213.50529312651278,378.59888955464135,213.5,378.59999999403954,0.005408351314159634,1,0.0,10.0,-0.703125,0.0,0.06806337903181475,1,0.9512564539909363,2.766349013115041,1,False,0.27873495406906307,-0.703125,10.0,0.13083067536354065,phase_cross_correlation,ambiguous,none,368.21387500094716,368.2192499982193,
dram_anchored_pose-none_0024,dram,anchored,none,none,20260831,499.15651337698955,907.5884994850786,499.1599999964237,907.6000000014901,0.012017420389166604,1,0.0,10.0,-1.40625,0.0,0.07010612607342434,1,0.9232285618782043,2.8298794302698824,1,False,0.2716487157381028,-1.40625,10.0,0.20286087691783905,phase_cross_correlation,ambiguous,none,399.0839580001193,399.0894169983221,
dram_anchored_pose-none_0025,dram,anchored,none,none,20260832,546.4402498790027,512.5697836871215,546.4200000017881,512.570000000298,0.020251032531630037,1,0.0,10.0,-1.40625,0.0,0.06850984703866282,1,0.9333105683326721,2.7803837370072353,1,False,0.2801475538367182,-1.40625,10.0,0.18486975133419037,phase_cross_correlation,ambiguous,none,398.79245799966156,398.79804100201,
dram_anchored_pose-none_0026,dram,anchored,none,none,20260833,483.36777765861353,86.48143187212058,683.0099999997765,239.94999999925494,251.8126651785236,0,0.0,10.0,-0.703125,0.0,0.06313189376309632,1,0.9510721564292908,2.6053671583680473,1,False,0.3085610641499609,-0.703125,10.0,0.30949732661247253,phase_cross_correlation,ambiguous,none,382.74391599406954,382.7501670020865,
dram_anchored_pose-small_0027,dram,anchored,small,none,20260834,224.039361168415,86.535944556148,224.03999999165535,86.53999999910593,0.004105449149295922,1,-2.7797748775584195,9.844988656233628,-0.7358501224415805,0.15501134376637182,0.06911319139926968,1,0.9325973987579346,2.7992158522944863,1,False,0.26898268586855384,-3.515625,10.0,0.1786482185125351,phase_cross_correlation,ambiguous,none,402.14812500198605,402.1551669939072,
dram_anchored_pose-small_0028,dram,anchored,small,none,20260835,134.3098489097896,145.70598015778063,134.3100000023842,145.7099999934435,0.00402267420114238,1,1.6028967935379779,10.023207269057611,-1.6028967935379779,-0.023207269057611057,0.0629208309114201,1,0.8998219966888428,2.598219026365856,1,False,0.3034619861236513,0.0,10.0,0.22783997654914856,phase_cross_correlation,ambiguous,none,367.2450829981244,367.2522499982733,
dram_anchored_pose-small_0029,dram,anchored,small,none,20260836,694.5492442621131,808.474642587429,694.5500000007451,808.480000000447,0.00541045424392303,1,4.446616184227077,10.211057888570638,-0.9309911842270768,-0.21105788857063779,0.07801095262202254,1,0.9425026774406433,3.060631781552976,1,False,0.28352765877626834,3.515625,10.0,0.17269855737686157,phase_cross_correlation,ambiguous,none,403.7318749979022,403.7382919996162,
dram_anchored_pose-small_0030,dram,anchored,small,none,20260837,424.7729807558094,745.5237709618125,424.77000001072884,745.5799999982119,0.05630798678373411,1,4.887330447429575,10.058791155105183,-4.887330447429575,-0.05879115510518318,0.0511321572663476,1,0.49269407987594604,2.1582881411655435,1,False,0.28129248619391023,0.0,10.0,0.5519747138023376,phase_cross_correlation,ambiguous,none,368.1344170036027,368.1399170018267,
dram_anchored_pose-small_0031,dram,anchored,small,none,20260838,666.2059866841,667.0144132874726,666.1999999880791,667.0099999904633,0.007437588301336523,1,-0.5226799112253444,10.106292226927351,-0.8835700887746556,-0.10629222692735141,0.0713794157573757,1,0.9241030812263489,2.8686185815240446,1,False,0.2733803684053868,-1.40625,10.0,0.18346838653087616,phase_cross_correlation,ambiguous,none,403.5787909961073,403.5850830041454,
dram_anchored_pose-small_0032,dram,anchored,small,none,20260839,570.4252362077422,476.15252164997924,570.4499999992549,476.15000000596046,0.024891847232496843,1,-1.4858458586059675,9.731363135798347,-0.6235291413940325,0.2686368642016532,0.07429325939666721,1,0.8756932616233826,2.9549254729774326,1,False,0.25184410732150453,-2.109375,10.0,0.24220781028270721,phase_cross_correlation,ambiguous,none,397.8399170009652,397.8456660042866,
dram_anchored_pose-small_0033,dram,anchored,small,none,20260840,458.6866462973992,255.1685343678363,458.6899999976158,255.15999999642372,0.009169667417664788,1,3.874951741806486,9.842178617086539,-1.0624517418064858,0.15782138291346115,0.06990139643530091,1,0.9114876389503479,2.8235900415799873,1,False,0.27033845634758474,2.8125,10.0,0.2060798555612564,phase_cross_correlation,ambiguous,none,396.16716699674726,396.1730000009993,
dram_anchored_pose-small_0034,dram,anchored,small,none,20260841,328.8916297670787,887.2243572961602,328.89000000059605,887.2199999988079,0.0046521155407116075,1,-3.7707462559711558,10.228771505722474,-0.44800374402884424,-0.22877150572247373,0.07695361971817499,1,0.952717125415802,3.031046832635422,1,False,0.26487840090632436,-4.21875,10.0,0.16232800483703613,phase_cross_correlation,ambiguous,none,387.4583340002573,387.46383400575723,
dram_anchored_pose-small_0035,dram,anchored,small,none,20260842,609.8846431407513,660.9969200914933,536.5500000007451,693.4400000013411,80.19054382225401,0,2.101064028907349,9.788442304986468,0.008310971092650998,0.21155769501353205,0.06036937410920126,1,0.909763753414154,2.509990156632372,1,False,0.2952604604707956,2.109375,10.0,0.33929330110549927,phase_cross_correlation,ambiguous,none,400.2112090020091,400.2164580015233,
dram_anchored_pose-small_0036,dram,anchored,small,none,20260843,135.79748447778692,673.6411714540867,135.79999999701977,673.6399999856949,0.0027749189544624916,1,1.1823380954244145,9.991311236288338,-0.4792130954244145,0.008688763711662162,0.07093625176245139,1,0.9737292528152466,2.855208508967707,1,False,0.28605824435168503,0.703125,10.0,0.11822911351919174,phase_cross_correlation,ambiguous,none,367.56995799805736,367.5756669981638,
dram_anchored_pose-small_0037,dram,anchored,small,none,20260844,547.6301665186736,438.90449098307107,547.609999999404,438.90000000596046,0.02066052697443106,1,3.1968253801898685,10.017599045219745,-3.1968253801898685,-0.01759904521974498,0.05926448613570497,1,0.6729398965835571,2.470696422031007,1,False,0.29009886619313063,0.0,10.0,0.40759187936782837,phase_cross_correlation,ambiguous,none,362.71287499403115,362.71845800365554,
dram_anchored_pose-small_0038,dram,anchored,small,none,20260845,806.503308085577,398.7167938292946,806.5099999997765,398.7099999934435,0.009536137647112234,1,-3.180117657496732,10.227198651800137,-0.3355073425032682,-0.22719865180013699,0.06557706575090191,1,0.9358035922050476,2.686593742471078,1,False,0.301932441440627,-3.515625,10.0,0.17892509698867798,phase_cross_correlation,ambiguous,none,401.30404099909356,401.30970800237264,
dram_anchored_pose-small_0039,dram,anchored,small,none,20260846,111.03808871571891,493.9181990839855,111.0300000011921,493.919999986887,0.008286769814409435,1,2.5954181832435577,10.245235842276411,-0.48604318324355766,-0.24523584227641138,0.06930297976696884,1,0.9347630739212036,2.8051082276119055,1,False,0.2741725754557699,2.109375,10.0,0.17459246516227722,phase_cross_correlation,ambiguous,none,401.7720419942634,401.77816600044025,
dram_anchored_pose-small_0040,dram,anchored,small,none,20260847,284.3758118511194,103.75600264240674,284.35999999940395,103.75,0.01691290544332184,1,-4.964449139223808,10.149408881388005,-1.3636758607761923,-0.14940888138800545,0.062086549496401994,1,0.9262650012969971,2.569743393443271,1,False,0.30053021884584424,-6.328125,10.0,0.1982068568468094,phase_cross_correlation,ambiguous,none,388.5131669958355,388.5210830048891,
dram_anchored_pose-small_0041,dram,anchored,small,none,20260848,700.8851983400242,612.4152746077232,700.9000000059605,612.4200000017881,0.015537653090407668,1,2.1321799735482703,10.13960260106421,-0.7259299735482703,-0.13960260106420996,0.07389520935191171,1,0.93815016746521,2.943321213344162,1,False,0.27342607935911417,1.40625,10.0,0.18451088666915894,phase_cross_correlation,ambiguous,none,401.6535830014618,401.6596669971477,
dram_anchored_pose-small_0042,dram,anchored,small,none,20260849,811.3424628322523,639.9793228231513,811.359999999404,639.9699999988079,0.01986120050355903,1,-0.9266131748368356,9.990470671704049,-0.4796368251631644,0.00952932829595099,0.06652563775580675,1,0.9705438017845154,2.717347810083597,1,False,0.2826517623621225,-1.40625,10.0,0.10744545608758926,phase_cross_correlation,ambiguous,none,431.3448340035393,431.3511250002193,
dram_anchored_pose-small_0043,dram,anchored,small,none,20260850,908.4841837538216,828.8418916410936,908.4900000095367,828.8400000035763,0.006116136283681077,1,-2.971469840270723,9.888946877230218,-1.2472801597292769,0.11105312276978196,0.06991573941789476,1,0.9152536392211914,2.824031219144654,1,False,0.2906741024556756,-4.21875,10.0,0.19657035171985626,phase_cross_correlation,ambiguous,none,390.0437080010306,390.0496669957647,
dram_anchored_pose-small_0044,dram,anchored,small,none,20260851,723.339317017613,790.725731586064,723.3400000035763,790.7300000041723,0.004322714768986677,1,-4.147855422814427,10.053740290211401,-0.7740195771855731,-0.05374029021140103,0.07981636307422926,1,0.9729331731796265,3.1103105580249735,1,False,0.25772137066857514,-4.921875,10.0,0.12776347994804382,phase_cross_correlation,ambiguous,none,387.36420899658697,387.3705410005641,
dram_anchored_pose-small_0045,dram,anchored,small,none,20260852,190.71282033502274,524.7743774152493,190.7099999934435,524.7700000107288,0.005207302272731954,1,-1.9986153486420333,10.035955518265048,-0.11075965135796673,-0.03595551826504817,0.06763686027707283,1,0.9864523410797119,2.7528614622409515,1,False,0.28573622708952057,-2.109375,10.0,0.08755360543727875,phase_cross_correlation,ambiguous,none,402.1024999965448,402.1087080036523,
dram_anchored_pose-small_0046,dram,anchored,small,none,20260853,726.6221950435852,597.6528938037579,726.5799999982119,597.5099999997765,0.14899349338258303,1,4.759115746781833,10.120663256068125,-4.759115746781833,-0.12066325606812534,0.056704155117369225,1,0.483619749546051,2.376935059539125,1,False,0.2502600233354755,0.0,10.0,0.5274764895439148,phase_cross_correlation,ambiguous,none,354.75437499553664,354.7601250029402,
dram_anchored_pose-small_0047,dram,anchored,small,none,20260854,338.36528164328104,255.74814204626614,338.4099999964237,255.70000000298023,0.06570682947408099,1,-4.425817933922952,9.934928132727002,4.425817933922952,0.06507186727299796,0.056567240796887956,1,0.5441893339157104,2.3718098765555413,1,False,0.2786008373315632,0.0,10.0,0.5074871778488159,phase_cross_correlation,ambiguous,none,360.2376249982626,360.2440419999766,
dram_anchored_pose-small_0048,dram,anchored,small,none,20260855,465.2562414914341,610.2737942699528,465.25999999046326,610.2700000107288,0.005340666438810318,1,0.5105307468015563,9.971007140279207,0.1925942531984437,0.028992859720792907,0.078032202651783,1,0.9846968054771423,3.061222600012469,1,False,0.26991783768972755,0.703125,10.0,0.09292878955602646,phase_cross_correlation,ambiguous,none,370.4926670034183,370.49891599599505,
dram_anchored_pose-small_0049,dram,anchored,small,none,20260856,516.5999980082075,484.47086263791,516.5900000035763,484.48000000044703,0.013544426556338645,1,-0.6179862189886642,10.159444615658835,-0.7882637810113358,-0.15944461565883472,0.07438204587314232,1,0.929768443107605,2.9575060416627665,1,False,0.2848760089160204,-1.40625,10.0,0.19703690707683563,phase_cross_correlation,ambiguous,none,400.09029200155055,400.09662499505794,
dram_anchored_pose-small_0050,dram,anchored,small,none,20260857,696.6344904759969,758.419931058276,695.2300000041723,776.0299999993294,17.66598770502519,0,-4.529874371768114,9.715622468784286,-1.0951256282318864,0.2843775312157142,0.06277846316153805,1,0.8541345000267029,2.5933847700343065,1,False,0.28685668372444806,-5.625,10.0,0.290486603975296,phase_cross_correlation,ambiguous,none,385.29108299553627,385.2976249982021,
dram_anchored_pose-small_0051,dram,anchored,small,none,20260858,693.978183995131,621.8611031403026,694.0099999904633,621.830000013113,0.04449339366641968,1,-4.123140292262576,9.979006507778866,4.123140292262576,0.02099349222113389,0.05704731813976386,1,0.5712053775787354,2.389729926376033,1,False,0.27334252880263327,0.0,10.0,0.4781975746154785,phase_cross_correlation,ambiguous,none,365.1503330038395,365.1567499982775,
dram_anchored_pose-small_0052,dram,anchored,small,none,20260859,587.9700272062198,349.1423381552984,587.9700000006706,349.1199999973178,0.022338174547340817,1,1.522362998116984,9.994462792420265,-0.819237998116984,0.005537207579735082,0.061748532960669844,1,0.970494270324707,2.5581044317978687,1,False,0.3063020208863616,0.703125,10.0,0.13020960986614227,phase_cross_correlation,ambiguous,none,375.70533299731323,375.7117909990484,
dram_anchored_pose-small_0053,dram,anchored,small,none,20260860,384.6346389113667,111.60463043374017,384.64000000059605,111.61999999731779,0.016277738242499735,1,-1.8898960838007495,10.147430502123436,-0.21947891619925053,-0.1474305021234361,0.06960477704596776,1,0.9807174205780029,2.8144474678238565,1,False,0.2997299502938241,-2.109375,10.0,0.10972701758146286,phase_cross_correlation,ambiguous,none,401.304416001949,401.3107919963659,
dram_anchored_pose-large_0054,dram,anchored,large,none,20260861,440.867595758302,785.9346928825228,440.8800000026822,785.9499999992549,0.019702109057060286,1,-2.0736601545614572,9.503558807926154,-0.7388398454385428,0.4964411920738456,0.06269631091120828,1,0.7484005093574524,2.5905905423073965,1,False,0.2778108703174591,-2.8125,10.0,0.3593330383300781,phase_cross_correlation,ambiguous,none,401.7105829989305,401.7162919990369,
dram_anchored_pose-large_0055,dram,anchored,large,none,20260862,297.4499597403164,797.5105062480358,297.4400000013411,797.5099999997765,0.009972596841134234,1,3.8504253598831504,10.203066589119683,-0.3348003598831504,-0.20306658911968256,0.07772112729520664,1,0.9607037305831909,3.052558972356881,1,False,0.2760657787198573,3.515625,10.0,0.15120545029640198,phase_cross_correlation,ambiguous,none,401.28970799560193,401.29520800110186,
dram_anchored_pose-large_0056,dram,anchored,large,none,20260863,669.421507838135,852.2950229976549,669.4000000059605,852.3000000119209,0.022076175299430355,1,6.4984020405961616,10.228261710586818,-0.8734020405961616,-0.22826171058681766,0.06585384419549532,1,0.9272736310958862,2.695609789663587,1,False,0.2853628673721403,5.625,10.0,0.17878712713718414,phase_cross_correlation,ambiguous,none,389.18779200321296,389.1936669970164,
dram_anchored_pose-large_0057,dram,anchored,large,none,20260864,492.39571120461363,616.7442996868616,455.45,628.61,38.804386612030434,0,6.332107225080803,10.405866514577076,-12.660232225080803,-0.4058665145770757,0.05433471627064853,1,0.14858075976371765,2.2865493618062867,1,False,0.29319118953646717,-6.328125,10.0,0.8513218320626503,surface_upsampling,ambiguous,none,393.3726659961394,393.37895800417755,
dram_anchored_pose-large_0058,dram,anchored,large,none,20260865,732.1034290123812,295.56486679566314,732.109999999404,295.580000013113,0.016498246598925022,1,0.04021901139541839,10.083026773857826,-0.7433440113954184,-0.08302677385782609,0.0692233012980329,1,0.9344480037689209,2.8026362648298626,1,False,0.2940666992506534,-0.703125,10.0,0.15697216987609863,phase_cross_correlation,ambiguous,none,371.10504200245487,371.11079200258246,
dram_anchored_pose-large_0059,dram,anchored,large,none,20260866,885.7171437648049,741.9554325312993,885.7199999988079,741.9499999992549,0.006137627969563865,1,3.675287918599123,9.933816707326837,-0.862787918599123,0.0661832926731627,0.07542483477906978,1,0.9618980288505554,2.987604486683142,1,False,0.2760813809310943,2.8125,10.0,0.14495457708835602,phase_cross_correlation,ambiguous,none,401.5512919941102,401.5569580005831,
dram_anchored_pose-large_0060,dram,anchored,large,none,20260867,260.2983510414417,393.5024622276527,260.28999999165535,393.47000002861023,0.03351916465557259,1,6.65972966177452,9.820857927688296,-1.03472966177452,0.17914207231170387,0.07087710789564723,1,0.9248715043067932,2.853412976567629,1,False,0.28329857941734793,5.625,10.0,0.19415704905986786,phase_cross_correlation,ambiguous,none,385.2342080062954,385.24095899629174,
dram_anchored_pose-large_0061,dram,anchored,large,none,20260868,319.52808765738564,669.1468726761681,254.24000000953674,653.7899999916553,67.06987347059433,0,5.20247738535668,9.988256908017847,-5.20247738535668,0.01174309198215262,0.050421014843522335,1,0.45440322160720825,2.1287786730189655,1,False,0.26780136861005427,0.0,10.0,0.580208957195282,phase_cross_correlation,ambiguous,none,362.4676250037737,362.4774999989313,
dram_anchored_pose-large_0062,dram,anchored,large,none,20260869,636.0699350692969,309.8968596111385,636.0800000429153,309.91999995708466,0.025234486411420672,1,6.276725187512476,10.319401268206274,-6.276725187512476,-0.3194012682062741,0.04494216227288232,1,0.31343305110931396,1.8872089570983628,1,False,0.2824288031758815,0.0,10.0,0.6702480316162109,phase_cross_correlation,ambiguous,none,365.6261659998563,365.6324589974247,
dram_anchored_pose-large_0063,dram,anchored,large,none,20260870,311.5032958479918,577.3403438308851,311.4900000002235,577.4700000006706,0.13033611138633308,1,-6.420929389807553,9.987096931703269,6.420929389807553,0.01290306829673149,0.04488812250255044,1,0.23360392451286316,1.8846894893698287,1,False,0.29863109065701066,0.0,10.0,0.6726580858230591,phase_cross_correlation,ambiguous,none,361.1459589956212,361.1510830014595,
dram_anchored_pose-large_0064,dram,anchored,large,none,20260871,188.69308264527194,95.41558849302875,188.77999997138977,95.4400000013411,0.09028035953382632,1,-6.848920075346879,10.478712998728149,6.848920075346879,-0.4787129987281489,0.04693196933643463,1,0.12763065099716187,1.9780256105945135,1,False,0.2866314291545451,0.0,10.0,0.7779673337936401,phase_cross_correlation,ambiguous,none,368.6752499997965,368.67999999958556,
dram_anchored_pose-large_0065,dram,anchored,large,none,20260872,109.66890153979473,608.14169610067,109.67000000178814,608.1500000059605,0.008376243897168437,1,7.235938743396217,9.91609785664567,-0.9078137433962166,0.08390214335432944,0.063465736686326,1,0.9519140124320984,2.616628145510182,1,False,0.31064910344130175,6.328125,10.0,0.15430383384227753,phase_cross_correlation,ambiguous,none,387.7635409953655,387.7695830015,
dram_anchored_pose-large_0066,dram,anchored,large,none,20260873,275.58056969576035,635.1867088911124,275.570000000298,635.1999999880791,0.016981511144289276,1,5.846300512299486,9.935087347205457,-0.9244255122994858,0.06491265279454339,0.0732913547267377,1,0.9561198949813843,2.925606881181716,1,False,0.2759104295507073,4.921875,10.0,0.15621890127658844,phase_cross_correlation,ambiguous,none,406.72404199722223,406.7309579986613,
dram_anchored_pose-large_0067,dram,anchored,large,none,20260874,841.5186320560837,871.9580082477297,841.519999999553,871.9499999880791,0.008124253317517769,1,2.136310396240127,9.928007510237686,-0.7300603962401269,0.0719924897623141,0.06834517665762362,1,0.964263916015625,2.7752172150583534,1,False,0.2980177117238343,1.40625,10.0,0.11841021478176117,phase_cross_correlation,ambiguous,none,406.373750003695,406.3803749959334,
dram_anchored_pose-large_0068,dram,anchored,large,none,20260875,890.5881218953368,896.5449761886151,890.5900000035763,896.5500000007451,0.005363392478271167,1,-6.918257501546718,10.27497279337824,-0.11299249845328241,-0.27497279337823954,0.07216160030478005,1,0.9022037386894226,2.8921009466364382,1,False,0.27499169825151565,-7.03125,10.0,0.22277815639972687,phase_cross_correlation,ambiguous,none,388.7037919994327,388.7100840001949,
dram_anchored_pose-large_0069,dram,anchored,large,none,20260876,744.6453260792088,609.6186351991138,744.6500000059605,609.6199999973178,0.0048691134119042126,1,1.9099324928412837,10.416404667054683,-1.9099324928412837,-0.4164046670546835,0.07016689167801539,1,0.7098039984703064,2.8317429092707322,1,False,0.24121133176291362,0.0,10.0,0.3875789940357208,phase_cross_correlation,ambiguous,none,355.32729199621826,355.3346659973613,
dram_anchored_pose-large_0070,dram,anchored,large,none,20260877,315.0893429922634,605.5635688835313,313.98,605.38,1.124428481267195,0,-6.206211299619854,10.287112853575175,6.206211299619854,-0.28711285357517546,0.045690856780503976,1,0.17505843937397003,1.9218210779659812,1,False,0.3034808019806743,0.0,10.0,0.8199343062130872,surface_upsampling,ambiguous,none,368.37362500227755,368.37945799925365,
dram_anchored_pose-large_0071,dram,anchored,large,none,20260878,642.6595424675035,200.43568296168164,642.6599999964237,200.4400000013411,0.004341216895561252,1,-6.965151084240487,10.02531566512777,-0.06609891575951288,-0.025315665127770615,0.06871981243769135,1,0.9891385436058044,2.7869547259191494,1,False,0.2962361153865606,-7.03125,10.0,0.09913221746683121,phase_cross_correlation,ambiguous,none,401.4398750005057,401.44779100228334,
dram_anchored_pose-large_0072,dram,anchored,large,none,20260879,611.4570519235917,332.59931164337826,611.4900000002235,332.5900000035763,0.03423860963204601,1,5.497893829075236,9.551267188428298,-5.497893829075236,0.448732811571702,0.05321426268305391,1,0.410237193107605,2.2425072850579233,1,False,0.2812886595445722,0.0,10.0,0.6144117712974548,phase_cross_correlation,ambiguous,none,366.2918750051176,366.2986670024111,
dram_anchored_pose-large_0073,dram,anchored,large,none,20260880,474.0562323511227,870.1830398166439,487.68000000715256,833.9600000083447,38.70033149856886,0,5.953658912415285,10.024171577467122,-5.953658912415285,-0.024171577467122063,0.04491988970913535,1,0.32615646719932556,1.8861709050206013,1,False,0.29211448768518866,0.0,10.0,0.6420929431915283,phase_cross_correlation,ambiguous,none,364.2078329939977,364.2141669988632,
dram_anchored_pose-large_0074,dram,anchored,large,none,20260881,112.27851403645602,520.1049094199726,112.27000001072884,520.1000000014901,0.009828073255698766,1,1.5305912216316298,10.157367380626818,-0.8274662216316298,-0.15736738062681788,0.06250072749502218,1,0.925092339515686,2.583924429490786,1,False,0.29141261079123615,0.703125,10.0,0.21762435138225555,phase_cross_correlation,ambiguous,none,377.71412499569124,377.72324999968987,
dram_anchored_pose-large_0075,dram,anchored,large,none,20260882,456.00474213337066,342.52256504134317,456.01999999955297,342.5199999809265,0.015471975160863564,1,0.7811652252425407,10.235041507979263,-0.07804022524254073,-0.23504150797926293,0.06299706693896606,1,0.8789054751396179,2.6008035125639215,1,False,0.3105493943555355,0.703125,10.0,0.2235219031572342,phase_cross_correlation,ambiguous,none,424.97704199922737,424.9844169971766,
dram_anchored_pose-large_0076,dram,anchored,large,none,20260883,638.2700100790312,340.95883567960925,638.2400000095367,341.0,0.050942178440789056,1,2.760030586571384,10.412278568055797,-2.760030586571384,-0.41227856805579677,0.05381110142393477,1,0.5972515344619751,2.266075123125665,1,False,0.28574080143938213,0.0,10.0,0.4677852988243103,phase_cross_correlation,ambiguous,none,369.15812499501044,369.1651249973802,
dram_anchored_pose-large_0077,dram,anchored,large,none,20260884,797.688472655356,127.79975552522878,797.6899999976158,127.79999999701977,0.0015467840299082827,1,-2.536794155255958,10.240219345442469,-0.27570584474404214,-0.24021934544246903,0.07614438893709445,1,0.9426753520965576,3.008151195866627,1,False,0.27355568952083587,-2.8125,10.0,0.16776315867900848,phase_cross_correlation,ambiguous,none,400.6868750002468,400.69387500261655,
dram_anchored_pose-large_0078,dram,anchored,large,none,20260885,175.91665666819347,294.08338826409107,175.92000000178814,294.07999999821186,0.004760065671130132,1,2.958702702290992,9.81713929902603,-0.1462027022909922,0.18286070097397022,0.07533685434669392,1,0.9463427662849426,2.985079888602127,1,False,0.2858877563044429,2.8125,10.0,0.19145995378494263,phase_cross_correlation,ambiguous,none,401.7208750010468,401.7274579964578,
dram_anchored_pose-large_0079,dram,anchored,large,none,20260886,178.0854054174877,519.9734448191341,178.10000000149012,519.980000000447,0.01599913385934496,1,1.7695824537173461,9.640982322623055,-1.0664574537173461,0.35901767737694534,0.06915332365284246,1,0.8615896105766296,2.800463089389981,1,False,0.2762016487789899,0.703125,10.0,0.26348474621772766,phase_cross_correlation,ambiguous,none,379.97808299405733,379.9850420036819,
dram_anchored_pose-large_0080,dram,anchored,large,none,20260887,557.2973264467571,605.4642698094735,557.2999999970198,605.4600000008941,0.005037770966638258,1,-1.5597129388547746,9.763820316232236,0.15346293885477458,0.2361796837677641,0.06682954680017321,1,0.9490215182304382,2.7271148445599156,1,False,0.29215305904705824,-1.40625,10.0,0.15475954115390778,phase_cross_correlation,ambiguous,none,403.98704200197244,403.9940420043422,
dram_unanchored_pose-none_0081,dram,unanchored,none,none,20260888,511.66084701100266,716.7068403912086,406.5,581.4700000006706,171.3120157574692,0,0.0,10.0,0.0,0.0,0.06315402199445012,1,0.9966732859611511,2.606115290754106,1,False,0.28761502968905867,0.0,10.0,0.08083488047122955,phase_cross_correlation,ambiguous,none,365.7768330012914,365.7823749963427,
dram_unanchored_pose-none_0082,dram,unanchored,none,none,20260889,168.7632294779334,116.0564976239753,755.5299999993294,532.4600000008941,719.5047739799043,0,0.0,10.0,-1.40625,0.0,0.06640850574654843,1,0.9363821744918823,2.7135723532740688,1,False,0.2895919995203912,-1.40625,10.0,0.19089002907276154,phase_cross_correlation,ambiguous,none,399.67862499906914,399.68587499606656,
dram_unanchored_pose-none_0083,dram,unanchored,none,none,20260890,605.042449201066,690.623455605982,331.5099999997765,314.51999999955297,465.0524810009653,0,0.0,10.0,0.0,0.0,0.06466593025878861,1,0.9968826770782471,2.656661446528751,1,False,0.2890420952334404,0.0,10.0,0.07700730860233307,phase_cross_correlation,ambiguous,none,365.5257089994848,365.5319590034196,
dram_unanchored_pose-none_0084,dram,unanchored,none,none,20260891,818.8522153306504,140.52431657922452,214.97000000067055,615.0099999997765,767.9911417216427,0,0.0,10.0,-0.703125,0.0,0.07303854727645843,1,0.9814354181289673,2.9181507295719573,1,False,0.2695736879247725,-0.703125,10.0,0.11912611871957779,phase_cross_correlation,ambiguous,none,374.0045000013197,374.01116600085516,
dram_unanchored_pose-none_0085,dram,unanchored,none,none,20260892,792.033248003639,126.77536301628662,343.51999999955297,309.5,484.3061290093329,0,0.0,10.0,0.0,0.0,0.06705329454020295,1,0.9947812557220459,2.7342793331438258,1,False,0.27565917463120443,0.0,10.0,0.08956634253263474,phase_cross_correlation,ambiguous,none,369.4113340025069,369.4356250052806,
dram_unanchored_pose-none_0086,dram,unanchored,none,none,20260893,145.2531245943901,235.25640417332895,345.5099999997765,435.52999999932945,283.21781252633923,0,0.0,10.0,0.0,0.0,0.07229577295015593,1,0.9972052574157715,2.8961054018067984,1,False,0.27367094816461207,0.0,10.0,0.07406439632177353,phase_cross_correlation,ambiguous,none,361.13716600084445,361.1428750009509,
dram_unanchored_pose-none_0087,dram,unanchored,none,none,20260894,408.813358591022,343.3187992443819,345.0,705.019999999553,367.28722188826407,0,0.0,10.0,-0.703125,0.0,0.08247713723691977,1,0.9758457541465759,3.18168726474494,1,False,0.23048306292971596,-0.703125,10.0,0.12987226247787476,phase_cross_correlation,ambiguous,none,362.78049999964423,362.78725000011036,
dram_unanchored_pose-none_0088,dram,unanchored,none,none,20260895,692.8333747862794,709.2566361741763,828.0,632.019999999553,155.67759806483895,0,0.0,10.0,-0.703125,0.0,0.06732287505262359,1,0.9809340834617615,2.7428819917283676,1,False,0.27533026300276814,-0.703125,10.0,0.11852619051933289,phase_cross_correlation,ambiguous,none,392.52775000204565,392.5359999993816,
dram_unanchored_pose-none_0089,dram,unanchored,none,none,20260896,143.42778693787952,818.7512521083663,49.52999999932945,474.48000000044703,356.846590876124,0,0.0,10.0,0.0,0.0,0.0672363657301906,1,0.9957252740859985,2.740124857158851,1,False,0.30249875219595435,0.0,10.0,0.09097670018672943,phase_cross_correlation,ambiguous,none,379.3926250000368,379.3995419982821,
dram_unanchored_pose-none_0090,dram,unanchored,none,none,20260897,176.19053097435793,579.758267656708,849.9900000002235,253.0599999986589,748.8240664871213,0,0.0,10.0,-0.703125,0.0,0.07311668320336556,1,0.9774722456932068,2.9204577586354294,1,False,0.28053566085356474,-0.703125,10.0,0.13222327828407288,phase_cross_correlation,ambiguous,none,387.634041995625,387.64041600370547,
dram_unanchored_pose-none_0091,dram,unanchored,none,none,20260898,293.38293214312614,636.4996852474435,521.0500000007451,533.0099999997765,250.0848030959635,0,0.0,10.0,-0.703125,0.0,0.07138524325900081,1,0.9806679487228394,2.868794408189155,1,False,0.26951212853464485,-0.703125,10.0,0.12520034611225128,phase_cross_correlation,ambiguous,none,376.08495900349226,376.0912500001723,
dram_unanchored_pose-none_0092,dram,unanchored,none,none,20260899,501.6994415620071,685.8001667946323,207.02999999932945,791.0500000007451,312.9019130346998,0,0.0,10.0,-0.703125,0.0,0.07378193090231927,1,0.9775664210319519,2.9400083203986815,1,False,0.2678473193873316,-0.703125,10.0,0.12672898173332214,phase_cross_correlation,ambiguous,none,360.50704100489384,360.51270800089696,
dram_unanchored_pose-none_0093,dram,unanchored,none,none,20260900,629.100238395367,540.3206468014084,610.5099999997765,75.50999999977648,465.1822592745303,0,0.0,10.0,0.0,0.0,0.06682315325819294,1,0.9967691898345947,2.7269097938350804,1,False,0.27235404691894355,0.0,10.0,0.08253758400678635,phase_cross_correlation,ambiguous,none,349.84008399624145,349.84691700083204,
dram_unanchored_pose-none_0094,dram,unanchored,none,none,20260901,192.72850426223224,83.3334086115569,559.0500000007451,501.98000000044703,556.2880609195541,0,0.0,10.0,-0.703125,0.0,0.06787414092723941,1,0.976119875907898,2.7603745479865336,1,False,0.29004703263969717,-0.703125,10.0,0.13272607326507568,phase_cross_correlation,ambiguous,none,359.00341699743876,359.00883300200803,
dram_unanchored_pose-none_0095,dram,unanchored,none,none,20260902,768.9617221174226,517.169239135016,477.05000000074506,538.019999999553,292.6554420094635,0,0.0,10.0,-0.703125,0.0,0.07746305081481324,1,0.9760924577713013,3.045347261123375,1,False,0.24437182319791242,-0.703125,10.0,0.12754963338375092,phase_cross_correlation,ambiguous,none,394.2183330000262,394.22629099863116,
dram_unanchored_pose-none_0096,dram,unanchored,none,none,20260903,650.4389301340232,378.5525177779853,390.5,638.5,367.61520767343836,0,0.0,10.0,0.0,0.0,0.06657445532178152,1,0.9963923096656799,2.7189194995185546,1,False,0.2840859245706946,0.0,10.0,0.08357992768287659,phase_cross_correlation,ambiguous,none,387.3040000034962,387.3100419950788,
dram_unanchored_pose-none_0097,dram,unanchored,none,none,20260904,651.5458252142881,606.8914836068054,50.940000001341105,76.94999999925494,800.9777358503148,0,0.0,10.0,-0.703125,0.0,0.06725513539864639,1,0.9747006893157959,2.7407233438787335,1,False,0.2807683441999704,-0.703125,10.0,0.13380064070224762,phase_cross_correlation,ambiguous,none,356.48999999830266,356.4957080016029,
dram_unanchored_pose-none_0098,dram,unanchored,none,none,20260905,331.56123969009116,462.3655176451306,744.019999999553,265.96000000089407,456.83405774648475,0,0.0,10.0,-0.703125,0.0,0.07254641360838121,1,0.9792352318763733,2.9035675862530583,1,False,0.26912622586890683,-0.703125,10.0,0.11961071938276291,phase_cross_correlation,ambiguous,none,352.6230829957058,352.6287919958122,
dram_unanchored_pose-none_0099,dram,unanchored,none,none,20260906,295.7968640407147,874.1166811559921,455.5,909.6000000014901,163.59754751071682,0,0.0,10.0,0.0,0.0,0.06897866514030593,1,0.9947839379310608,2.7950301256735437,1,False,0.2716811544337943,0.0,10.0,0.07914186269044876,phase_cross_correlation,ambiguous,none,348.1356659976882,348.1421250035055,
dram_unanchored_pose-none_0100,dram,unanchored,none,none,20260907,404.2022208210335,406.4445017905228,879.429999999702,604.4499999992549,514.8277570449922,0,0.0,10.0,0.0,0.0,0.0724191858412155,1,0.9956511855125427,2.8997826804768128,1,False,0.2588479763972014,0.0,10.0,0.08176961541175842,phase_cross_correlation,ambiguous,none,359.94879200006835,359.9542080046376,
dram_unanchored_pose-none_0101,dram,unanchored,none,none,20260908,423.5814104413642,262.7432945099216,55.57000000029802,115.52999999932945,396.3636616738285,0,0.0,10.0,0.0,0.0,0.07136849641276172,1,0.9960909485816956,2.8682890887155796,1,False,0.27351259339730066,0.0,10.0,0.08243352919816971,phase_cross_correlation,ambiguous,none,380.28112499887357,380.2873329987051,
dram_unanchored_pose-none_0102,dram,unanchored,none,none,20260909,720.1169260312367,194.05911419199282,601.980000000447,134.99000000022352,132.08138984506698,0,0.0,10.0,-0.703125,0.0,0.06251172975180931,1,0.9727381467819214,2.584299938262664,1,False,0.29567459857296946,-0.703125,10.0,0.13400563597679138,phase_cross_correlation,ambiguous,none,369.81954100338044,369.82604199874913,
dram_unanchored_pose-none_0103,dram,unanchored,none,none,20260910,87.43433256651984,350.11702017168216,588.980000000447,182.9400000013411,528.674013542162,0,0.0,10.0,-0.703125,0.0,0.07535933821474045,1,0.9779326915740967,2.985725320573457,1,False,0.27353528421416134,-0.703125,10.0,0.13016267120838165,phase_cross_correlation,ambiguous,none,365.5175829990185,365.52383299567737,
dram_unanchored_pose-none_0104,dram,unanchored,none,none,20260911,691.9673667274584,542.9936993307292,476.5,95.49000000022352,496.67468934802054,0,0.0,10.0,0.0,0.0,0.06692609153176304,1,0.9959772229194641,2.730208970807208,1,False,0.27763053909822927,0.0,10.0,0.09098522365093231,phase_cross_correlation,ambiguous,none,391.2734580007964,391.2820420009666,
dram_unanchored_pose-none_0105,dram,unanchored,none,none,20260912,114.12951775229085,101.32842361671179,732.5099999997765,663.5,835.7220244303151,0,0.0,10.0,0.0,0.0,0.07101419785247944,1,0.9966529011726379,2.8575727420950403,1,False,0.284294562087968,0.0,10.0,0.08749129623174667,phase_cross_correlation,ambiguous,none,448.78433299891185,448.78995799808763,
dram_unanchored_pose-none_0106,dram,unanchored,none,none,20260913,247.86881229578282,579.4362611414819,444.4900000002235,71.49000000022352,544.6735679851633,0,0.0,10.0,0.0,0.0,0.06407089763773895,1,0.9959021210670471,2.636901035098852,1,False,0.2845324017453641,0.0,10.0,0.08530121296644211,phase_cross_correlation,ambiguous,none,412.41608299606014,412.4223750040983,
dram_unanchored_pose-none_0107,dram,unanchored,none,none,20260914,613.2098214567837,581.3225081779976,92.42000000178814,648.5099999997765,525.1058914051791,0,0.0,10.0,0.0,0.0,0.06650353102680759,1,0.9954026341438293,2.7166357279851208,1,False,0.282362673079744,0.0,10.0,0.08987592160701752,phase_cross_correlation,ambiguous,none,390.5427919962676,390.55058299709344,
dram_unanchored_pose-small_0108,dram,unanchored,small,none,20260915,285.87752268532034,588.3774716520662,533.519999999553,169.46000000089407,486.6401592809012,0,2.4346286490455435,10.05402289800114,-1.0283786490455435,-0.05402289800113991,0.07646638533542457,1,0.9489278197288513,3.0172880774083843,1,False,0.25079488020677493,1.40625,10.0,0.1583046317100525,phase_cross_correlation,ambiguous,none,502.1355830031098,502.14266699913424,
dram_unanchored_pose-small_0109,dram,unanchored,small,none,20260916,221.35093499881472,639.8166384279037,49.49000000022352,194.52999999932945,477.3011327679936,0,-3.517960978995245,9.899193741854667,0.0023359789952448473,0.10080625814533306,0.06889349075791612,1,0.9813937544822693,2.792376052020278,1,False,0.2867694940394014,-3.515625,10.0,0.117787666618824,phase_cross_correlation,ambiguous,none,413.8257500017062,413.8321670034202,
dram_unanchored_pose-small_0110,dram,unanchored,small,none,20260917,134.52321481222583,777.2756008172083,344.02999999932945,714.070000000298,218.8333635761736,0,1.5305997093510737,9.798046379734858,-0.8274747093510737,0.20195362026514196,0.06894662783664311,1,0.9412437081336975,2.7940321845127793,1,False,0.26787909021105244,0.703125,10.0,0.18217717111110687,phase_cross_correlation,ambiguous,none,396.59320899954764,396.60025000193855,
dram_unanchored_pose-small_0111,dram,unanchored,small,none,20260918,897.7542274121029,903.1664855454311,92.01999999955297,92.99000000022352,1142.6257405443318,0,4.606158437118163,9.751899754514815,-0.38740843711816275,0.24810024548518506,0.060061971887231703,1,0.9253981709480286,2.4991258968406824,1,False,0.29359826859004795,4.21875,10.0,0.19958074390888214,phase_cross_correlation,ambiguous,none,434.12958300177706,434.13875000260305,
dram_unanchored_pose-small_0112,dram,unanchored,small,none,20260919,911.2610620030902,565.1305090834181,261.51999999955297,572.4700000006706,649.782514215648,0,-2.928671403231312,10.219081125193135,-0.5869535967686881,-0.21908112519313505,0.07833832239738853,1,0.9553819298744202,3.0697174028861203,1,False,0.2459363316363953,-3.515625,10.0,0.1705133020877838,phase_cross_correlation,ambiguous,none,443.91533300222363,443.92312499985565,
dram_unanchored_pose-small_0113,dram,unanchored,small,none,20260920,851.5275420792397,735.9835877426102,808.4600000008941,233.53999999910593,504.28600223011796,0,-4.562533261437649,9.755748747660368,-0.3593417385623514,0.24425125233963207,0.06252326502196501,1,0.922366738319397,2.5846935726326614,1,False,0.2835363909316212,-4.921875,10.0,0.20943309366703033,phase_cross_correlation,ambiguous,none,440.35216700285673,440.35825000173645,
dram_unanchored_pose-small_0114,dram,unanchored,small,none,20260921,560.2093676043079,911.0648353934271,307.53999999910593,887.4499999992549,253.77050612060205,0,2.790092942445778,9.85237279100132,-1.3838429424457779,0.14762720899867965,0.06434259336539931,1,0.9271312952041626,2.645944874554487,1,False,0.2746536778689623,1.40625,10.0,0.20365440845489502,phase_cross_correlation,ambiguous,none,438.0581669975072,438.06462499924237,
dram_unanchored_pose-small_0115,dram,unanchored,small,none,20260922,606.2960494921679,809.7142601747056,342.9900000002235,185.99000000022352,677.0243927874824,0,4.918211860846256,10.221530851521123,-0.699461860846256,-0.2215308515211234,0.06499943728592265,1,0.9410253167152405,2.6676629631935374,1,False,0.2836758892729133,4.21875,10.0,0.17861685156822205,phase_cross_correlation,ambiguous,none,411.300374995335,411.30666700337315,
dram_unanchored_pose-small_0116,dram,unanchored,small,none,20260923,331.7364823777355,914.3716617487833,622.5099999997765,182.47000000067055,787.5463675365052,0,4.897891627764834,10.011477567011237,-1.3822666277648343,-0.011477567011237255,0.0632996746394875,1,0.9276214241981506,2.6110335631955577,1,False,0.29712149314966796,3.515625,10.0,0.19608686864376068,phase_cross_correlation,ambiguous,none,400.8721250065719,400.88299999479204,
dram_unanchored_pose-small_0117,dram,unanchored,small,none,20260924,115.26294833224934,606.6441742650118,703.5299999993294,771.4499999992549,610.9165935485995,0,-4.340686818186935,9.793782026702987,-0.5811881818130651,0.2062179732970133,0.06733491837415988,1,0.9355549216270447,2.7432655631647758,1,False,0.2822863738649338,-4.921875,10.0,0.2022741585969925,phase_cross_correlation,ambiguous,none,384.347916005936,384.3537499997183,
dram_unanchored_pose-small_0118,dram,unanchored,small,none,20260925,508.73167506105744,354.41891168453924,275.4400000013411,297.5,240.1348957555329,0,-3.4076093841411206,9.817224497247926,-0.10801561585887942,0.1827755027520741,0.0759404785271928,1,0.9502748250961304,3.002346738847325,1,False,0.25336830592131615,-3.515625,10.0,0.16003823280334473,phase_cross_correlation,ambiguous,none,375.563499997952,375.56970799778355,
dram_unanchored_pose-small_0119,dram,unanchored,small,none,20260926,898.6487968495994,326.2126616834731,70.99000000022352,375.02999999932945,829.0972298364054,0,3.3758671671166507,10.195429408917551,-0.5633671671166507,-0.19542940891755123,0.0620597743084387,1,0.9623568058013916,2.568823601292684,1,False,0.29332972675324975,2.8125,10.0,0.15008136630058289,phase_cross_correlation,ambiguous,none,389.0469999969355,389.0537920015049,
dram_unanchored_pose-small_0120,dram,unanchored,small,none,20260927,100.06184317177792,837.8899135588762,819.9900000002235,163.01999999955297,986.7856663034639,0,-4.024813392798656,9.94041075516592,-0.1939366072013442,0.059589244834079125,0.06577008632937874,1,0.9898667931556702,2.69288510344837,1,False,0.2771706622597575,-4.21875,10.0,0.09647540748119354,phase_cross_correlation,ambiguous,none,389.75770799879683,389.76450000336627,
dram_unanchored_pose-small_0121,dram,unanchored,small,none,20260928,732.5581412007315,341.70648161564617,942.9600000008941,455.0099999997765,238.96993422769006,0,0.3040869771538346,9.732613226111162,-1.0072119771538346,0.2673867738888376,0.0689271861989396,1,0.9026184678077698,2.7934263807893216,1,False,0.26783502938868475,-0.703125,10.0,0.23281225562095642,phase_cross_correlation,ambiguous,none,359.3985000043176,359.4042089971481,
dram_unanchored_pose-small_0122,dram,unanchored,small,none,20260929,78.26287074809981,533.2919767995284,422.5,316.570000000298,406.77710897167697,0,-1.4975164150482911,10.170833040196012,-0.6118585849517089,-0.17083304019601186,0.06886024007036244,1,0.9698897004127502,2.79133912034251,1,False,0.26403975500769167,-2.109375,10.0,0.1380612552165985,phase_cross_correlation,ambiguous,none,383.7417920003645,383.74787499924423,
dram_unanchored_pose-small_0123,dram,unanchored,small,none,20260930,211.60542547514697,405.296491321445,905.4600000008941,694.519999999553,751.7209645622378,0,-0.8263164163016834,9.919956477750024,-0.5799335836983166,0.08004352224997646,0.06958597596123199,1,0.9852871894836426,2.813866756016627,1,False,0.2722101665161103,-1.40625,10.0,0.11087371408939362,phase_cross_correlation,ambiguous,none,388.5035409984994,388.5098340033437,
dram_unanchored_pose-small_0124,dram,unanchored,small,none,20260931,175.2836063119479,269.8542574779711,628.5099999997765,877.4900000002235,758.0470694659031,0,-0.7567067692890017,9.920804775443017,-0.6495432307109983,0.07919522455698313,0.07617576653586139,1,0.9778172373771667,3.0090431152501997,1,False,0.24832260095771402,-1.40625,10.0,0.12469827383756638,phase_cross_correlation,ambiguous,none,380.04304099740693,380.04983399878256,
dram_unanchored_pose-small_0125,dram,unanchored,small,none,20260932,690.2068776250529,565.9880490765531,190.00999999977648,309.0,562.3520016450983,0,4.635419741995275,9.830875730918184,-0.41666974199527473,0.16912426908181644,0.06129598842433745,1,0.9559258818626404,2.542428372463954,1,False,0.29130632727964223,4.21875,10.0,0.16733911633491516,phase_cross_correlation,ambiguous,none,376.7069590030587,376.71299999783514,
dram_unanchored_pose-small_0126,dram,unanchored,small,none,20260933,796.9183896433958,347.00696517169666,844.0500000007451,802.019999999553,457.4475385857191,0,-1.6813174051066582,9.910566423491282,-1.1311825948933418,0.08943357650871775,0.06296811100854795,1,0.9297423958778381,2.5998222180799986,1,False,0.2995695810088515,-2.8125,10.0,0.19848017394542694,phase_cross_correlation,ambiguous,none,386.2823750023381,386.2886659990181,
dram_unanchored_pose-small_0127,dram,unanchored,small,none,20260934,274.30394506298785,349.99204447888866,626.5,927.5399999991059,676.4641173327509,0,0.15583567481103233,10.150130766730733,-0.15583567481103233,-0.150130766730733,0.06691506837837105,1,0.9658480286598206,2.729855903471258,1,False,0.2806889478365332,0.0,10.0,0.15162351727485657,phase_cross_correlation,ambiguous,none,350.5815000025905,350.58899999421556,
dram_unanchored_pose-small_0128,dram,unanchored,small,none,20260935,673.5877859848301,886.9388590388442,436.02999999932945,139.92000000178814,783.8819282515434,0,-0.7940635153398401,9.74664753467566,0.0909385153398401,0.2533524653243404,0.0735463948875706,1,0.9538443088531494,2.933104922003457,1,False,0.25433009581246974,-0.703125,10.0,0.16872890293598175,phase_cross_correlation,ambiguous,none,353.6776250039111,353.6840420056251,
dram_unanchored_pose-small_0129,dram,unanchored,small,none,20260936,773.3124178625667,456.640285646837,400.4900000002235,943.480000000447,613.1961046293659,0,-2.8519049802857452,10.049904253550785,-0.6637200197142548,-0.04990425355078543,0.06711233031387845,1,0.9792218208312988,2.736165981339598,1,False,0.27774801697906853,-3.515625,10.0,0.1269157975912094,phase_cross_correlation,ambiguous,none,385.37054199696286,385.37841699871933,
dram_unanchored_pose-small_0130,dram,unanchored,small,none,20260937,210.2592610510008,326.9764359096142,581.9099999964237,606.070000000298,464.77681662871214,0,-1.9133445940314397,10.23732600254595,-0.8991554059685603,-0.2373260025459505,0.0702497177138496,1,0.9312870502471924,2.8342805069546912,1,False,0.27060642392359674,-2.8125,10.0,0.19649983942508698,phase_cross_correlation,ambiguous,none,402.7928340001381,402.79999999620486,
dram_unanchored_pose-small_0131,dram,unanchored,small,none,20260938,281.29881648045193,899.2085802240562,65.60999999940395,882.5599999986589,216.330397259647,0,-4.413524450791848,9.71870458038766,-0.5083505492081519,0.2812954196123396,0.07075914733191194,1,0.8907821774482727,2.8498277074535996,1,False,0.26519028181695564,-4.921875,10.0,0.240761399269104,phase_cross_correlation,ambiguous,none,382.48975000169594,382.49583300057566,
dram_unanchored_pose-small_0132,dram,unanchored,small,none,20260939,519.1941440445112,598.1157002907307,545.480000000447,268.55000000074506,330.6123062303714,0,-1.37928805993915,9.70668290762288,-0.026961940060850065,0.29331709237711934,0.06563460850350092,1,0.9260133504867554,2.688471104615218,1,False,0.27637828270304204,-1.40625,10.0,0.20358487963676453,phase_cross_correlation,ambiguous,none,398.5384160041576,398.5465000005206,
dram_unanchored_pose-small_0133,dram,unanchored,small,none,20260940,579.7556576917699,422.675888007172,477.44999999925494,913.3999999985099,501.2749761214749,0,-0.46806788278653033,9.937247238622044,-1.6413071172134697,0.06275276137795593,0.0636797118780637,1,0.8957746624946594,2.6238168217779227,1,False,0.2846665546205491,-2.109375,10.0,0.23466409742832184,phase_cross_correlation,ambiguous,none,392.33854100166354,392.34558300086064,
dram_unanchored_pose-small_0134,dram,unanchored,small,none,20260941,315.92551013925294,801.4329522834616,614.5299999993294,124.46000000089407,739.903385238081,0,1.3133627855241514,9.70442793478206,-1.3133627855241514,0.29557206521793944,0.0678081235050604,1,0.866631805896759,2.7582866678286457,1,False,0.2736326035735458,0.0,10.0,0.25960540771484375,phase_cross_correlation,ambiguous,none,353.97945799923036,353.98633400473045,
dram_unanchored_pose-large_0135,dram,unanchored,large,none,20260942,550.6844719229696,901.5591152151263,846.0299999993294,949.9700000006706,299.28681013439785,0,-0.7788169855527709,10.386404198373997,0.0756919855527709,-0.386404198373997,0.057122330667080126,1,0.8090113401412964,2.3925171419343365,1,False,0.27989932216881214,-0.703125,10.0,0.33447471261024475,phase_cross_correlation,ambiguous,none,368.3572500012815,368.36370899982285,
dram_unanchored_pose-large_0136,dram,unanchored,large,none,20260943,599.37805699005,545.0475621525604,312.4099999964237,471.42000000178814,296.26286240931887,0,2.7136785032889943,9.535973918489699,-1.3074285032889943,0.4640260815103012,0.0636208681994558,1,0.7843812704086304,2.6218421661280833,1,False,0.27523769901195166,1.40625,10.0,0.3157448172569275,phase_cross_correlation,ambiguous,none,381.5696659949026,381.5763749953476,
dram_unanchored_pose-large_0137,dram,unanchored,large,none,20260944,487.67981727320364,877.2269536991357,295.01999999955297,556.0,374.5725042962219,0,-4.264678754234904,9.920030464900425,0.045928754234903835,0.0799695350995755,0.06520284382325259,1,0.9875134825706482,2.674347048830642,1,False,0.2824887544755191,-4.21875,10.0,0.10252103954553604,phase_cross_correlation,ambiguous,none,376.31949999922654,376.32691700127907,
dram_unanchored_pose-large_0138,dram,unanchored,large,none,20260945,584.5216224332506,136.09616755344067,742.0299999993294,403.03999999910593,309.94821935974704,0,0.7971402116162505,9.644144804330553,-1.5002652116162505,0.3558551956694469,0.06261991640618697,1,0.8564274907112122,2.587989084258859,1,False,0.2784493391851783,-0.703125,10.0,0.28171753883361816,phase_cross_correlation,ambiguous,none,360.1357910010847,360.14187499677064,
dram_unanchored_pose-large_0139,dram,unanchored,large,none,20260946,197.73170472107776,887.6041102898503,830.519999999553,346.5599999986589,832.5561578189339,0,2.784143455751815,9.895485876395178,-1.3778934557518152,0.10451412360482237,0.07093910162531993,1,0.9386255741119385,2.8552949922471442,1,False,0.2748017722673714,1.40625,10.0,0.1794048249721527,phase_cross_correlation,ambiguous,none,404.2969170041033,404.30354099953547,
dram_unanchored_pose-large_0140,dram,unanchored,large,none,20260947,840.461259445937,779.7516583837908,395.44999999925494,574.5,490.06455115996556,0,7.245028729232542,10.049559122874424,-0.9169037292325424,-0.04955912287442388,0.06711462983504918,1,0.9714487791061401,2.7362394376027486,1,False,0.2720799036933593,6.328125,10.0,0.13770462572574615,phase_cross_correlation,ambiguous,none,400.6543750001583,400.661833002232,
dram_unanchored_pose-large_0141,dram,unanchored,large,none,20260948,317.0750236611064,164.78502190205407,87.50999999977648,847.4600000008941,720.239700246299,0,-1.0608604599913143,10.260545798822747,-0.3453895400086857,-0.2605457988227471,0.06677729126642401,1,0.9160764813423157,2.725438395062379,1,False,0.2740488816381544,-1.40625,10.0,0.23228296637535095,phase_cross_correlation,ambiguous,none,446.33587499993155,446.380291999958,
dram_unanchored_pose-large_0142,dram,unanchored,large,none,20260949,903.6277797101542,838.6899725239753,196.50999999977648,884.480000000447,708.5988152677298,0,-0.9312480509659373,9.851631209669655,-0.4750019490340627,0.14836879033034478,0.06885910426959164,1,0.975705623626709,2.7913036918994223,1,False,0.2758960697909594,-1.40625,10.0,0.13125617802143097,phase_cross_correlation,ambiguous,none,457.9337920004036,457.9420419977396,
dram_unanchored_pose-large_0143,dram,unanchored,large,none,20260950,390.2597873969239,157.65257497249985,64.48000000044703,537.5,500.4163628181197,0,-0.2538935571657941,10.013507908051633,0.2538935571657941,-0.013507908051632711,0.07761171507019149,1,0.9922956824302673,3.04950422991953,1,False,0.2746649467356801,0.0,10.0,0.1034122183918953,phase_cross_correlation,ambiguous,none,392.7472079958534,392.75412500137463,
dram_unanchored_pose-large_0144,dram,unanchored,large,none,20260951,460.30045802916226,234.52356865680127,100.52999999932945,947.5099999997765,798.6140705936672,0,2.8291767518143462,10.070698077989945,-0.7198017518143462,-0.07069807798994532,0.060750202007917344,1,0.9797810912132263,2.5233778761358443,1,False,0.3124883981082737,2.109375,10.0,0.12410318851470947,phase_cross_correlation,ambiguous,none,396.53558299323777,396.54208299907623,
dram_unanchored_pose-large_0145,dram,unanchored,large,none,20260952,203.32886498608224,433.0616509531273,222.50999999977648,309.51999999955297,125.02181993855457,0,0.6396244114647409,10.005928971699126,-0.6396244114647409,-0.00592897169912554,0.07664806889026556,1,0.9804262518882751,3.022427917658311,1,False,0.25309439711935816,0.0,10.0,0.12649288773536682,phase_cross_correlation,ambiguous,none,359.1318329999922,359.13787499885075,
dram_unanchored_pose-large_0146,dram,unanchored,large,none,20260953,783.5072272818086,170.0707046377794,403.0,258.97000000067055,390.7541870917169,0,4.4034318907738665,9.998477444165959,-0.18468189077386654,0.0015225558340414835,0.06143357179348682,1,0.9943290948867798,2.547205645666822,1,False,0.28860057359544933,4.21875,10.0,0.0849812775850296,phase_cross_correlation,ambiguous,none,385.39095900341636,385.3972500000964,
dram_unanchored_pose-large_0147,dram,unanchored,large,none,20260954,767.5549191053243,878.3436100998532,187.84,206.06,887.7131517794382,0,-7.9959455021051795,9.631730597395112,7.9959455021051795,0.36826940260488783,0.042239010424616384,1,0.10511107742786407,1.757491907587431,1,False,0.29125188836470245,0.0,10.0,0.8928507211735864,surface_upsampling,ambiguous,none,355.1382499936153,355.14416600199183,
dram_unanchored_pose-large_0148,dram,unanchored,large,none,20260955,208.38199594577372,437.54354484039686,193.49000000022352,56.60999999940395,381.22452325154404,0,-0.9404998188191076,9.710012651274095,-1.1688751811808924,0.28998734872590504,0.06919528891880251,1,0.8548970222473145,2.801766576715732,1,False,0.2673528300560415,-2.109375,10.0,0.28636476397514343,phase_cross_correlation,ambiguous,none,383.4832920038025,383.49025000206893,
dram_unanchored_pose-large_0149,dram,unanchored,large,none,20260956,659.3021476431815,438.5101120537304,558.019999999553,628.0500000007451,214.9033330459829,0,5.571442703150108,10.186117101225028,-1.3526927031501081,-0.18611710122502778,0.059800144922563206,1,0.9119470119476318,2.4898312399160187,1,False,0.29659383204442263,4.21875,10.0,0.21111078560352325,phase_cross_correlation,ambiguous,none,387.1639999997569,387.17000000178814,
dram_unanchored_pose-large_0150,dram,unanchored,large,none,20260957,214.24385411243674,423.3155978743154,513.5399999991059,46.55000000074506,481.1761617990269,0,-3.3288673046561,10.233196126810304,-0.18675769534389985,-0.233196126810304,0.06122290380097352,1,0.9424758553504944,2.5398865956628307,1,False,0.2822394794086702,-3.515625,10.0,0.18054905533790588,phase_cross_correlation,ambiguous,none,393.72287500009406,393.72929200180806,
dram_unanchored_pose-large_0151,dram,unanchored,large,none,20260958,112.71828778892463,881.6213336254212,671.4700000006706,787.5099999997765,566.6219365823698,0,1.7067550810384464,9.872346562034473,-0.3005050810384464,0.12765343796552742,0.07205887198894026,1,0.9840806126594543,2.889030320582795,1,False,0.26954987751685827,1.40625,10.0,0.11677657067775726,phase_cross_correlation,ambiguous,none,401.51083399541676,401.5185419993941,
dram_unanchored_pose-large_0152,dram,unanchored,large,none,20260959,440.0676961332741,669.6884581920888,90.52999999932945,429.52999999932945,424.0904220330249,0,-3.062953619007901,10.081848505121725,-0.4526713809920988,-0.08184850512172481,0.07349090804475747,1,0.9845554232597351,2.931475679182506,1,False,0.26815745125965773,-3.515625,10.0,0.1162765696644783,phase_cross_correlation,ambiguous,none,387.8741660009837,387.8804999985732,
dram_unanchored_pose-large_0153,dram,unanchored,large,none,20260960,568.8366204055503,347.95544866655973,854.609999999404,172.70000000298023,335.2326009963311,0,6.31890519226857,10.371293650621222,-6.31890519226857,-0.3712936506212223,0.042970422967034176,1,0.28479719161987305,1.793355488165211,1,False,0.27502193791787327,0.0,10.0,0.6754789352416992,phase_cross_correlation,ambiguous,none,362.22212499706075,362.2275419984362,
dram_unanchored_pose-large_0154,dram,unanchored,large,none,20260961,305.819457214335,453.91872603904636,521.6299999952316,719.5299999993294,342.2331650062422,0,0.803317626134568,10.260249911392624,-0.803317626134568,-0.26024991139262355,0.05806507125729989,1,0.8784526586532593,2.42725621094649,1,False,0.2946282604307383,0.0,10.0,0.24380066990852356,phase_cross_correlation,ambiguous,none,350.57695800060173,350.58474999823375,
dram_unanchored_pose-large_0155,dram,unanchored,large,none,20260962,196.9252870267626,776.212463842222,276.77000001072884,232.60999999940395,549.4349978727913,0,4.519019503545149,10.483477617124723,-4.519019503545149,-0.4834776171247235,0.04712266844708965,1,0.38165712356567383,1.9865359829073659,1,False,0.2732911427658275,0.0,10.0,0.6249675750732422,phase_cross_correlation,ambiguous,none,360.46716699638637,360.47524999594316,
dram_unanchored_pose-large_0156,dram,unanchored,large,none,20260963,362.31099112759074,93.64724516221557,387.55000000074506,496.5900000035763,403.73242531167114,0,6.186124011244182,9.845233814771847,-1.264249011244182,0.15476618522815322,0.065530944840106,1,0.9259917140007019,2.6850879176592515,1,False,0.2790473429173827,4.921875,10.0,0.20949199795722961,phase_cross_correlation,ambiguous,none,380.6266250030603,380.63387500005774,
dram_unanchored_pose-large_0157,dram,unanchored,large,none,20260964,101.97039169904741,665.4194629053095,856.5,886.5099999997765,786.2543833871508,0,-0.8697026332174662,10.029552436663728,-0.5365473667825338,-0.029552436663728088,0.06239020853711235,1,0.9781614542007446,2.5801489734245955,1,False,0.28921711367815733,-1.40625,10.0,0.13032491505146027,phase_cross_correlation,ambiguous,none,390.78533399879234,390.79175000370014,
dram_unanchored_pose-large_0158,dram,unanchored,large,none,20260965,362.1293214475191,509.2893255996131,567.480000000447,445.47000000067055,215.0390836616725,0,-1.168952210572737,9.840874413702549,-0.23729778942726298,0.159125586297451,0.06671645525159145,1,0.9752997159957886,2.7234851335121704,1,False,0.2902136668203026,-1.40625,10.0,0.13245928287506104,phase_cross_correlation,ambiguous,none,381.3114169970504,381.3170830035233,
dram_unanchored_pose-large_0159,dram,unanchored,large,none,20260966,416.1653736242952,669.6292552943829,774.5500000007451,434.48000000044703,428.64287313366145,0,-2.7580850136378245,10.076956170669257,-0.7575399863621755,-0.07695617066925742,0.060936655122167185,1,0.9737659096717834,2.5299038942666807,1,False,0.30733819344113766,-3.515625,10.0,0.1370740383863449,phase_cross_correlation,ambiguous,none,392.8254159982316,392.83258299838053,
dram_unanchored_pose-large_0160,dram,unanchored,large,none,20260967,381.7747040681378,426.44269334322115,635.5599999986589,611.5599999986589,314.1263975757299,0,-0.5727567681776087,9.95033720794391,-0.8334932318223913,0.0496627920560897,0.06951361265098521,1,0.9696605205535889,2.811630304583945,1,False,0.27258277563250066,-1.40625,10.0,0.13991601765155792,phase_cross_correlation,ambiguous,none,387.3304590015323,387.33741699979873,
dram_unanchored_pose-large_0161,dram,unanchored,large,none,20260968,264.91968058414886,183.7408011799167,768.5599999986589,78.59000000357628,514.5000119805402,0,1.9265302359890732,9.583100646287638,-0.5202802359890732,0.41689935371236153,0.06923180547433837,1,0.8622286319732666,2.802900225820563,1,False,0.2662112799232304,1.40625,10.0,0.28025364875793457,phase_cross_correlation,ambiguous,none,382.2277090002899,382.2330420007347,
finfet_anchored_pose-none_0162,finfet,anchored,none,none,20260969,332.11882866780456,271.1759645107349,332.1100000143051,271.22999998927116,0.054751968578822495,1,0.0,10.0,0.0,0.0,0.043075317946921515,1,0.9577220678329468,1.7984509548201304,1,False,0.2694660869960487,0.0,10.0,0.12361209094524384,phase_cross_correlation,ambiguous,none,349.5539590003318,349.5599169982597,
finfet_anchored_pose-none_0163,finfet,anchored,none,none,20260970,410.25810813579454,833.7013979803629,410.24000000953674,833.6599999964237,0.045185144802224415,1,0.0,10.0,0.0,0.0,0.042713445794416355,1,0.9772597551345825,1.7808219683028599,1,False,0.26433171855728327,0.0,10.0,0.09896071255207062,phase_cross_correlation,ambiguous,none,354.2527079989668,354.2582090012729,
finfet_anchored_pose-none_0164,finfet,anchored,none,none,20260971,804.2665390924888,831.0233282252316,804.2599999904633,831.0500000007451,0.02746167264281694,1,0.0,10.0,-0.703125,0.0,0.042819082278314144,1,0.9459817409515381,1.785982861068793,1,False,0.2551344596742019,-0.703125,10.0,0.16794231534004211,phase_cross_correlation,ambiguous,none,372.9245840004296,372.93050000153016,
finfet_anchored_pose-none_0165,finfet,anchored,none,none,20260972,466.26405856063934,533.4296036836707,466.2800000011921,533.4699999988079,0.04342800713317009,1,0.0,10.0,-0.703125,0.0,0.04408207135165555,1,0.9465730786323547,1.846762187609851,1,False,0.264135539619863,-0.703125,10.0,0.16464892029762268,phase_cross_correlation,ambiguous,none,363.1011660036165,363.10729200340575,
finfet_anchored_pose-none_0166,finfet,anchored,none,none,20260973,704.4728893627434,157.21718414530818,704.4600000008941,157.29999999701977,0.08381289246649129,1,0.0,10.0,0.0,0.0,0.04317273190706349,1,0.9911885261535645,1.803172416098971,1,False,0.26731023377154767,0.0,10.0,0.12962304055690765,phase_cross_correlation,ambiguous,none,353.7036670022644,353.7087500008056,
finfet_anchored_pose-none_0167,finfet,anchored,none,none,20260974,891.8107397316909,269.786471156501,891.7899999916553,269.7300000041723,0.060159187677965055,1,0.0,10.0,0.0,0.0,0.04155391775613724,1,0.9660716652870178,1.7233569966721716,1,False,0.26254547656264904,0.0,10.0,0.11224177479743958,phase_cross_correlation,ambiguous,none,351.5177079971181,351.5234170045005,
finfet_anchored_pose-none_0168,finfet,anchored,none,none,20260975,481.9114491807674,269.07678253662664,481.90000000596046,269.1200000047684,0.04470831193796056,1,0.0,10.0,0.0,0.0,0.04144879138170678,1,0.94890958070755,1.7180714716920669,1,False,0.2652441175066382,0.0,10.0,0.1182192862033844,phase_cross_correlation,ambiguous,none,354.7977920025005,354.8038750013802,
finfet_anchored_pose-none_0169,finfet,anchored,none,none,20260976,376.4265687599748,911.1313333029236,376.42000000178814,911.1899999976158,0.059033292727257644,1,0.0,10.0,0.0,0.0,0.044863471151580715,1,0.9889052510261536,1.883539222245211,1,False,0.26106707407574353,0.0,10.0,0.132159024477005,phase_cross_correlation,ambiguous,none,349.59208399959607,349.5976670019445,
finfet_anchored_pose-none_0170,finfet,anchored,none,none,20260977,251.1400247333072,328.2557152179731,251.15999999642372,328.2900000065565,0.03967943881639553,1,0.0,10.0,0.0,0.0,0.04482042478409871,1,0.9642149209976196,1.881529172410865,1,False,0.26893553310252727,0.0,10.0,0.10621127486228943,phase_cross_correlation,ambiguous,none,354.0869999997085,354.0937500001746,
finfet_anchored_pose-none_0171,finfet,anchored,none,none,20260978,814.3867322034117,127.6903956781285,814.3999999985099,127.65000000596046,0.04251875723341184,1,0.0,10.0,0.0,0.0,0.042657412299271245,1,0.9823524951934814,1.7780794884360889,1,False,0.266264832258448,0.0,10.0,0.09856359660625458,phase_cross_correlation,ambiguous,none,351.3904999999795,351.39566600264516,
finfet_anchored_pose-none_0172,finfet,anchored,none,none,20260979,599.8376609303036,432.77630920082976,599.8400000035763,432.78999999165535,0.013889169060996697,1,0.0,10.0,0.0,0.0,0.043858091520697286,1,0.9627038240432739,1.8361057743916416,1,False,0.2653673133957535,0.0,10.0,0.11254697293043137,phase_cross_correlation,ambiguous,none,348.63224999571685,348.6378329980653,
finfet_anchored_pose-none_0173,finfet,anchored,none,none,20260980,392.69830030175524,596.6396520439564,392.68000000715256,596.6599999964237,0.027366767294607446,1,0.0,10.0,-0.703125,0.0,0.044800082269506006,1,0.9437594413757324,1.8805786385637269,1,False,0.2617608693437427,-0.703125,10.0,0.1581285148859024,phase_cross_correlation,ambiguous,none,359.6350000007078,359.6404999989318,
finfet_anchored_pose-none_0174,finfet,anchored,none,none,20260981,503.14051916204056,354.11319843188215,503.1399999856949,354.169999986887,0.056803927637479476,1,0.0,10.0,0.0,0.0,0.04041795898950624,1,0.9552611112594604,1.6655527998493216,1,False,0.26199310417097804,0.0,10.0,0.1300550252199173,phase_cross_correlation,ambiguous,none,345.49616600270383,345.501375006279,
finfet_anchored_pose-none_0175,finfet,anchored,none,none,20260982,342.61854350943673,510.06188937129156,342.65000000596046,510.0900000035763,0.04218671379705184,1,0.0,10.0,0.0,0.0,0.04278836633039481,1,0.9824195504188538,1.784483482228187,1,False,0.273262971053049,0.0,10.0,0.12700030207633972,phase_cross_correlation,ambiguous,none,349.2446669988567,349.25033299805364,
finfet_anchored_pose-none_0176,finfet,anchored,none,none,20260983,627.5769757591028,414.03814070529575,627.570000000298,414.0600000023842,0.022945371648823383,1,0.0,10.0,0.0,0.0,0.04228072699282217,1,0.9862851500511169,1.7595533099740672,1,False,0.2689532409406453,0.0,10.0,0.11760535091161728,phase_cross_correlation,ambiguous,none,350.48187500069616,350.48762500082375,
finfet_anchored_pose-none_0177,finfet,anchored,none,none,20260984,500.8743603834423,93.54191503341268,500.8600000143051,93.51999999955297,0.026200933396137584,1,0.0,10.0,0.0,0.0,0.04103960479486154,1,0.9552978277206421,1.697375590088143,1,False,0.26263478555575015,0.0,10.0,0.12749120593070984,phase_cross_correlation,ambiguous,none,354.5062080011121,354.51241600094363,
finfet_anchored_pose-none_0178,finfet,anchored,none,none,20260985,105.50322646875156,118.63749011450454,105.5,118.65999999642372,0.022739940294998873,1,0.0,10.0,0.0,0.0,0.04527128170557564,1,0.9914461374282837,1.902491276009614,1,False,0.2598911689479463,0.0,10.0,0.11600996553897858,phase_cross_correlation,ambiguous,none,352.6054579997435,352.61154199542943,
finfet_anchored_pose-none_0179,finfet,anchored,none,none,20260986,554.5699733441438,560.5464510550033,554.5699999928474,560.6100000143051,0.06354896488923457,1,0.0,10.0,-0.703125,0.0,0.04157597173022146,1,0.9280838370323181,1.724464198943326,1,False,0.2674592167266831,-0.703125,10.0,0.15770861506462097,phase_cross_correlation,ambiguous,none,374.13833400205476,374.1443330000038,
finfet_anchored_pose-none_0180,finfet,anchored,none,none,20260987,863.0120161059291,373.69115626446427,863.0,373.669999986887,0.02433053395687252,1,0.0,10.0,-0.703125,0.0,0.042902948937428714,1,0.9572170972824097,1.7900715305839043,1,False,0.27961933217953144,-0.703125,10.0,0.1502026468515396,phase_cross_correlation,ambiguous,none,360.08504100027494,360.0908750013332,
finfet_anchored_pose-none_0181,finfet,anchored,none,none,20260988,864.0179955803608,589.5606649479756,864.0399999916553,589.5599999986589,0.02201445602359067,1,0.0,10.0,0.0,0.0,0.03944625020805407,1,0.9283549189567566,1.614858100300533,1,False,0.25629026001532373,0.0,10.0,0.1205446645617485,phase_cross_correlation,ambiguous,none,352.34229100024095,352.3476250047679,
finfet_anchored_pose-none_0182,finfet,anchored,none,none,20260989,623.3913578942297,82.57591623598634,623.3999999985099,82.53999999910593,0.03694133238039893,1,0.0,10.0,0.0,0.0,0.04544857536389249,1,0.9911612272262573,1.9106799145899427,1,False,0.2592525743445009,0.0,10.0,0.12014546990394592,phase_cross_correlation,ambiguous,none,355.4368749973946,355.4433329991298,
finfet_anchored_pose-none_0183,finfet,anchored,none,none,20260990,882.823403732201,468.5053454162864,882.8199999928474,468.5099999997765,0.005766332374484153,1,0.0,10.0,0.0,0.0,0.04216536218733501,1,0.9717572331428528,1.7538478631341015,1,False,0.26091387691521645,0.0,10.0,0.11016884446144104,phase_cross_correlation,ambiguous,none,351.8115840051905,351.8174170021666,
finfet_anchored_pose-none_0184,finfet,anchored,none,none,20260991,264.9040720367409,674.5256178875576,264.8999999985099,674.5099999904633,0.016140018742366386,1,0.0,10.0,-0.703125,0.0,0.04325723681792236,1,0.9659832715988159,1.8072599686648179,1,False,0.2559056845094115,-0.703125,10.0,0.13763751089572906,phase_cross_correlation,ambiguous,none,354.8560829949565,354.86208299698774,
finfet_anchored_pose-none_0185,finfet,anchored,none,none,20260992,198.01201325673446,483.4137227512912,198.01999999955297,483.31999999284744,0.09406244474364413,1,0.0,10.0,-0.703125,0.0,0.04385857231068246,1,0.9506099820137024,1.836128704761172,1,False,0.27010593333019317,-0.703125,10.0,0.16245847940444946,phase_cross_correlation,ambiguous,none,370.4764579961193,370.4822500003502,
finfet_anchored_pose-none_0186,finfet,anchored,none,none,20260993,514.508678439848,609.2654319950655,514.5099999904633,609.25,0.015488478547901885,1,0.0,10.0,-0.703125,0.0,0.041076618254789116,1,0.9098275303840637,1.6992557658414056,1,False,0.2708889606922716,-0.703125,10.0,0.1511518359184265,phase_cross_correlation,ambiguous,none,358.62866599927656,358.6354159997427,
finfet_anchored_pose-none_0187,finfet,anchored,none,none,20260994,705.1132666116574,323.8931612891703,705.1200000047684,323.84999999403954,0.043683360449372294,1,0.0,10.0,0.0,0.0,0.046584527309115865,1,0.9604967832565308,1.9624353648081478,1,False,0.26413837414593994,0.0,10.0,0.13069118559360504,phase_cross_correlation,ambiguous,none,354.0679159996216,354.0741250035353,
finfet_anchored_pose-none_0188,finfet,anchored,none,none,20260995,183.30805469608683,110.83198859156934,183.3100000023842,110.80000001192093,0.03204767455703145,1,0.0,10.0,0.0,0.0,0.04411839756249431,1,0.9828171730041504,1.8484856303738553,1,False,0.25268073204118013,0.0,10.0,0.13135309517383575,phase_cross_correlation,ambiguous,none,355.91529199882643,355.92183300468605,
finfet_anchored_pose-small_0189,finfet,anchored,small,none,20260996,229.3097180053912,194.988677127097,229.34999999403954,195.14999997615814,0.16627597613206496,1,2.191810332575017,10.29051209948192,-0.08243533257501712,-0.29051209948191925,0.043496862262259954,1,0.8652204275131226,1.8188094685585445,1,False,0.2604498668892644,2.109375,10.0,0.24535366892814636,phase_cross_correlation,ambiguous,none,387.80145900091156,387.807499995688,
finfet_anchored_pose-small_0190,finfet,anchored,small,none,20260997,309.6695540663903,535.0180186574872,309.67000000178814,535.0900000035763,0.07198272739463364,1,-4.782975332982053,9.878528007977469,-0.13889966701794698,0.12147199202253134,0.04303362901229351,1,0.9336496591567993,1.7964272585753698,1,False,0.265247268107906,-4.921875,10.0,0.1906755417585373,phase_cross_correlation,ambiguous,none,377.7566669959924,377.76283400307875,
finfet_anchored_pose-small_0191,finfet,anchored,small,none,20260998,161.19142496339254,487.2784759570239,161.2199999988079,487.21000000834465,0.07419897705838747,1,0.0027545141137608198,9.875891602407158,-0.0027545141137608198,0.12410839759284187,0.04258402008886558,1,0.9509525299072266,1.774482199705233,1,False,0.25477093688448893,0.0,10.0,0.16668368875980377,phase_cross_correlation,ambiguous,none,410.1606670010369,410.1667089998955,
finfet_anchored_pose-small_0192,finfet,anchored,small,none,20260999,187.20418651145988,553.4690285721961,187.23999999463558,553.5900000333786,0.1261614045491479,1,-0.581420215694749,10.105056780780465,-0.121704784305251,-0.10505678078046543,0.04479646434439238,1,0.9510693550109863,1.8804095426178704,1,False,0.26025445704852046,-0.703125,10.0,0.14342279732227325,phase_cross_correlation,ambiguous,none,396.9922910036985,397.00024999910966,
finfet_anchored_pose-small_0193,finfet,anchored,small,none,20261000,160.91210081818642,668.3266236820411,160.90000000596046,668.3400000035763,0.01803761720236469,1,-4.608440717836379,10.080914388911905,-0.31343428216362135,-0.08091438891190528,0.045385121615922404,1,0.9513914585113525,1.9077526863737844,1,False,0.2720474525728524,-4.921875,10.0,0.1422443389892578,phase_cross_correlation,ambiguous,none,434.9139159967308,434.921416999714,
finfet_anchored_pose-small_0194,finfet,anchored,small,none,20261001,346.0500746973766,537.1196438733052,346.0599999986589,537.2000000029802,0.08096677826053963,1,1.409027267181323,10.17599229059718,-0.7059022671813231,-0.17599229059717914,0.04378928695540918,1,0.8519358038902283,1.8328217950145547,1,False,0.26103002122096347,0.703125,10.0,0.26731637120246887,phase_cross_correlation,ambiguous,none,392.933458002517,392.93941700452706,
finfet_anchored_pose-small_0195,finfet,anchored,small,none,20261002,851.017058309851,646.6328099654992,851.0699999928474,646.2400000095367,0.39636155628631026,1,-3.605431728088815,9.761508043312121,0.08980672808881485,0.23849195668787893,0.04407740897628396,1,0.8564065098762512,1.8465408900933813,1,False,0.2737300090063065,-3.515625,10.0,0.21938259899616241,phase_cross_correlation,ambiguous,none,396.08979200420436,396.0952920024283,
finfet_anchored_pose-small_0196,finfet,anchored,small,none,20261003,908.2083622771224,424.01560831005196,908.1899999976158,423.9400000013411,0.07780610294054788,1,1.2878491177191997,10.029608351673009,-0.5847241177191997,-0.02960835167300857,0.04238028746570845,1,0.9445630311965942,1.7644651929663135,1,False,0.26357955945274236,0.703125,10.0,0.17171400785446167,phase_cross_correlation,ambiguous,none,357.2685420003836,357.27420899638673,
finfet_anchored_pose-small_0197,finfet,anchored,small,none,20261004,152.55359378194532,879.3058890990378,152.5599999986589,879.7300000190735,0.42415930038852906,1,-4.509630183632645,9.94381455258944,4.509630183632645,0.05618544741055942,0.9029564183883256,0,0.19502796232700348,12.461028233100189,1,False,0.0,0.0,10.0,0.6282564401626587,phase_cross_correlation,fast,none,36.07245800230885,36.07587500300724,
finfet_anchored_pose-small_0198,finfet,anchored,small,none,20261005,607.6944416021408,719.9100351759157,607.7199999988079,719.8100000023842,0.10324857182389054,1,-1.6073220868491966,9.94176594137556,-0.5020529131508034,0.0582340586244392,0.043527950841099734,1,0.9476422667503357,1.8203034267298956,1,False,0.27080541209246217,-2.109375,10.0,0.1559179574251175,phase_cross_correlation,ambiguous,none,381.603667003219,381.6087500017602,
finfet_anchored_pose-small_0199,finfet,anchored,small,none,20261006,540.7937875593735,256.66648143324636,540.8499999940395,256.8100000023842,0.15413441373829842,1,3.112622310246608,9.893455093034705,-0.30012231024660796,0.10654490696529528,0.04363818634903627,1,0.9399547576904297,1.8255925862334133,1,False,0.2568926662397869,2.8125,10.0,0.17359428107738495,phase_cross_correlation,ambiguous,none,381.9682909961557,381.9740830003866,
finfet_anchored_pose-small_0200,finfet,anchored,small,none,20261007,356.0202219463281,439.8943290645515,350.6000000014901,542.4400000013411,102.68881844586407,0,-3.010775491735372,10.284595589674211,-0.5048495082646278,-0.28459558967421117,0.041765761643650104,1,0.8193023204803467,1.7339692973773437,1,False,0.2705933363628909,-3.515625,10.0,0.38558587431907654,phase_cross_correlation,ambiguous,none,384.3273750026128,384.33283300400944,
finfet_anchored_pose-small_0201,finfet,anchored,small,none,20261008,721.7858590379234,169.1852727927063,721.75,169.38999998569489,0.2078439177598954,1,-3.7436353995614047,10.282370398269666,-0.4751146004385953,-0.28237039826966637,0.04402810366555659,1,0.8584469556808472,1.84419926843163,1,False,0.25985781899546834,-4.21875,10.0,0.2731173038482666,phase_cross_correlation,ambiguous,none,380.0699169951258,380.0757920034812,
finfet_anchored_pose-small_0202,finfet,anchored,small,none,20261009,880.6686677549079,421.2329014302922,880.669999986887,421.25999999046326,0.02713128831055252,1,-0.27097312815937413,9.948541152611764,-0.43215187184062587,0.05145884738823625,0.044481213149473425,1,0.9622307419776917,1.8656249966532417,1,False,0.2602749275160432,-0.703125,10.0,0.13638964295387268,phase_cross_correlation,ambiguous,none,364.1268339997623,364.13312499644235,
finfet_anchored_pose-small_0203,finfet,anchored,small,none,20261010,699.3006158393528,167.34173631793044,699.3499999940395,167.25,0.1041841963138476,1,3.721876659464314,9.71846057907056,-0.20625165946431379,0.2815394209294393,0.04493327299291863,1,0.8275855183601379,1.8867947153403466,1,False,0.2639825745608136,3.515625,10.0,0.3067673444747925,phase_cross_correlation,ambiguous,none,390.9394170041196,390.94604199635796,
finfet_anchored_pose-small_0204,finfet,anchored,small,none,20261011,451.08155838413165,186.57496650202384,451.1000000014901,186.53999999165535,0.03953163414464101,1,-0.7485131926940058,9.713879596184507,0.04538819269400585,0.2861204038154934,0.043828406894875556,1,0.8979719281196594,1.8346895575237354,1,False,0.25570814312298223,-0.703125,10.0,0.2614952325820923,phase_cross_correlation,ambiguous,none,367.4076250026701,367.4131249936181,
finfet_anchored_pose-small_0205,finfet,anchored,small,none,20261012,593.7615684579839,715.6146237272992,593.7699999958277,715.6399999856949,0.026740331347520435,1,1.1058059369171824,9.94751184436212,-0.40268093691718243,0.052488155637879785,0.04200932901806185,1,0.9688379764556885,1.74610734637477,1,False,0.27090240456121417,0.703125,10.0,0.13359713554382324,phase_cross_correlation,ambiguous,none,359.72204199788393,359.72741700243205,
finfet_anchored_pose-small_0206,finfet,anchored,small,none,20261013,728.7510567301365,402.3319109056472,728.7800000011921,402.39000000059605,0.06490035355354203,1,-1.4081444395089782,9.841108448350283,0.001894439508978163,0.1588915516497167,0.042086158091477484,1,0.9438401460647583,1.7499221233028177,1,False,0.2594869520651251,-1.40625,10.0,0.17623724043369293,phase_cross_correlation,ambiguous,none,389.5964159964933,389.60191600199323,
finfet_anchored_pose-small_0207,finfet,anchored,small,none,20261014,580.8831641942744,421.4140777824384,580.8700000047684,421.24000000953674,0.17457481749599638,1,2.8230024866494574,9.98605207748624,-0.7136274866494574,0.013947922513759536,0.04249830809126021,1,0.9291890263557434,1.7702735549215673,1,False,0.26500065418310464,2.109375,10.0,0.1516009122133255,phase_cross_correlation,ambiguous,none,382.569915993372,382.57562500075437,
finfet_anchored_pose-small_0208,finfet,anchored,small,none,20261015,82.1592325196313,723.5539816109181,82.16999998688698,723.2400000095367,0.3141661731585463,1,-2.1911035273260593,10.052512202514155,0.08172852732605929,-0.05251220251415489,0.0414186056023891,1,0.9570379853248596,1.7165514263318145,1,False,0.26247207348017393,-2.109375,10.0,0.11293080449104309,phase_cross_correlation,ambiguous,none,392.1387919981498,392.1439160039881,
finfet_anchored_pose-small_0209,finfet,anchored,small,none,20261016,687.7205890630082,294.92502711877614,687.7199999988079,294.9599999785423,0.03497782035601048,1,-1.5485512355383102,10.034028978517233,-0.5608237644616898,-0.034028978517232744,0.042340888017295755,1,0.9548383951187134,1.7625227146530937,1,False,0.2614911762898564,-2.109375,10.0,0.15257656574249268,phase_cross_correlation,ambiguous,none,386.54154099640436,386.54766700346954,
finfet_anchored_pose-small_0210,finfet,anchored,small,none,20261017,539.8610762431332,649.2509671302225,539.8499999940395,649.2000000029802,0.05215679584980137,1,3.275651631014973,10.004476801103536,-0.46315163101497303,-0.004476801103535877,0.042095375414168294,1,0.9707297682762146,1.750379341590375,1,False,0.25757720496874303,2.8125,10.0,0.13491679728031158,phase_cross_correlation,ambiguous,none,385.14820899581537,385.1540420000674,
finfet_anchored_pose-small_0211,finfet,anchored,small,none,20261018,802.1578661574454,727.1946562605046,802.1999999880791,727.75,0.5569397890980277,1,3.746275076862201,9.93166214029857,-0.23065007686220085,0.06833785970142969,0.04260320312136524,1,0.9520134329795837,1.7754230195681886,1,False,0.2597694215667881,3.515625,10.0,0.14326728880405426,phase_cross_correlation,ambiguous,none,382.7133339946158,382.71866699506063,
finfet_anchored_pose-small_0212,finfet,anchored,small,none,20261019,418.54890110349606,886.5612510036432,418.5,886.5500000119209,0.05017870801312938,1,-2.472698059067586,10.143044358905355,-0.3398019409324138,-0.14304435890535494,0.04568589069579395,1,0.9305897355079651,1.9215932808586902,1,False,0.26277771098773184,-2.8125,10.0,0.1410970240831375,phase_cross_correlation,ambiguous,none,387.4102089976077,387.41599999775644,
finfet_anchored_pose-small_0213,finfet,anchored,small,none,20261020,679.2801696305551,832.6443656586272,679.2800000011921,832.75,0.10563447756954288,1,3.6987699844213253,9.78038996776259,-0.18314498442132532,0.21961003223741038,0.04265815811820751,1,0.8641601800918579,1.7781160140806413,1,False,0.26344197432716193,3.515625,10.0,0.25794297456741333,phase_cross_correlation,ambiguous,none,391.5322089960682,391.5376250006375,
finfet_anchored_pose-small_0214,finfet,anchored,small,none,20261021,124.45270795473118,319.89655392650025,124.52999999932945,319.80000001192093,0.12367990369809677,1,-2.8488484659088584,9.715537259650441,-0.6667765340911416,0.284462740349559,0.04416006653697671,1,0.8553229570388794,1.8504608865519534,1,False,0.2632487616647035,-3.515625,10.0,0.2446434050798416,phase_cross_correlation,ambiguous,none,405.9507079946343,405.9569579985691,
finfet_anchored_pose-small_0215,finfet,anchored,small,none,20261022,200.35019416696434,312.54609373496976,200.37000000476837,312.49000000953674,0.05948762261238915,1,-3.572932884244835,9.701310097671929,-0.6458171157551651,0.29868990232807135,0.04490942991835286,1,0.8160103559494019,1.8856832387691038,1,False,0.26636416181632877,-4.21875,10.0,0.3098679184913635,phase_cross_correlation,ambiguous,none,427.65583300206345,427.6622920006048,
finfet_anchored_pose-large_0216,finfet,anchored,large,none,20261023,873.7668774263648,299.00593561107536,873.7599999904633,299.080000013113,0.07438302745772118,1,-2.9536387937213604,10.096563910699384,-0.5619862062786396,-0.09656391069938408,0.04361809638359195,1,0.9416676163673401,1.824629609725324,1,False,0.2715796144635677,-3.515625,10.0,0.16349202394485474,phase_cross_correlation,ambiguous,none,394.245375005994,394.2517079995014,
finfet_anchored_pose-large_0217,finfet,anchored,large,none,20261024,623.0410203330567,111.96868356329836,623.0399999991059,111.97000000067055,0.0016655595834676829,1,4.134193166359404,9.991125316131104,0.08455683364059574,0.008874683868896227,0.04391259192228068,1,0.9907328486442566,1.838703541959687,1,False,0.25386228014426676,4.21875,10.0,0.11306768655776978,phase_cross_correlation,ambiguous,none,372.1885420018225,372.19487500260584,
finfet_anchored_pose-large_0218,finfet,anchored,large,none,20261025,149.8451937123697,539.8085441124008,149.84999999403954,539.7400000095367,0.06871240339944129,1,-5.43695290692953,9.642401506806316,-0.18804709307046963,0.3575984931936844,0.045578236635650964,1,0.7541945576667786,1.9166493242334928,1,False,0.26089699349167944,-5.625,10.0,0.33522170782089233,phase_cross_correlation,ambiguous,none,383.66124999447493,383.6677500003134,
finfet_anchored_pose-large_0219,finfet,anchored,large,none,20261026,94.62303726372397,527.4463232405518,94.62999999523163,527.5200000107288,0.0740050410023984,1,4.590884542486492,10.129559169376742,-0.37213454248649214,-0.1295591693767424,0.04249612970001124,1,0.9441531300544739,1.770166485532281,1,False,0.2563363088539429,4.21875,10.0,0.1525120884180069,phase_cross_correlation,ambiguous,none,374.7726249930565,374.7782919963356,
finfet_anchored_pose-large_0220,finfet,anchored,large,none,20261027,400.9301709325213,196.02282380566078,401.0,195.89999999850988,0.1412861856940795,1,7.793489876126452,10.462258400446247,-0.05911487612645239,-0.4622584004462471,0.04951107996657346,1,0.6459518671035767,2.0904399547243777,1,False,0.26213279335573314,7.734375,10.0,0.37142446637153625,phase_cross_correlation,ambiguous,none,376.65862499852665,376.66449999960605,
finfet_anchored_pose-large_0221,finfet,anchored,large,none,20261028,550.5769549465683,133.18770864154894,550.6599999964237,133.06999999284744,0.14405487247787824,1,-7.743490229676354,9.669124353803062,-0.6940097703236461,0.33087564619693843,0.045117665073882804,1,0.8413681387901306,1.8953714664266912,1,False,0.2631801701581329,-8.4375,10.0,0.24077513813972473,phase_cross_correlation,ambiguous,none,372.3393339969334,372.34512499708217,
finfet_anchored_pose-large_0222,finfet,anchored,large,none,20261029,757.7234674977022,494.98234246222455,757.7300000041723,495.08000004291534,0.09787582289391189,1,-1.1915919624181512,10.460637070468417,-0.21465803758184876,-0.46063707046841706,0.05119179624125689,1,0.5184810161590576,2.160745229761852,1,False,0.26546211338956655,-1.40625,10.0,0.44571441411972046,phase_cross_correlation,ambiguous,none,386.24212500144495,386.24779200472403,
finfet_anchored_pose-large_0223,finfet,anchored,large,none,20261030,904.6858266762749,291.0345514238302,904.7400000095367,291.07999999821186,0.07071296168329262,1,-0.5434024193796496,10.113040383220016,-0.15972258062035039,-0.11304038322001553,0.04400051791152769,1,0.9318979382514954,1.8428880665254608,1,False,0.26135610818180444,-0.703125,10.0,0.18691256642341614,phase_cross_correlation,ambiguous,none,356.8168749989127,356.8220829984057,
finfet_anchored_pose-large_0224,finfet,anchored,large,none,20261031,825.0469581545497,657.5762191910344,825.0500000007451,657.5699999928474,0.006923240163759828,1,-2.3230029721476377,10.070972375560807,-0.48949702785236227,-0.07097237556080671,0.04369379244413441,1,0.9740791320800781,1.8282557602431313,1,False,0.264377271817714,-2.8125,10.0,0.14175952970981598,phase_cross_correlation,ambiguous,none,383.7405420053983,383.74662500427803,
finfet_anchored_pose-large_0225,finfet,anchored,large,none,20261032,477.63814013697174,419.16921549226106,477.68000000715256,419.31999999284744,0.15648710601400861,1,6.4148872606370055,10.108006427080173,-0.7898872606370055,-0.1080064270801735,0.043327550422271974,1,0.93623286485672,1.8106552723324216,1,False,0.2535382737207897,5.625,10.0,0.1721276193857193,phase_cross_correlation,ambiguous,none,372.5530829979107,372.55979100154946,
finfet_anchored_pose-large_0226,finfet,anchored,large,none,20261033,174.76560379479224,224.14664382633325,174.8100000023842,224.25,0.11248787438466051,1,4.42832573212457,9.852156980156435,-0.20957573212456992,0.14784301984356496,0.04246581802128155,1,0.9188557863235474,1.7686761017158261,1,False,0.26774216082188484,4.21875,10.0,0.19402652978897095,phase_cross_correlation,ambiguous,none,372.0231659972342,372.02883300051326,
finfet_anchored_pose-large_0227,finfet,anchored,large,none,20261034,575.0859012386105,353.4949830829568,575.140000000596,353.27999997138977,0.22168539488973538,1,3.495515492251309,9.623905818456368,-0.6830154922513092,0.37609418154363183,0.04455644204380079,1,0.6884390115737915,1.8691621095424495,1,False,0.2633604259950519,2.8125,10.0,0.358674556016922,phase_cross_correlation,ambiguous,none,387.257916998351,387.26420799503103,
finfet_anchored_pose-large_0228,finfet,anchored,large,none,20261035,658.9674127205811,831.0424303927442,658.8800000026822,831.1299999952316,0.12373123506326092,1,5.634776835642173,9.749319280479716,-0.009776835642172799,0.25068071952028426,0.04475126078408126,1,0.8520801067352295,1.8782957035820862,1,False,0.2581196863959171,5.625,10.0,0.2677629590034485,phase_cross_correlation,ambiguous,none,374.9323750016629,374.9388750002254,
finfet_anchored_pose-large_0229,finfet,anchored,large,none,20261036,874.6698997772772,454.19882661406444,874.6999999880791,454.2300000041723,0.043333623678766635,1,1.1290525249369416,10.113258428310075,-0.42592752493694164,-0.11325842831007549,0.043413444736098254,1,0.9152318835258484,1.814795806483129,1,False,0.2618089283881709,0.703125,10.0,0.20803432166576385,phase_cross_correlation,ambiguous,none,356.38166600256227,356.38729199854424,
finfet_anchored_pose-large_0230,finfet,anchored,large,none,20261037,450.81336440555873,212.3350961990965,450.78999999165535,212.24000000953674,0.0979243642095056,1,7.292097053488222,9.87047503266783,-0.2608470534882219,0.1295249673321699,0.04708579173184644,1,0.9611116647720337,1.984892833941577,1,False,0.26728126481719316,7.03125,10.0,0.11612576246261597,phase_cross_correlation,ambiguous,none,375.66070800676243,375.6665830005659,
finfet_anchored_pose-large_0231,finfet,anchored,large,none,20261038,360.7716661730363,264.87639096151605,360.77000001072884,264.8400000035763,0.036429080644577144,1,6.608328908431149,9.932703846872244,-0.2802039084311492,0.0672961531277565,0.042361541381002815,1,0.952958881855011,1.7635411856445447,1,False,0.26182290022721516,6.328125,10.0,0.1771828681230545,phase_cross_correlation,ambiguous,none,378.24270900455303,378.2485830015503,
finfet_anchored_pose-large_0232,finfet,anchored,large,none,20261039,500.8355365398028,868.1608618756165,500.830000013113,868.0699999928474,0.09103040628346554,1,3.8377177376541223,9.610784176799742,-0.3220927376541223,0.38921582320025827,0.04437023901452493,1,0.6946389675140381,1.8603967869811713,1,False,0.2719471879698038,3.515625,10.0,0.3670627176761627,phase_cross_correlation,ambiguous,none,385.7559579992085,385.76179100346053,
finfet_anchored_pose-large_0233,finfet,anchored,large,none,20261040,861.96733460045,329.4843837499367,858.5,422.3100000023842,92.89035171576283,0,-2.133579579530135,10.114787752596433,0.024204579530135106,-0.11478775259643292,0.04320681869135325,1,0.9625436663627625,1.8048221325199345,1,False,0.25476989381541687,-2.109375,10.0,0.24577613174915314,phase_cross_correlation,ambiguous,none,384.94649999483954,384.95237499591894,
finfet_anchored_pose-large_0234,finfet,anchored,large,none,20261041,856.4786023262826,564.8930173236533,856.6500000059605,564.5400000214577,0.39242627364698535,1,-6.891848304825585,9.530395329406659,-0.8425266951744153,0.4696046705933412,0.044875393622133754,1,0.7397755980491638,1.8840956168840621,1,False,0.2580040141840577,-7.734375,10.0,0.3166913390159607,phase_cross_correlation,ambiguous,none,373.55879099777667,373.5681249963818,
finfet_anchored_pose-large_0235,finfet,anchored,large,none,20261042,366.65560767136907,457.2121340381944,366.79999999701977,457.0599999986589,0.2097472519300448,1,-0.34220822121871564,9.51626823993261,-0.36091677878128436,0.48373176006738916,0.04544898834028766,1,0.6518462300300598,1.910698953134338,1,False,0.2568337253578715,-0.703125,10.0,0.42118680477142334,phase_cross_correlation,ambiguous,none,357.29129100218415,357.29783400165616,
finfet_anchored_pose-large_0236,finfet,anchored,large,none,20261043,113.15602133138503,384.92074893659105,113.15999999642372,385.0,0.07935087162053714,1,3.9764106897511713,10.299747454935822,-0.4607856897511713,-0.29974745493582233,0.04323502893866589,1,0.8460888266563416,1.8061864994660872,1,False,0.25230603812348845,3.515625,10.0,0.250511109828949,phase_cross_correlation,ambiguous,none,380.9517500048969,380.9568750002654,
finfet_anchored_pose-large_0237,finfet,anchored,large,none,20261044,281.80229777747707,535.259272869632,281.7099999934435,535.160000026226,0.1355506487458282,1,6.806902314432165,10.294012440931663,-0.47877731443216476,-0.2940124409316631,0.04403600899906061,1,0.8818512558937073,1.8445748790800818,1,False,0.26128313066146897,6.328125,10.0,0.20658235251903534,phase_cross_correlation,ambiguous,none,369.37837499863235,369.38412499875994,
finfet_anchored_pose-large_0238,finfet,anchored,large,none,20261045,374.38915885042104,337.95630908920185,374.31999999284744,337.74000000953674,0.22709593903557956,1,6.252598126812606,10.499682048584866,-0.6275981268126056,-0.49968204858486587,0.049043480875117645,1,0.6029600501060486,2.070477858296096,1,False,0.2757901129229814,5.625,10.0,0.4092980921268463,phase_cross_correlation,ambiguous,none,375.5411250022007,375.5470410033013,
finfet_anchored_pose-large_0239,finfet,anchored,large,none,20261046,784.1951847966088,322.6315689423991,784.1899999976158,322.74000000953674,0.10855495594953865,1,4.587744148123106,10.316593411641481,-0.3689941481231056,-0.316593411641481,0.043675213412076655,1,0.8505607843399048,1.8273663041919388,1,False,0.2558535246951431,4.21875,10.0,0.27827468514442444,phase_cross_correlation,ambiguous,none,375.92545799998334,375.9309579982073,
finfet_anchored_pose-large_0240,finfet,anchored,large,none,20261047,509.6172498340654,410.39582028240636,509.6199999973178,410.169999986887,0.2258370413957302,1,-1.4612392713036577,10.44032219016501,-0.6481357286963423,-0.4403221901650092,0.04538104144241964,1,0.7495631575584412,1.9075643277456202,1,False,0.26081925739504397,-2.109375,10.0,0.35218966007232666,phase_cross_correlation,ambiguous,none,379.82512499729637,379.8317499968107,
finfet_anchored_pose-large_0241,finfet,anchored,large,none,20261048,379.36524178784515,914.15096650371,379.3800000026822,914.0699999928474,0.08230055155610742,1,-6.270359672537673,10.012246698389722,-0.05776532746232732,-0.012246698389722255,0.041832592694547276,1,0.9824563264846802,1.7373065117286959,1,False,0.2690682538232468,-6.328125,10.0,0.13091766834259033,phase_cross_correlation,ambiguous,none,387.4251250017551,387.4312080006348,
finfet_anchored_pose-large_0242,finfet,anchored,large,none,20261049,338.59747687160115,361.38263776882224,338.5300000011921,361.50999999046326,0.14413279828525083,1,-0.23271458202365913,9.6358925705072,-0.47041041797634087,0.3641074294927993,0.04177286822851984,1,0.7543742060661316,1.7343244078801,1,False,0.26515367600661516,-0.703125,10.0,0.3050433397293091,phase_cross_correlation,ambiguous,none,369.4286669997382,369.4367079951917,
finfet_unanchored_pose-none_0243,finfet,unanchored,none,none,20261050,788.7501342508828,673.0813589813914,762.519999999553,718.5399999991059,52.483406768427486,0,0.0,10.0,0.0,0.0,0.03969993688798073,1,0.9872608184814453,1.6282075932068,1,False,0.2575133553503603,0.0,10.0,0.10920348018407822,phase_cross_correlation,ambiguous,none,379.11945799714886,379.12854200112633,
finfet_unanchored_pose-none_0244,finfet,unanchored,none,none,20261051,414.21733536372295,678.5398937360881,66.51999999955297,918.5,422.4621753690287,0,0.0,10.0,0.0,0.0,0.04108382106674129,1,0.9922086596488953,1.699621459171179,1,False,0.26000484589082,0.0,10.0,0.11962716281414032,phase_cross_correlation,ambiguous,none,357.63249999581603,357.6388329965994,
finfet_unanchored_pose-none_0245,finfet,unanchored,none,none,20261052,816.34204276263,628.7653709069572,74.50999999977648,699.5299999993294,745.1995789050669,0,0.0,10.0,0.0,0.0,0.039536972961280746,1,0.9848923087120056,1.6196415408612634,1,False,0.26445500366279484,0.0,10.0,0.1151510700583458,phase_cross_correlation,ambiguous,none,369.40520799544174,369.4110830037971,
finfet_unanchored_pose-none_0246,finfet,unanchored,none,none,20261053,362.9360011420558,87.12481783548235,113.5,843.570000000298,796.5096561160454,0,0.0,10.0,0.0,0.0,0.03972848852107293,1,0.9912190437316895,1.6297049128048195,1,False,0.27323779321560265,0.0,10.0,0.10636072605848312,phase_cross_correlation,ambiguous,none,351.40787499403814,351.41420800209744,
finfet_unanchored_pose-none_0247,finfet,unanchored,none,none,20261054,438.6681894233458,883.1269290791691,729.5,52.480000000447035,880.0894629702178,0,0.0,10.0,0.0,0.0,0.039794848124954735,1,0.9939835667610168,1.6331809966280224,1,False,0.2766213437924087,0.0,10.0,0.10841355472803116,phase_cross_correlation,ambiguous,none,350.1715409947792,350.1770829971065,
finfet_unanchored_pose-none_0248,finfet,unanchored,none,none,20261055,556.9354231078262,482.45463774931056,50.59000000357628,482.46000000089407,506.3454231326433,0,0.0,10.0,0.0,0.0,0.042848255459785045,1,0.987507700920105,1.7874059797400832,1,False,0.26210078415961563,0.0,10.0,0.133332297205925,phase_cross_correlation,ambiguous,none,350.3609580002376,350.3666659962619,
finfet_unanchored_pose-none_0249,finfet,unanchored,none,none,20261056,775.3620174747427,753.8819924481694,444.4900000002235,686.570000000298,337.6495169180031,0,0.0,10.0,0.0,0.0,0.04086517525847863,1,0.992530345916748,1.6884931715794775,2,True,0.27322085781238975,0.0,10.0,0.11535172909498215,phase_cross_correlation,ambiguous,none,362.3366659958265,362.34349999722326,
finfet_unanchored_pose-none_0250,finfet,unanchored,none,none,20261057,594.6677633591017,842.9611806374041,733.5,162.4400000013411,694.5383122801906,0,0.0,10.0,0.0,0.0,0.03988651652142586,1,0.9935784339904785,1.6379736911158338,1,False,0.2588478701349199,0.0,10.0,0.11225292831659317,phase_cross_correlation,ambiguous,none,352.28979200473987,352.2958339963225,
finfet_unanchored_pose-none_0251,finfet,unanchored,none,none,20261058,448.1655519787194,260.14136931034955,603.5,355.51999999955297,182.27965858598535,0,0.0,10.0,0.0,0.0,0.04060553520000795,1,0.992563784122467,1.6752041453568103,1,False,0.2565794539984614,0.0,10.0,0.11983425915241241,phase_cross_correlation,ambiguous,none,355.551499997091,355.55779200512916,
finfet_unanchored_pose-none_0252,finfet,unanchored,none,none,20261059,772.7360006198239,401.99426422707336,80.5,49.519999999552965,776.8067890388579,0,0.0,10.0,0.0,0.0,0.039795610928499724,1,0.9936113357543945,1.6332209218946525,1,False,0.26678337833945454,0.0,10.0,0.11421789973974228,phase_cross_correlation,ambiguous,none,352.571083996736,352.5775000016438,
finfet_unanchored_pose-none_0253,finfet,unanchored,none,none,20261060,157.6108805597579,727.2261238408676,425.4900000002235,323.44999999925494,484.55585933590413,0,0.0,10.0,0.0,0.0,0.04535464970250671,1,0.9914290308952332,1.906345580027416,1,False,0.26373243776623906,0.0,10.0,0.1308361440896988,phase_cross_correlation,ambiguous,none,349.44058299879543,349.44650000397814,
finfet_unanchored_pose-none_0254,finfet,unanchored,none,none,20261061,220.74107386656573,466.7599374772395,473.5,359.5,274.57561604728886,0,0.0,10.0,0.0,0.0,0.042092652870329976,1,0.9918017983436584,1.750244301833455,1,False,0.25453626422947645,0.0,10.0,0.126191183924675,phase_cross_correlation,ambiguous,none,350.733917002799,350.7402499963064,
finfet_unanchored_pose-none_0255,finfet,unanchored,none,none,20261062,783.5077007488604,96.40526286351994,131.5,698.5299999993294,887.5067554146747,0,0.0,10.0,0.0,0.0,0.04043267001238566,1,0.9924620985984802,1.666311273820478,1,False,0.26319943320421874,0.0,10.0,0.11229725927114487,phase_cross_correlation,ambiguous,none,369.4822910038056,369.48799999663606,
finfet_unanchored_pose-none_0256,finfet,unanchored,none,none,20261063,541.1372654309661,555.0010579981721,254.5,930.519999999553,472.41443430062395,0,0.0,10.0,0.0,0.0,0.03940118000733296,1,0.9948118925094604,1.6124778089133782,1,False,0.26417659199887517,0.0,10.0,0.09737477451562881,phase_cross_correlation,ambiguous,none,352.12570799922105,352.1317499980796,
finfet_unanchored_pose-none_0257,finfet,unanchored,none,none,20261064,451.4409546159809,173.3232066986699,800.519999999553,105.5,355.6067593463269,0,0.0,10.0,0.0,0.0,0.04175838728967618,1,0.9900961518287659,1.7336007455592448,1,False,0.26983079583524167,0.0,10.0,0.1199582889676094,phase_cross_correlation,ambiguous,none,400.61154100112617,400.6186670012539,
finfet_unanchored_pose-none_0258,finfet,unanchored,none,none,20261065,679.1406618454396,200.52493870650238,837.4900000002235,431.46000000089407,280.0098488073278,0,0.0,10.0,0.0,0.0,0.03818207438875234,1,0.9949009418487549,1.547081964803949,1,False,0.2643882477054745,0.0,10.0,0.09296373277902603,phase_cross_correlation,ambiguous,none,386.30620799813187,386.31191700551426,
finfet_unanchored_pose-none_0259,finfet,unanchored,none,none,20261066,824.7113122363284,348.7432147646306,804.5,246.47000000067055,104.25117553519216,0,0.0,10.0,0.0,0.0,0.042049684340711484,1,0.9924521446228027,1.7481119311453932,1,False,0.2656133728082031,0.0,10.0,0.11776363104581833,phase_cross_correlation,ambiguous,none,403.40974999708124,403.41679099947214,
finfet_unanchored_pose-none_0260,finfet,unanchored,none,none,20261067,532.7435465559245,415.0593287690971,889.480000000447,555.4200000017881,383.3562510838549,0,0.0,10.0,0.0,0.0,0.04321707934741967,1,0.9912784099578857,1.8053184796671753,1,False,0.2603476489878744,0.0,10.0,0.12110162526369095,phase_cross_correlation,ambiguous,none,355.1900000020396,355.1962080018711,
finfet_unanchored_pose-none_0261,finfet,unanchored,none,none,20261068,282.09875311428283,423.89022778736575,193.49000000022352,201.57999999821186,239.318508494629,0,0.0,10.0,0.0,0.0,0.04046236975085974,1,0.9929763674736023,1.6678417339143896,1,False,0.26183836156913637,0.0,10.0,0.11617451906204224,phase_cross_correlation,ambiguous,none,355.81733399885707,355.82370799966156,
finfet_unanchored_pose-none_0262,finfet,unanchored,none,none,20261069,390.05370161222123,178.0568476684235,317.5,382.5900000035763,217.02039079724753,0,0.0,10.0,0.0,0.0,0.04074610033948307,1,0.9929406046867371,1.6824086869516008,1,False,0.25993175958946346,0.0,10.0,0.1165279895067215,phase_cross_correlation,ambiguous,none,356.06991699751234,356.07549999986077,
finfet_unanchored_pose-none_0263,finfet,unanchored,none,none,20261070,801.9266501279836,502.2678797037706,236.5,885.480000000447,683.0511150838037,0,0.0,10.0,0.0,0.0,0.041730019209248875,1,0.9888163805007935,1.7321823990968337,1,False,0.25611446664118764,0.0,10.0,0.126732736825943,phase_cross_correlation,ambiguous,none,352.4874170034309,352.4927500038757,
finfet_unanchored_pose-none_0264,finfet,unanchored,none,none,20261071,383.04349752189967,246.61164936262077,949.5799999982119,162.50999999977648,572.7448786882719,0,0.0,10.0,0.0,0.0,0.03970817982781913,1,0.9921029210090637,1.6286399797141402,1,False,0.267276640660122,0.0,10.0,0.11181773990392685,phase_cross_correlation,ambiguous,none,358.58870800439036,358.59479200007627,
finfet_unanchored_pose-none_0265,finfet,unanchored,none,none,20261072,395.50042690231544,903.7359483958741,524.5,564.4600000008941,362.97253204436555,0,0.0,10.0,0.0,0.0,0.03803620144767479,1,0.9933704137802124,1.5391231147702962,1,False,0.26542423725405334,0.0,10.0,0.08442219346761703,phase_cross_correlation,ambiguous,none,358.9244589966256,358.9298750011949,
finfet_unanchored_pose-none_0266,finfet,unanchored,none,none,20261073,123.35636762973239,886.8774316074823,209.5,243.48000000044703,649.1386449722997,0,0.0,10.0,0.0,0.0,0.041938254044302105,1,0.9916517734527588,1.7425723317750195,1,False,0.258863176462546,0.0,10.0,0.13023707270622253,phase_cross_correlation,ambiguous,none,350.57354099990334,350.5794579978101,
finfet_unanchored_pose-none_0267,finfet,unanchored,none,none,20261074,769.629935963424,526.5560607118101,48.96000000089407,146.79999999701977,814.6040892665912,0,0.0,10.0,-0.703125,0.0,0.04239910272877023,1,0.9581730365753174,1.7653922174266625,1,False,0.25999363613633814,-0.703125,10.0,0.17040735483169556,phase_cross_correlation,ambiguous,none,356.8360829958692,356.8409579966101,
finfet_unanchored_pose-none_0268,finfet,unanchored,none,none,20261075,699.0313305907761,789.2067790050495,831.5099999997765,420.47000000067055,391.8129783951821,0,0.0,10.0,0.0,0.0,0.039264357934527115,1,0.9953497648239136,1.6052357995189535,1,False,0.27002175636219977,0.0,10.0,0.09446349740028381,phase_cross_correlation,ambiguous,none,371.02054100250825,371.02641700039385,
finfet_unanchored_pose-none_0269,finfet,unanchored,none,none,20261076,347.6380334101823,446.4013880708359,854.5,613.5,533.6956054568474,0,0.0,10.0,0.0,0.0,0.04089496618325242,1,0.9937293529510498,1.6900127721409348,1,False,0.2641138873537779,0.0,10.0,0.1134258508682251,phase_cross_correlation,ambiguous,none,350.05058300157543,350.05604199977824,
finfet_unanchored_pose-small_0270,finfet,unanchored,small,none,20261077,897.0244759782623,285.47040459766964,570.0,859.0799999982119,660.282496984761,0,0.9432682762299971,10.117007076677112,-0.2401432762299971,-0.11700707667711185,0.041855189433740794,1,0.9389622211456299,1.7384337285036644,1,False,0.25870101832975445,0.703125,10.0,0.20895414054393768,phase_cross_correlation,ambiguous,none,357.02149999997346,357.02787499758415,
finfet_unanchored_pose-small_0271,finfet,unanchored,small,none,20261078,425.2103383698497,388.2765988529258,149.48000000044703,57.600000001490116,430.55108004191396,0,2.4119812026016954,10.032518034285085,-1.0057312026016954,-0.032518034285084596,0.04125442376686986,1,0.9162204265594482,1.7082652225828125,1,False,0.26058812206691506,1.40625,10.0,0.22785738110542297,phase_cross_correlation,ambiguous,none,385.11499999731313,385.1210419961717,
finfet_unanchored_pose-small_0272,finfet,unanchored,small,none,20261079,919.0948920751111,718.8804349113835,51.96000000089407,57.07999999821186,1090.82662999389,0,-0.7065633210759459,9.732751811558387,0.0034383210759458827,0.2672481884416129,0.0409914350127289,1,0.8480814099311829,1.694926273488124,1,False,0.27157884949845074,-0.703125,10.0,0.2888104021549225,phase_cross_correlation,ambiguous,none,355.206125001132,355.21245899872156,
finfet_unanchored_pose-small_0273,finfet,unanchored,small,none,20261080,377.676099664748,266.61972761638594,366.01999999955297,505.0099999997765,238.6750649448578,0,-0.9580669173752521,9.967237062222873,0.25494191737525207,0.03276293777712702,0.03940063228249446,1,0.9836198687553406,1.612448865879754,1,False,0.2728046387682408,-0.703125,10.0,0.12614654004573822,phase_cross_correlation,ambiguous,none,358.419790994958,358.42587500519585,
finfet_unanchored_pose-small_0274,finfet,unanchored,small,none,20261081,507.7878243629424,326.2670441235233,155.00999999977648,952.0599999986589,718.3794380307305,0,4.114374244960576,10.027282154393113,-1.301874244960576,-0.02728215439311299,0.03881111381290513,1,0.8832054138183594,1.5810714054608517,1,False,0.2605172055078745,2.8125,10.0,0.25120753049850464,phase_cross_correlation,ambiguous,none,386.81249999353895,386.82191599946236,
finfet_unanchored_pose-small_0275,finfet,unanchored,small,none,20261082,486.39210082047674,410.25958982689906,597.4900000002235,597.1100000143051,217.3840357279142,0,0.2768856758422378,10.17328353853846,-0.2768856758422378,-0.17328353853845968,0.040052045576857605,1,0.9116004705429077,1.6466013578746843,1,False,0.2564902936374396,0.0,10.0,0.22203807532787323,phase_cross_correlation,ambiguous,none,369.31991599703906,369.3255840044003,
finfet_unanchored_pose-small_0276,finfet,unanchored,small,none,20261083,317.8014567040721,710.6420457752567,49.18000000715256,621.2699999809265,283.0986569509627,0,-0.9548793150714086,10.288211507838504,0.25175431507140855,-0.28821150783850413,0.03911964491319542,1,0.7247087955474854,1.5975497349497145,1,False,0.2649744717248082,-0.703125,10.0,0.38128045201301575,phase_cross_correlation,ambiguous,none,359.8472079975181,359.85299999447307,
finfet_unanchored_pose-small_0277,finfet,unanchored,small,none,20261084,383.0680587420789,311.309768390762,398.47000000067055,229.48000000044703,83.26662470249225,0,1.263765412421225,9.885497736104472,0.14248458757877502,0.11450226389552753,0.041288142042672345,1,0.9745910167694092,1.7099695446705074,1,False,0.27165313919387757,1.40625,10.0,0.1558281034231186,phase_cross_correlation,ambiguous,none,389.17112500348594,389.17679199948907,
finfet_unanchored_pose-small_0278,finfet,unanchored,small,none,20261085,209.23369066405832,848.7131684863679,350.02999999932945,905.3199999928474,151.74957692078198,0,-4.232674480535476,9.706779915333275,1.4201744805354757,0.293220084666725,0.03850952257158416,1,0.7104316353797913,1.5648417782456796,1,False,0.26344922342644633,-2.8125,10.0,0.3960443437099457,phase_cross_correlation,ambiguous,none,386.11245899664937,386.11825000407407,
finfet_unanchored_pose-small_0279,finfet,unanchored,small,none,20261086,697.5530996737625,664.3467426143776,120.96000000089407,621.1299999952316,578.2104196855812,0,-4.291985398260209,10.113214776721158,1.4794853982602092,-0.11321477672115776,0.03839109225383333,1,0.8124592304229736,1.5584352658525462,1,False,0.26751963842479887,-2.8125,10.0,0.3121618330478668,phase_cross_correlation,ambiguous,none,383.86691699997755,383.8730839997879,
finfet_unanchored_pose-small_0280,finfet,unanchored,small,none,20261087,161.84881863010852,542.6534782778737,569.5099999997765,723.6500000059605,446.0351776187379,0,3.263849946878322,9.845254664109811,-1.154474946878322,0.15474533589018868,0.041775870775376395,1,0.8665083050727844,1.7344744254418083,1,False,0.26541794304031135,2.109375,10.0,0.286241739988327,phase_cross_correlation,ambiguous,none,390.3684999968391,390.37425000424264,
finfet_unanchored_pose-small_0281,finfet,unanchored,small,none,20261088,693.8328067907873,347.9824079840674,595.0500000007451,200.35000002384186,177.63268504825706,0,-4.120597972050933,9.742816948958799,1.3080979720509331,0.257183051041201,0.04015994999303217,1,0.7515869140625,1.65220714837044,1,False,0.2700263227033764,-2.8125,10.0,0.3672800064086914,phase_cross_correlation,ambiguous,none,398.0396250044578,398.04575000016484,
finfet_unanchored_pose-small_0282,finfet,unanchored,small,none,20261089,306.3412721925914,185.85121594262742,206.50999999977648,376.5599999986589,215.25827097643878,0,1.3873697716664213,9.832849702813002,0.01888022833357872,0.16715029718699803,0.038887012382647204,1,0.9440051317214966,1.5851366958866853,1,False,0.277139469607383,1.40625,10.0,0.1808014214038849,phase_cross_correlation,ambiguous,none,382.4718749965541,382.47983300243504,
finfet_unanchored_pose-small_0283,finfet,unanchored,small,none,20261090,831.9927966015174,484.34907117958176,889.480000000447,593.6299999952316,123.47914786489677,0,2.7843392294154934,10.2031355861782,-0.6749642294154934,-0.2031355861782007,0.03840682814735736,1,0.9080559015274048,1.559287594373457,1,False,0.2625556997458935,2.109375,10.0,0.2250097244977951,phase_cross_correlation,ambiguous,none,390.9983339981409,391.0039590045926,
finfet_unanchored_pose-small_0284,finfet,unanchored,small,none,20261091,172.3015677019312,658.7359482556418,498.44999999925494,285.19999998807907,495.8849710750965,0,-0.17841453330377122,9.804734580123956,0.17841453330377122,0.19526541987604418,0.041937512860686546,1,0.8990256786346436,1.742535437784669,1,False,0.269262418392092,0.0,10.0,0.24858899414539337,phase_cross_correlation,ambiguous,none,352.77195800154004,352.7786249978817,
finfet_unanchored_pose-small_0285,finfet,unanchored,small,none,20261092,411.6590131501514,721.3666845196258,519.5,663.8100000023842,122.23931600498466,0,4.5667405933978555,9.871497671710664,-1.0511155933978555,0.12850232828933628,0.04049828531288856,1,0.8996942043304443,1.6696910655070412,1,False,0.2620168174536228,3.515625,10.0,0.2401096671819687,phase_cross_correlation,ambiguous,none,388.70712499920046,388.7126249974244,
finfet_unanchored_pose-small_0286,finfet,unanchored,small,none,20261093,113.07133891183756,220.24033212832956,173.48000000044703,630.2100000083447,414.39635002756523,0,4.176502437648848,9.749238981194768,-2.067127437648848,0.25076101880523183,0.04102454864342751,1,0.5538475513458252,1.696610317079602,1,False,0.26422814058057964,2.109375,10.0,0.5000308752059937,phase_cross_correlation,ambiguous,none,390.5032909970032,390.50924999901326,
finfet_unanchored_pose-small_0287,finfet,unanchored,small,none,20261094,305.2259867739516,396.17344649891953,806.5099999997765,60.6700000166893,603.198329338903,0,0.17950958482765733,10.272355933231534,-0.17950958482765733,-0.27235593323153395,0.041698662811965936,1,0.8526245355606079,1.730613569414702,1,False,0.25650055061160026,0.0,10.0,0.28895071148872375,phase_cross_correlation,ambiguous,none,352.2374169988325,352.2435420018155,
finfet_unanchored_pose-small_0288,finfet,unanchored,small,none,20261095,873.3608770855489,301.98336433378313,160.48000000044703,104.48000000044703,739.7342251353593,0,-4.278855286178609,10.004964438305922,0.7632302861786089,-0.004964438305922414,0.042332943398347866,1,0.9601165652275085,1.762130818404766,1,False,0.25701965425129236,-3.515625,10.0,0.16973182559013367,phase_cross_correlation,ambiguous,none,385.9227089997148,385.92879100178834,
finfet_unanchored_pose-small_0289,finfet,unanchored,small,none,20261096,152.49282458926774,746.438291437216,674.5099999997765,927.4400000013411,552.5066062290101,0,-4.067149505433307,9.964284512865984,1.9577745054333073,0.0357154871340164,0.04052484476867533,1,0.6981597542762756,1.6710576308954617,1,False,0.2808278779640645,-2.109375,10.0,0.41312894225120544,phase_cross_correlation,ambiguous,none,389.81962500110967,389.8256250031409,
finfet_unanchored_pose-small_0290,finfet,unanchored,small,none,20261097,383.21690465021413,149.50669835917773,199.03999999910593,893.9499999992549,766.8878415802681,0,-4.6505363071957575,10.244675233205351,1.8380363071957575,-0.244675233205351,0.04157876114271571,1,0.7233808040618896,1.7246041991572691,1,False,0.2599168348273784,-2.8125,10.0,0.3870239555835724,phase_cross_correlation,ambiguous,none,387.8046660029213,387.8281249999418,
finfet_unanchored_pose-small_0291,finfet,unanchored,small,none,20261098,649.1369855504389,691.866925657019,566.019999999553,157.3100000023842,540.9801660434521,0,3.4365561350106297,9.75536722132622,-0.6240561350106297,0.24463277867378075,0.04018167879088858,1,0.8455173373222351,1.6533342449134092,1,False,0.26022272898316384,2.8125,10.0,0.30591893196105957,phase_cross_correlation,ambiguous,none,389.53733300149906,389.54358299815794,
finfet_unanchored_pose-small_0292,finfet,unanchored,small,none,20261099,225.4959410320869,291.6353001500851,270.0,544.0299999993294,256.2883059692924,0,-0.7787656979876978,9.93056255447499,0.07564069798769779,0.06943744552500952,0.0381515753227167,1,0.9900750517845154,1.545420348389779,1,False,0.26151220782911777,-0.703125,10.0,0.11639722436666489,phase_cross_correlation,ambiguous,none,362.78075000154786,362.7880829953938,
finfet_unanchored_pose-small_0293,finfet,unanchored,small,none,20261100,668.1534735496496,124.6377424004678,587.480000000447,164.46000000089407,89.96678017406529,0,-2.3084802576049657,10.054084780838824,0.19910525760496567,-0.05408478083882429,0.04133728748486248,1,0.9882214665412903,1.7124512635797213,1,False,0.26466024868412313,-2.109375,10.0,0.12419585138559341,phase_cross_correlation,ambiguous,none,391.62866699916776,391.6352080050274,
finfet_unanchored_pose-small_0294,finfet,unanchored,small,none,20261101,193.6941567887354,80.19639667636534,756.0099999997765,359.9099999964237,628.043634955753,0,0.9157071671238204,9.914809859884736,-0.2125821671238204,0.08519014011526416,0.04069413745136805,1,0.9838420152664185,1.6797481520531516,1,False,0.2611593353711963,0.703125,10.0,0.14097467064857483,phase_cross_correlation,ambiguous,none,364.26537499937695,364.2716250033118,
finfet_unanchored_pose-small_0295,finfet,unanchored,small,none,20261102,414.18799509934667,234.29417555263078,75.50999999977648,801.5599999986589,660.67639578624,0,1.7899454332459142,9.957530586032547,-0.38369543324591415,0.04246941396745285,0.039176363959920114,1,0.9816103577613831,1.6005654677974557,1,False,0.26063325901532175,1.40625,10.0,0.12619543075561523,phase_cross_correlation,ambiguous,none,391.92862500203773,391.9350830037729,
finfet_unanchored_pose-small_0296,finfet,unanchored,small,none,20261103,868.4780698459764,465.9351000084448,46.940000001341105,702.4700000286102,854.9114335015051,0,3.6351507208092135,10.219804506557036,-0.8226507208092135,-0.2198045065570362,0.04190291034650896,1,0.9037836790084839,1.740812329660975,1,False,0.2567038998335004,2.8125,10.0,0.23821458220481873,phase_cross_correlation,ambiguous,none,387.20987499982584,387.2161250037607,
finfet_unanchored_pose-large_0297,finfet,unanchored,large,none,20261104,682.8804284399964,139.46843945258527,951.4099999964237,522.6000000238419,467.8652835016132,0,3.342888600257959,10.464187183951076,-1.2335136002579592,-0.4641871839510756,0.039045512952191753,1,0.582103967666626,1.5936018332662738,1,False,0.2612572898811549,2.109375,10.0,0.4793393313884735,phase_cross_correlation,ambiguous,none,388.70933400176,388.7152919996879,
finfet_unanchored_pose-large_0298,finfet,unanchored,large,none,20261105,584.2588426905315,230.4021564403012,350.03999999910593,707.5,531.4892459881249,0,4.196441515521363,10.459901598186065,-1.3839415155213626,-0.4599015981860646,0.04114461359986473,1,0.5045663118362427,1.7027055091323111,1,False,0.2657229897225201,2.8125,10.0,0.5273655652999878,phase_cross_correlation,ambiguous,none,382.4646249995567,382.4709170003189,
finfet_unanchored_pose-large_0299,finfet,unanchored,large,none,20261106,730.3596741073108,539.2025750477455,208.68,743.94,560.4168944212781,0,-6.622033774001245,10.121773598565529,6.622033774001245,-0.12177359856552883,0.03941160363789881,1,0.2088579684495926,1.6130285438723495,1,False,0.2658452761412561,0.0,10.0,0.789342702283993,surface_upsampling,ambiguous,none,355.9897499944782,355.99566599557875,
finfet_unanchored_pose-large_0300,finfet,unanchored,large,none,20261107,201.24843502060867,92.44834683995239,519.519999999553,317.53999999910593,389.82437250134456,0,4.568658695239414,10.187850750797292,-1.0530336952394137,-0.18785075079729197,0.040262807167243224,1,0.887377917766571,1.6575373084512812,1,False,0.2646886791974455,3.515625,10.0,0.24747395515441895,phase_cross_correlation,ambiguous,none,388.59737500024494,388.60383299470413,
finfet_unanchored_pose-large_0301,finfet,unanchored,large,none,20261108,193.18621474972966,767.2945135402426,561.31,272.15,616.9953083743754,0,4.987736489739655,9.64615215229329,-4.987736489739655,0.3538478477067102,0.0662411934526369,1,0.08363904058933258,2.7081687184702177,1,False,0.26535377699306606,0.0,10.0,0.9156431471403488,surface_upsampling,ambiguous,none,373.42583300051047,373.4330000006594,
finfet_unanchored_pose-large_0302,finfet,unanchored,large,none,20261109,750.0886929721136,749.3579527191451,68.46000000089407,430.78999999165535,752.3983091332923,0,-3.006601632674725,10.261121488754723,1.600351632674725,-0.2611214887547231,0.03969440061660215,1,0.7239470481872559,1.6279171376938808,1,False,0.26353557807025313,-1.40625,10.0,0.39367377758026123,phase_cross_correlation,ambiguous,none,389.81225000316044,389.81833300204016,
finfet_unanchored_pose-large_0303,finfet,unanchored,large,none,20261110,674.0502830542056,593.4289420345226,769.519999999553,552.4900000002235,103.8771573952255,0,2.0172615415289705,9.642118068836652,0.09211345847102947,0.3578819311633481,0.04187836336629358,1,0.7211912274360657,1.7395891337154066,1,False,0.2684580194073766,2.109375,10.0,0.37972578406333923,phase_cross_correlation,ambiguous,none,408.5419590046513,408.5478749984759,
finfet_unanchored_pose-large_0304,finfet,unanchored,large,none,20261111,128.83897345301392,841.05904730127,849.570000000298,261.1399999856949,925.0725993495354,0,-0.1256144196317237,10.487036515311113,0.1256144196317237,-0.4870365153111127,0.039392509336899736,1,0.5250216126441956,1.6120195855512187,1,False,0.26224391781197487,0.0,10.0,0.5136092305183411,phase_cross_correlation,ambiguous,none,352.719333001005,352.72591700049816,
finfet_unanchored_pose-large_0305,finfet,unanchored,large,none,20261112,183.73936889878962,357.385558235201,606.73,759.03,583.3003785357569,0,5.993820570350616,9.599727099861292,-5.993820570350616,0.40027290013870775,0.04202401516168574,1,0.10642845183610916,1.746837069599516,1,False,0.27408715806142986,0.0,10.0,0.8925589718235185,surface_upsampling,ambiguous,none,363.4064159996342,363.4124580057687,
finfet_unanchored_pose-large_0306,finfet,unanchored,large,none,20261113,539.6888507452794,677.9265455208601,210.98000000044703,153.02999999932945,619.3269670040413,0,-5.0559680352594185,10.33761629644901,2.2434680352594185,-0.3376162964490099,0.040145081990070615,1,0.5987676978111267,1.6514355920295392,1,False,0.2591402562806308,-2.8125,10.0,0.4810773432254791,phase_cross_correlation,ambiguous,none,385.55045800603693,385.5573339969851,
finfet_unanchored_pose-large_0307,finfet,unanchored,large,none,20261114,698.0732441220478,866.899325732989,870.0299999993294,319.34999999403954,573.9158387856335,0,7.19763447693653,9.66627897944984,-1.5726344769365301,0.3337210205501595,0.043763148928481335,1,0.6950198411941528,1.8315729601047888,1,False,0.2710174754104167,5.625,10.0,0.4085697531700134,phase_cross_correlation,ambiguous,none,380.9002080015489,380.90687499789055,
finfet_unanchored_pose-large_0308,finfet,unanchored,large,none,20261115,665.8693471872053,407.13562711572393,895.980000000447,89.90999999642372,391.8966841392889,0,0.030200315457713955,9.821479709152936,0.672924684542286,0.17852029084706444,0.04047322695950079,1,0.9218053221702576,1.6684009492212253,1,False,0.2656832767576873,0.703125,10.0,0.22546608746051788,phase_cross_correlation,ambiguous,none,361.32245900080306,361.3287499974831,
finfet_unanchored_pose-large_0309,finfet,unanchored,large,none,20261116,406.8670834737437,188.9929984854681,654.019999999553,209.97000000067055,248.0415262406326,0,-4.871065373301265,9.918283814094323,2.058565373301265,0.08171618590567675,0.04034203539516799,1,0.7509624361991882,1.6616341062994162,1,False,0.2548555573128462,-2.8125,10.0,0.3648148775100708,phase_cross_correlation,ambiguous,none,390.64420799695654,390.6500419980148,
finfet_unanchored_pose-large_0310,finfet,unanchored,large,none,20261117,686.8047476241504,240.2756152776384,77.46000000089407,150.90000000596046,615.8644510452287,0,-4.227213443499059,10.293080074752538,2.1178384434990587,-0.29308007475253817,0.039785124965021006,1,0.5570885539054871,1.6326720205109564,1,False,0.2636934469549954,-2.109375,10.0,0.49041253328323364,phase_cross_correlation,ambiguous,none,391.9085840025218,391.914750005526,
finfet_unanchored_pose-large_0311,finfet,unanchored,large,none,20261118,305.7807034278083,616.6826411187229,365.4900000002235,69.68000000715256,550.251841868981,0,-2.24495217173083,10.0401571122081,0.8387021717308301,-0.04015711220809948,0.03995502617803613,1,0.9148978590965271,1.6415486898368552,1,False,0.2633045858656317,-1.40625,10.0,0.2191440612077713,phase_cross_correlation,ambiguous,none,383.606333998614,383.61233399336925,
finfet_unanchored_pose-large_0312,finfet,unanchored,large,none,20261119,334.67029369954446,509.0061715810452,149.02999999932945,487.580000013113,186.87268252251465,0,-6.538817505409991,9.790713629799566,0.9138175054099911,0.2092863702004344,0.04071735426473779,1,0.8645453453063965,1.6809372703380439,1,False,0.2562461787752211,-5.625,10.0,0.27825284004211426,phase_cross_correlation,ambiguous,none,386.08833299804246,386.09474999975646,
finfet_unanchored_pose-large_0313,finfet,unanchored,large,none,20261120,628.0375445632108,425.9561877682831,930.0900000035763,363.0599999986589,308.53138620488164,0,3.7925588739889324,9.649835252310728,-0.9800588739889324,0.35016474768927175,0.03967577380124409,1,0.701298177242279,1.6269396133070984,1,False,0.26942827347582576,2.8125,10.0,0.3915448486804962,phase_cross_correlation,ambiguous,none,389.27941599831684,389.2856250022305,
finfet_unanchored_pose-large_0314,finfet,unanchored,large,none,20261121,536.1502591753832,129.26264046514873,950.5399999991059,718.3600000143051,720.2461775863445,0,2.193096344792412,10.465872483051388,-0.7868463447924121,-0.4658724830513883,0.03833990323026066,1,0.5235061049461365,1.5556603103128634,1,False,0.26794916227272153,1.40625,10.0,0.5022229552268982,phase_cross_correlation,ambiguous,none,386.80591600132175,386.8125000008149,
finfet_unanchored_pose-large_0315,finfet,unanchored,large,none,20261122,156.57770726419074,585.8193082236911,104.51999999955297,818.1800000071526,238.12075922048354,0,-7.9334233730532,10.115203071725979,1.6052983730532002,-0.1152030717259791,0.039708721402794966,1,0.8544447422027588,1.6286683852205333,1,False,0.26629523297841845,-6.328125,10.0,0.28877389430999756,phase_cross_correlation,ambiguous,none,377.01395899784984,377.01954200019827,
finfet_unanchored_pose-large_0316,finfet,unanchored,large,none,20261123,694.3368462968742,513.568293470003,406.71,511.98,287.6312315914817,0,-7.294382781088542,9.736731069760502,7.294382781088542,0.26326893023949793,0.04662580421659345,1,0.18046559393405914,1.9642932989828246,1,False,0.2583366585289836,0.0,10.0,0.8181631171813664,surface_upsampling,ambiguous,none,346.712957994896,346.7183329994441,
finfet_unanchored_pose-large_0317,finfet,unanchored,large,none,20261124,563.5598687440022,707.4617236340766,356.56,343.97,418.300345219205,0,7.371512425009518,10.463061055900093,-7.371512425009518,-0.46306105590009317,0.043150252969326654,1,0.16294798254966736,1.8020838101804664,1,False,0.2592213095573485,0.0,10.0,0.8360130930709948,surface_upsampling,ambiguous,none,354.0450000000419,354.05120799987344,
finfet_unanchored_pose-large_0318,finfet,unanchored,large,none,20261125,274.46775046031814,91.91708733795181,738.5,761.5299999993294,814.6823806955146,0,-2.3197250722842053,9.537182089437103,0.21035007228420532,0.46281791056289734,0.03963991774114228,1,0.5555063486099243,1.62505666898144,1,False,0.2731948228872865,-2.109375,10.0,0.4797418713569641,phase_cross_correlation,ambiguous,none,389.16716600215295,389.17262500035577,
finfet_unanchored_pose-large_0319,finfet,unanchored,large,none,20261126,497.26124368264567,402.93270595590536,316.97000000067055,240.27999997138977,242.81852341301848,0,6.3693419772091335,9.523137897070125,-2.1505919772091335,0.47686210292987496,0.040670808133358924,1,0.44289442896842957,1.6785526169612364,1,False,0.26158555348485707,4.21875,10.0,0.5675171613693237,phase_cross_correlation,ambiguous,none,368.8757500058273,368.88187500153435,
finfet_unanchored_pose-large_0320,finfet,unanchored,large,none,20261127,866.6066620161196,251.49989663095195,566.480000000447,637.0,488.55536323963986,0,-2.0935458138857275,9.660115196909775,0.6872958138857275,0.33988480309022506,0.0390422405830587,1,0.8037125468254089,1.5934273973979005,1,False,0.2583483740797043,-1.40625,10.0,0.33173707127571106,phase_cross_correlation,ambiguous,none,388.9438339974731,388.9502919992083,
finfet_unanchored_pose-large_0321,finfet,unanchored,large,none,20261128,434.30945849302435,864.531726943019,554.69,329.15,548.7486385568551,0,6.517476648194343,10.176019170952523,-6.517476648194343,-0.1760191709525234,0.04401507557380916,1,0.1831171065568924,1.8435801168284682,1,False,0.263760028602466,0.0,10.0,0.8153659807019782,surface_upsampling,ambiguous,none,358.56950000015786,358.5754160012584,
finfet_unanchored_pose-large_0322,finfet,unanchored,large,none,20261129,665.4114329633304,595.2350211439283,630.9900000002235,94.79999999701977,501.61742935980647,0,-4.467521615464154,9.659930275721877,1.655021615464154,0.34006972427812343,0.04085546968274345,1,0.6182218790054321,1.6879978723486782,1,False,0.27200097904275355,-2.8125,10.0,0.4624611735343933,phase_cross_correlation,ambiguous,none,384.4252080016304,384.43174999702023,
finfet_unanchored_pose-large_0323,finfet,unanchored,large,none,20261130,446.42762912357284,467.8083519586193,366.5099999997765,321.7300000041723,166.51039713632284,0,2.482523235685486,9.82281806935536,-0.37314823568548583,0.1771819306446396,0.03948305267800847,1,0.8974753022193909,1.6167998147808953,1,False,0.26007705640512707,2.109375,10.0,0.24318060278892517,phase_cross_correlation,ambiguous,none,388.1903750007041,388.1968339992454,
