case_id,arch,anchored,pose,noise,seed,gt_x,gt_y,pred_x,pred_y,err_px,success_1px,gt_rotation_deg,gt_scale,theta_err_deg,scale_err,confidence,low_confidence_flag,ncc_peak,psr,n_tied,tie_break_used,uniqueness_score,theta_est,scale_est,subpixel_error,subpixel_method,mode_used,failure_mode,elapsed_ms,wall_ms,error
dram_anchored_pose-none_0000,dram,anchored,none,low,20260807,531.8194732184452,446.266375344203,531.8199999928474,446.27000001072884,0.0036627446941054293,1,0.0,10.0,-0.703125,0.0,0.07066323476026792,1,0.9690346717834473,2.8469084880735416,1,False,0.28959959706783295,-0.703125,10.0,0.13044628500938416,phase_cross_correlation,ambiguous,none,738.7833000102546,738.9472000068054,
dram_anchored_pose-none_0001,dram,anchored,none,low,20260808,127.76712372639233,709.0552582342465,127.76999999582767,709.0500000007451,0.005993491922092881,1,0.0,10.0,-0.703125,0.0,0.07006687233612284,1,0.9741598963737488,2.828674854571532,1,False,0.2865321912759393,-0.703125,10.0,0.12367885559797287,phase_cross_correlation,ambiguous,none,726.1682999960613,726.2783000041964,
dram_anchored_pose-none_0002,dram,anchored,none,low,20260809,863.977595873166,497.1548480905214,863.9900000002235,497.1599999964237,0.013431474322829868,1,0.0,10.0,-0.703125,0.0,0.07726721900569773,1,0.9762880802154541,3.039860218970617,1,False,0.2799857757855207,-0.703125,10.0,0.13316971063613892,phase_cross_correlation,ambiguous,none,719.0522999881068,719.1669999883743,
dram_anchored_pose-none_0003,dram,anchored,none,low,20260810,232.65846231244757,735.5809719729891,232.65999999642372,735.5799999982119,0.0018191225846937854,1,0.0,10.0,0.0,0.0,0.07202127388329288,1,0.993641197681427,2.887905475788552,1,False,0.28728367594651877,0.0,10.0,0.09314116835594177,phase_cross_correlation,ambiguous,none,709.651400000439,709.7687000059523,
dram_anchored_pose-none_0004,dram,anchored,none,low,20260811,503.24196628643364,564.1423323810495,503.22999998927116,564.1500000059605,0.014212133532845778,1,0.0,10.0,0.0,0.0,0.06982184571060543,1,0.9822070598602295,2.821141610089824,1,False,0.2866421435489058,0.0,10.0,0.09535527974367142,phase_cross_correlation,ambiguous,none,716.3893999968423,716.489400001592,
dram_anchored_pose-none_0005,dram,anchored,none,low,20260812,422.4269067090371,119.43962208882553,160.99000000022352,870.9900000002235,795.7243409172789,0,0.0,10.0,-0.703125,0.0,0.06481010721171392,1,0.955959677696228,2.6614239282511996,1,False,0.28375250853598116,-0.703125,10.0,0.33501216769218445,phase_cross_correlation,ambiguous,none,758.4050000004936,758.529600003385,
dram_anchored_pose-none_0006,dram,anchored,none,low,20260813,822.5367760836219,100.19993813258807,822.5399999991059,100.21000000834465,0.01056574534941878,1,0.0,10.0,-1.40625,0.0,0.07069682081363715,1,0.9275139570236206,2.8479311380075836,1,False,0.27863331821404397,-1.40625,10.0,0.19974403083324432,phase_cross_correlation,ambiguous,none,715.089600009378,715.202399995178,
dram_anchored_pose-none_0007,dram,anchored,none,low,20260814,856.699548287331,361.4823588129435,856.6999999880791,361.4699999988079,0.012367065957789835,1,0.0,10.0,-0.703125,0.0,0.07912656621956618,1,0.9567357897758484,3.0914521406119913,1,False,0.28568513358461856,-0.703125,10.0,0.1325114667415619,phase_cross_correlation,ambiguous,none,735.2188000077149,735.3702999971574,
dram_anchored_pose-none_0008,dram,anchored,none,low,20260815,91.47238092668637,905.5914305352696,91.4699999988079,905.6100000143051,0.018721494844468823,1,0.0,10.0,-0.703125,0.0,0.06626012564829654,1,0.9469538331031799,2.7087808016826758,1,False,0.2954676719070673,-0.703125,10.0,0.1320572793483734,phase_cross_correlation,ambiguous,none,724.4860999926459,724.585300005856,
dram_anchored_pose-none_0009,dram,anchored,none,medium,20260816,533.321272010387,472.6861558680793,533.3199999928474,472.68000000715256,0.006285909032950053,1,0.0,10.0,0.0,0.0,0.06845540887489915,1,0.9910237789154053,2.7786770176722566,1,False,0.292029218766585,0.0,10.0,0.09538433700799942,phase_cross_correlation,ambiguous,none,716.1383999919053,716.2440999964019,
dram_anchored_pose-none_0010,dram,anchored,none,medium,20260817,158.01080438142,695.1538958053641,158.0,695.169999986887,0.01939276464023546,1,0.0,10.0,-2.109375,0.0,0.05811545244910719,1,0.8429122567176819,2.4290977707932275,1,False,0.2931863205063045,-2.109375,10.0,0.27384427189826965,phase_cross_correlation,ambiguous,none,720.1256999978796,720.2327999984846,
dram_anchored_pose-none_0011,dram,anchored,none,medium,20260818,140.26158646501844,277.55975036708935,140.26000000536442,277.5599999986589,0.0016059794999783027,1,0.0,10.0,-1.40625,0.0,0.07591967856374345,1,0.9351499676704407,3.0017538491731597,1,False,0.28289132472802697,-1.40625,10.0,0.19568613171577454,phase_cross_correlation,ambiguous,none,728.3231999899726,728.4373000002233,
dram_anchored_pose-none_0012,dram,anchored,none,medium,20260819,684.7645661116504,752.0587068180689,684.7700000107288,752.0600000023842,0.005585658857076002,1,0.0,10.0,-1.40625,0.0,0.0731294590013297,1,0.929864227771759,2.9208347587973265,1,False,0.2897477280113697,-1.40625,10.0,0.19196239113807678,phase_cross_correlation,ambiguous,none,712.1075000031851,712.2328999976162,
dram_anchored_pose-none_0013,dram,anchored,none,medium,20260820,160.2351067517593,299.2561096088492,160.23999999463558,299.25999999046326,0.006251311458335982,1,0.0,10.0,-0.703125,0.0,0.06161791364819784,1,0.9620593190193176,2.55359085329844,1,False,0.29673924120992423,-0.703125,10.0,0.14994388818740845,phase_cross_correlation,ambiguous,none,720.1842999929795,720.283600006951,
dram_anchored_pose-none_0014,dram,anchored,none,medium,20260821,547.4593473261813,590.3574518625045,433.94999999925494,103.97000000067055,499.45683022582904,0,0.0,10.0,-0.703125,0.0,0.06458722651875957,1,0.9548366665840149,2.654057516990902,1,False,0.29261461850628256,-0.703125,10.0,0.312985897064209,phase_cross_correlation,ambiguous,none,709.1837000043597,709.2849000036949,
dram_anchored_pose-none_0015,dram,anchored,none,medium,20260822,295.38384333105387,167.43571485295206,295.3800000026822,167.42999999970198,0.006886996489209417,1,0.0,10.0,0.0,0.0,0.06457901265525508,1,0.994462788105011,2.653785589412085,1,False,0.3112306536974162,0.0,10.0,0.09239714592695236,phase_cross_correlation,ambiguous,none,721.130699996138,721.2803000002168,
dram_anchored_pose-none_0016,dram,anchored,none,medium,20260823,891.0634355628795,225.2081604976576,891.0699999928474,225.19999998807907,0.01047309206420866,1,0.0,10.0,-2.109375,0.0,0.06132436329793,1,0.8395382165908813,2.543414445916308,1,False,0.3003519740268439,-2.109375,10.0,0.27017974853515625,phase_cross_correlation,ambiguous,none,713.7177999975393,713.8273000018671,
dram_anchored_pose-none_0017,dram,anchored,none,medium,20260824,90.6062556598273,124.00079407296602,90.61999999731779,124.0,0.013767256986340373,1,0.0,10.0,0.0,0.0,0.07499513234093655,1,0.9818786978721619,2.975248418953058,1,False,0.2884661384910196,0.0,10.0,0.0935937836766243,phase_cross_correlation,ambiguous,none,693.1411999976262,693.262999993749,
dram_anchored_pose-none_0018,dram,anchored,none,high,20260825,109.54818884074346,174.14884068610644,109.5599999986589,174.15999999642372,0.016249112531478916,1,0.0,10.0,-2.109375,0.0,0.06548663352224902,1,0.8805661201477051,2.683640246627022,1,False,0.3078912562815249,-2.109375,10.0,0.26280295848846436,phase_cross_correlation,ambiguous,none,699.1230999992695,699.2317999975057,
dram_anchored_pose-none_0019,dram,anchored,none,high,20260826,231.23683679779344,180.29016024682034,231.2199999988079,180.27000001072884,0.026266193468874675,1,0.0,10.0,-0.703125,0.0,0.06530001135888208,1,0.9705498814582825,2.6775332003909167,1,False,0.30141141993966697,-0.703125,10.0,0.13777342438697815,phase_cross_correlation,ambiguous,none,739.073599994299,739.193500005058,
dram_anchored_pose-none_0020,dram,anchored,none,high,20260827,678.5219564311266,677.7955254860101,678.5200000107288,677.7999999970198,0.004883526343572994,1,0.0,10.0,-0.703125,0.0,0.0734843965566483,1,0.9574242830276489,2.9312844101491944,1,False,0.31125756089124085,-0.703125,10.0,0.15016812086105347,phase_cross_correlation,ambiguous,none,711.4098999882117,711.5122999966843,
dram_anchored_pose-none_0021,dram,anchored,none,high,20260828,827.729954021984,494.08618833762546,813.2199999988079,450.55000000074506,45.89050512534161,0,0.0,10.0,0.0,0.0,0.06048767347720958,1,0.9754654169082642,2.5141573220626534,1,False,0.3037659405703992,0.0,10.0,0.19623348116874695,phase_cross_correlation,ambiguous,none,690.7095000060508,690.8175999997184,
dram_anchored_pose-none_0022,dram,anchored,none,high,20260829,662.9662488192854,419.7652230076761,662.9600000008941,419.74000000953674,0.02598552224657328,1,0.0,10.0,0.703125,0.0,0.07482548208089117,1,0.9737366437911987,2.970352217517725,1,False,0.29967305781358483,0.703125,10.0,0.1379092037677765,phase_cross_correlation,ambiguous,none,722.5023000064539,722.6100000116276,
dram_anchored_pose-none_0023,dram,anchored,none,high,20260830,213.50529312651278,378.59888955464135,213.50999999046326,378.59999999403954,0.00483607732623526,1,0.0,10.0,-0.703125,0.0,0.06423698866834106,1,0.9536831974983215,2.64243388174306,1,False,0.31584519154559076,-0.703125,10.0,0.14832964539527893,phase_cross_correlation,ambiguous,none,714.7049999912269,714.8082999920007,
dram_anchored_pose-none_0024,dram,anchored,none,high,20260831,499.15651337698955,907.5884994850786,499.17000000178814,907.5999999940395,0.017724298429504258,1,0.0,10.0,-0.703125,0.0,0.06765638669781038,1,0.9665514230728149,2.7534806551429805,1,False,0.3038861182229966,-0.703125,10.0,0.15045759081840515,phase_cross_correlation,ambiguous,none,702.7526000019861,702.8533999982756,
dram_anchored_pose-none_0025,dram,anchored,none,high,20260832,546.4402498790027,512.5697836871215,546.4200000017881,512.5799999982119,0.022681061251684707,1,0.0,10.0,-1.40625,0.0,0.0653351670686799,1,0.9362382888793945,2.678684879951084,1,False,0.30019573617070916,-1.40625,10.0,0.19825991988182068,phase_cross_correlation,ambiguous,none,715.0847000011709,715.1914999994915,
dram_anchored_pose-none_0026,dram,anchored,none,high,20260833,483.36777765861353,86.48143187212058,483.35999999940395,86.48000000044703,0.007908365145203572,1,0.0,10.0,0.0,0.0,0.0640439313142736,1,0.991175651550293,2.6360014689016116,1,False,0.3144674752746671,0.0,10.0,0.1122908890247345,phase_cross_correlation,ambiguous,none,683.7305999943055,683.8403000001563,
dram_anchored_pose-small_0027,dram,anchored,small,low,20260834,224.03936116841504,86.535944556148,224.03999999165535,86.53999999910593,0.004105449149291499,1,-2.7797748775584195,9.844988656233628,-0.7358501224415805,0.15501134376637182,0.06660659531975476,1,0.9359112977981567,2.7199536677740457,1,False,0.28109876777862014,-3.515625,10.0,0.17838294804096222,phase_cross_correlation,ambiguous,none,694.5697000046493,694.6724000008544,
dram_anchored_pose-small_0028,dram,anchored,small,low,20260835,134.3098489097896,145.70598015778063,134.3100000023842,145.71000000834465,0.004022689091788837,1,1.6028967935379779,10.023207269057611,-0.8997717935379779,-0.023207269057611057,0.06366790069594658,1,0.9509572386741638,2.623420602704518,1,False,0.3057653583776802,0.703125,10.0,0.15262070298194885,phase_cross_correlation,ambiguous,none,701.2986000045203,701.4066999981878,
dram_anchored_pose-small_0029,dram,anchored,small,low,20260836,694.5492442621132,808.474642587429,694.5399999916553,808.4600000083447,0.01731651404122736,1,4.446616184227077,10.211057888570638,-1.6341161842270768,-0.21105788857063779,0.0729376301157518,1,0.8888694643974304,2.915167698497983,1,False,0.28897768460392953,2.8125,10.0,0.22367678582668304,phase_cross_correlation,ambiguous,none,690.0735000090208,690.1764999929583,
dram_anchored_pose-small_0030,dram,anchored,small,low,20260837,424.7729807558094,745.5237709618124,424.75999999046326,745.5799999982119,0.057707926694571095,1,4.887330447429575,10.058791155105183,-4.887330447429575,-0.05879115510518318,0.050724415449017145,1,0.5036360621452332,2.1414164211790045,1,False,0.2880193532962203,0.0,10.0,0.5529776811599731,phase_cross_correlation,ambiguous,none,693.4039000043413,693.5287999949651,
dram_anchored_pose-small_0031,dram,anchored,small,low,20260838,666.2059866841,667.0144132874726,666.1999999880791,667.0099999904633,0.007437588301336523,1,-0.5226799112253442,10.106292226927351,0.5226799112253442,-0.10629222692735141,0.07153269669051937,1,0.9482001662254333,2.873238951798795,1,False,0.27687801562036574,0.0,10.0,0.14718663692474365,phase_cross_correlation,ambiguous,none,727.6579000026686,727.7721999998903,
dram_anchored_pose-small_0032,dram,anchored,small,low,20260839,570.4252362077422,476.15252164997924,570.4499999992549,476.1599999964237,0.025868340411250204,1,-1.4858458586059675,9.731363135798347,-0.6235291413940325,0.2686368642016532,0.06919253013657341,1,0.8883973360061646,2.801680908380037,1,False,0.2797633307892382,-2.109375,10.0,0.24587737023830414,phase_cross_correlation,ambiguous,none,725.8932999975514,725.9961000090698,
dram_anchored_pose-small_0033,dram,anchored,small,low,20260840,458.6866462973992,255.1685343678363,458.6899999976158,255.15999999642372,0.009169667417664788,1,3.874951741806486,9.842178617086539,-1.0624517418064858,0.15782138291346115,0.06925775418940533,1,0.9123935103416443,2.803705462108751,1,False,0.2747537312458754,2.8125,10.0,0.2070351392030716,phase_cross_correlation,ambiguous,none,704.4022000045516,704.5133000065107,
dram_anchored_pose-small_0034,dram,anchored,small,low,20260841,328.8916297670787,887.2243572961602,328.8999999985099,887.2199999988079,0.009436461965561815,1,-3.7707462559711558,10.228771505722474,-0.44800374402884424,-0.22877150572247373,0.07374872067556285,1,0.9551138281822205,2.9390361810022467,1,False,0.28280336315636334,-4.21875,10.0,0.1629563271999359,phase_cross_correlation,ambiguous,none,684.896500009927,685.0356000068132,
dram_anchored_pose-small_0035,dram,anchored,small,low,20260842,609.8846431407513,660.9969200914933,536.5500000007451,693.429999999702,80.18649859424167,0,2.1010640289073486,9.788442304986468,0.008310971092651442,0.21155769501353205,0.06015202771600526,1,0.910226583480835,2.5023140445409116,1,False,0.2966524538627267,2.109375,10.0,0.34001296758651733,phase_cross_correlation,ambiguous,none,703.6292999982834,703.7306999991415,
dram_anchored_pose-small_0036,dram,anchored,small,medium,20260843,135.7974844777869,673.6411714540866,135.78999999165535,673.640000000596,0.007575607958032194,1,1.1823380954244147,9.991311236288338,-1.1823380954244147,0.008688763711662162,0.06875933479601429,1,0.9354802966117859,2.7881895209583663,1,False,0.29179451194439826,0.0,10.0,0.1906658560037613,phase_cross_correlation,ambiguous,none,694.7974000067916,694.9074000003748,
dram_anchored_pose-small_0037,dram,anchored,small,medium,20260844,547.6301665186737,438.904490983071,547.6199999973178,438.90000000596046,0.011114271541041427,1,3.1968253801898676,10.017599045219745,-3.1968253801898676,-0.01759904521974498,0.058976369821686726,1,0.6806319355964661,2.4603372022794665,1,False,0.2957091729745716,0.0,10.0,0.40962111949920654,phase_cross_correlation,ambiguous,none,694.0743000013754,694.187699991744,
dram_anchored_pose-small_0038,dram,anchored,small,medium,20260845,806.503308085577,398.7167938292946,806.4900000002235,398.7099999934435,0.014941932316414129,1,-3.180117657496732,10.227198651800137,3.180117657496732,-0.22719865180013699,0.0550233751954469,1,0.6237619519233704,2.3131958139327358,1,False,0.30294872252981364,0.0,10.0,0.457348495721817,phase_cross_correlation,ambiguous,none,700.9246000088751,701.0292999912053,
dram_anchored_pose-small_0039,dram,anchored,small,medium,20260846,111.03808871571891,493.9181990839855,111.0300000011921,493.93000000715256,0.014306959505483717,1,2.5954181832435577,10.245235842276411,-1.1891681832435577,-0.24523584227641138,0.06486017800046959,1,0.87583988904953,2.6630755698025874,1,False,0.2937890039552003,1.40625,10.0,0.25797000527381897,phase_cross_correlation,ambiguous,none,722.3552999930689,722.4615000013728,
dram_anchored_pose-small_0040,dram,anchored,small,medium,20260847,284.3758118511194,103.75600264240674,284.3700000047684,103.76000000536442,0.007053826523488036,1,-4.964449139223808,10.149408881388005,-0.6605508607761923,-0.14940888138800545,0.0617631157657952,1,0.9534448385238647,2.5586077901385353,1,False,0.3018818419597447,-5.625,10.0,0.1457623839378357,phase_cross_correlation,ambiguous,none,715.7126999954926,716.1172999913106,
dram_anchored_pose-small_0041,dram,anchored,small,medium,20260848,700.8851983400242,612.4152746077232,700.9000000059605,612.4200000017881,0.015537653090407668,1,2.1321799735482703,10.13960260106421,-2.1321799735482703,-0.13960260106420996,0.06721363061675585,1,0.8352586627006531,2.739399721224479,1,False,0.2906030463000238,0.0,10.0,0.3039432168006897,phase_cross_correlation,ambiguous,none,709.3710999906762,709.4773999997415,
dram_anchored_pose-small_0042,dram,anchored,small,medium,20260849,811.3424628322523,639.9793228231513,811.359999999404,639.9600000083447,0.026094509072915443,1,-0.9266131748368354,9.990470671704049,0.9266131748368354,0.00952932829595099,0.06464476753061446,1,0.9515702128410339,2.6559615633972404,1,False,0.2886826707416475,0.0,10.0,0.1547410637140274,phase_cross_correlation,ambiguous,none,711.1267000000225,711.2377999874298,
dram_anchored_pose-small_0043,dram,anchored,small,medium,20260850,908.4841837538215,828.8418916410935,908.480000000447,828.830000013113,0.012606133758026623,1,-2.971469840270723,9.888946877230218,2.971469840270723,0.11105312276978196,0.06181681835042142,1,0.7173819541931152,2.5604604989752633,1,False,0.29672933230887355,0.0,10.0,0.3916975259780884,phase_cross_correlation,ambiguous,none,717.2124999924563,717.34839999408,
dram_anchored_pose-small_0044,dram,anchored,small,medium,20260851,723.339317017613,790.7257315860641,723.330000013113,790.7299999892712,0.010248211492292563,1,-4.147855422814427,10.053740290211401,-0.07089457718557313,-0.05374029021140103,0.07358872529899387,1,0.982781171798706,2.934347095874722,1,False,0.28613876780590414,-4.21875,10.0,0.10017414391040802,phase_cross_correlation,ambiguous,none,707.4948000081349,707.6001999957953,
dram_anchored_pose-small_0045,dram,anchored,small,high,20260852,190.71282033502274,524.7743774152494,190.7199999988079,524.7800000011921,0.00911926777491645,1,-1.9986153486420335,10.035955518265048,1.9986153486420335,-0.03595551826504817,0.06066384883726435,1,0.8619319796562195,2.5203490919763087,1,False,0.3012798694946915,0.0,10.0,0.28040748834609985,phase_cross_correlation,ambiguous,none,709.4281000026967,709.5342000102391,
dram_anchored_pose-small_0046,dram,anchored,small,high,20260853,726.6221950435852,597.6528938037579,726.609999999404,597.609999999404,0.04459369411183133,1,4.759115746781834,10.120663256068125,-1.2434907467818341,-0.12066325606812534,0.07366580356811661,1,0.9496452212333679,2.936607247401333,1,False,0.31289785659003255,3.515625,10.0,0.18974941968917847,phase_cross_correlation,ambiguous,none,715.8083999966038,715.9565000038128,
dram_anchored_pose-small_0047,dram,anchored,small,high,20260854,338.36528164328104,255.74814204626614,338.3700000047684,255.73999999463558,0.009410416562502431,1,-4.425817933922952,9.934928132727002,-0.49605706607704825,0.06507186727299796,0.07267627389849603,1,0.9725669026374817,2.9074245025917125,1,False,0.3158474237304032,-4.921875,10.0,0.1436285823583603,phase_cross_correlation,ambiguous,none,713.9261999982409,714.036200006376,
dram_anchored_pose-small_0048,dram,anchored,small,high,20260855,465.2562414914341,610.2737942699528,465.2699999958277,610.2699999958277,0.014272104234652956,1,0.5105307468015567,9.971007140279207,-0.5105307468015567,0.028992859720792907,0.07393703149192767,1,0.978691577911377,2.944543144587265,1,False,0.30966660669888557,0.0,10.0,0.12797929346561432,phase_cross_correlation,ambiguous,none,706.1461999983294,706.2579000048572,
dram_anchored_pose-small_0049,dram,anchored,small,high,20260856,516.5999980082075,484.47086263791,516.5900000035763,484.4699999988079,0.010035150363949167,1,-0.6179862189886638,10.159444615658835,-0.0851387810113362,-0.15944461565883472,0.07014788964531289,1,0.9219557046890259,2.831160340516597,1,False,0.3046279993688613,-0.703125,10.0,0.1894504576921463,phase_cross_correlation,ambiguous,none,711.7386000027182,711.8709000060335,
dram_anchored_pose-small_0050,dram,anchored,small,high,20260857,696.6344904759969,758.419931058276,696.6199999973178,758.4099999964237,0.017567013458877935,1,-4.529874371768114,9.715622468784286,-0.3920006282318864,0.2843775312157142,0.06220913399063207,1,0.8935791254043579,2.5739497417729056,1,False,0.30356596356989446,-4.921875,10.0,0.2558954954147339,phase_cross_correlation,ambiguous,none,723.1494000006933,723.2682000030763,
dram_anchored_pose-small_0051,dram,anchored,small,high,20260858,693.978183995131,621.8611031403026,693.9699999988079,621.8499999940395,0.013793391633479321,1,-4.123140292262576,9.979006507778866,0.6075152922625762,0.02099349222113389,0.07086038943823315,1,0.959334671497345,2.8529051746126477,1,False,0.3062699834010899,-3.515625,10.0,0.13620705902576447,phase_cross_correlation,ambiguous,none,722.6123999862466,722.7412999927765,
dram_anchored_pose-small_0052,dram,anchored,small,high,20260859,587.9700272062198,349.1423381552984,336.570000000298,794.5099999997765,511.4238241380192,0,1.522362998116984,9.994462792420265,-1.522362998116984,0.005537207579735082,0.05857267448511745,1,0.8936149477958679,2.4457422542047373,1,False,0.30792577224448325,0.0,10.0,0.35803428292274475,phase_cross_correlation,ambiguous,none,708.3419999980833,708.4423000051174,
dram_anchored_pose-small_0053,dram,anchored,small,high,20260860,384.6346389113667,111.60463043374017,384.6199999973178,111.60999999940395,0.015592627743573706,1,-1.8898960838007497,10.147430502123436,1.8898960838007497,-0.1474305021234361,0.06353213242525747,1,0.8635535836219788,2.6188611804950006,1,False,0.3093853367061019,0.0,10.0,0.27956947684288025,phase_cross_correlation,ambiguous,none,718.1083999894327,718.2374999974854,
dram_anchored_pose-large_0054,dram,anchored,large,low,20260861,440.86759575830195,785.9346928825228,440.84999999403954,785.9300000071526,0.018210820937525768,1,-2.0736601545614572,9.503558807926154,-1.4419648454385428,0.4964411920738456,0.06148255291194548,1,0.7477619647979736,2.5489039916483787,1,False,0.28674522201666236,-3.515625,10.0,0.36889511346817017,phase_cross_correlation,ambiguous,none,707.0445999997901,707.1550999971805,
dram_anchored_pose-large_0055,dram,anchored,large,low,20260862,297.44995974031644,797.5105062480358,297.42000000178814,797.519999999553,0.031427969240068625,1,3.8504253598831504,10.203066589119683,-1.7410503598831504,-0.20306658911968256,0.07298091353466214,1,0.8926003575325012,2.916447587360501,1,False,0.28392514130802454,2.109375,10.0,0.24808856844902039,phase_cross_correlation,ambiguous,none,718.4452000074089,718.6018000065815,
dram_anchored_pose-large_0056,dram,anchored,large,low,20260863,669.421507838135,852.2950229976549,669.3299999982119,852.4600000008941,0.18865602658059027,1,6.4984020405961616,10.228261710586818,-6.4984020405961616,-0.22826171058681766,0.04355499659382209,1,0.27893194556236267,1.8216022791706092,1,False,0.2917730042603016,0.0,10.0,0.6805890798568726,phase_cross_correlation,ambiguous,none,713.1590000062715,713.2815000077244,
dram_anchored_pose-large_0057,dram,anchored,large,low,20260864,492.39571120461363,616.7442996868616,455.42,628.65,38.845191710599806,0,6.332107225080803,10.405866514577076,-12.660232225080803,-0.4058665145770757,0.053905424621431546,1,0.15074121952056885,2.2697771543000753,1,False,0.29464575291486084,-6.328125,10.0,0.8490771994335752,surface_upsampling,ambiguous,none,722.6852000021609,722.7959000010742,
dram_anchored_pose-large_0058,dram,anchored,large,low,20260865,732.1034290123812,295.56486679566314,732.109999999404,295.56999999284744,0.00833832020171801,1,0.04021901139541839,10.083026773857826,-0.7433440113954184,-0.08302677385782609,0.06846801059001537,1,0.9346676468849182,2.779072212454904,1,False,0.29786797716872393,-0.703125,10.0,0.15939372777938843,phase_cross_correlation,ambiguous,none,714.5397999993293,714.6510000020498,
dram_anchored_pose-large_0059,dram,anchored,large,low,20260866,885.7171437648049,741.9554325312993,885.7000000029802,741.9399999976158,0.02306667868138847,1,3.675287918599123,9.933816707326837,-1.565912918599123,0.0661832926731627,0.07090734296251226,1,0.9083997011184692,2.8543310474874115,1,False,0.2834457819378972,2.109375,10.0,0.2089371681213379,phase_cross_correlation,ambiguous,none,710.0956999929622,710.2005999913672,
dram_anchored_pose-large_0060,dram,anchored,large,low,20260867,260.2983510414417,393.5024622276527,260.28999999165535,393.47000002861023,0.03351916465557259,1,6.65972966177452,9.820857927688296,-1.03472966177452,0.17914207231170387,0.07026625321544316,1,0.9254317879676819,2.834786785147449,1,False,0.28601944383728506,5.625,10.0,0.19659854471683502,phase_cross_correlation,ambiguous,none,712.0174000010593,712.1332999959122,
dram_anchored_pose-large_0061,dram,anchored,large,low,20260868,319.52808765738564,669.1468726761681,254.22999998927116,653.7899999916553,67.0796078682717,0,5.20247738535668,9.988256908017847,-5.20247738535668,0.01174309198215262,0.05071066748735132,1,0.4738035202026367,2.140845317889126,1,False,0.2830930599309802,0.0,10.0,0.5810295939445496,phase_cross_correlation,ambiguous,none,699.5975000027101,699.7164000058547,
dram_anchored_pose-large_0062,dram,anchored,large,low,20260869,636.0699350692969,309.8968596111385,636.0800000429153,309.93000000715256,0.03463509119244597,1,6.276725187512476,10.319401268206274,-6.276725187512476,-0.3194012682062741,0.045310465204253664,1,0.32137465476989746,1.9043036651961582,1,False,0.28682064197456836,0.0,10.0,0.6705838441848755,phase_cross_correlation,ambiguous,none,703.1172999995761,703.237599998829,
dram_anchored_pose-large_0063,dram,anchored,large,medium,20260870,311.5032958479918,577.3403438308851,311.5,577.4700000006706,0.12969805309802523,1,-6.420929389807553,9.987096931703269,6.420929389807553,0.01290306829673149,0.04515897010497728,1,0.23686887323856354,1.897288135539578,1,False,0.3010307959651053,0.0,10.0,0.6733813285827637,phase_cross_correlation,ambiguous,none,710.9184000000823,711.4986000087811,
dram_anchored_pose-large_0064,dram,anchored,large,medium,20260871,188.69308264527194,95.41558849302875,188.6899999976158,95.40999999642372,0.006382320179703624,1,-6.848920075346879,10.478712998728149,-1.5885799246531214,-0.4787129987281489,0.05821757452912286,1,0.7204053997993469,2.4328259998956785,1,False,0.28966837734144923,-8.4375,10.0,0.3829212486743927,phase_cross_correlation,ambiguous,none,700.4701000114437,700.5802000057884,
dram_anchored_pose-large_0065,dram,anchored,large,medium,20260872,109.66890153979473,608.1416961006698,49.90999999642372,648.0800000429153,71.87624388804338,0,7.235938743396217,9.91609785664567,-7.235938743396217,0.08390214335432944,0.043552620912732265,1,0.18765825033187866,1.8214882196729092,1,False,0.3135257567042559,0.0,10.0,0.7381426692008972,phase_cross_correlation,ambiguous,none,713.7014000036288,713.8142000039807,
dram_anchored_pose-large_0066,dram,anchored,large,medium,20260873,275.58056969576035,635.1867088911124,275.570000000298,635.2199999988079,0.034928731923159005,1,5.846300512299486,9.935087347205457,-5.846300512299486,0.06491265279454339,0.047302367045510635,1,0.39762595295906067,1.994525526694087,1,False,0.2894068605005294,0.0,10.0,0.6317000985145569,phase_cross_correlation,ambiguous,none,707.8768000064883,707.9751999990549,
dram_anchored_pose-large_0067,dram,anchored,large,medium,20260874,841.5186320560837,871.9580082477297,841.519999999553,871.9499999880791,0.008124253317517769,1,2.136310396240127,9.928007510237686,-0.7300603962401269,0.0719924897623141,0.06742827173725056,1,0.9642461538314819,2.7462366459938687,1,False,0.30198060283078254,1.40625,10.0,0.12315484881401062,phase_cross_correlation,ambiguous,none,706.1031000048388,706.2155000021448,
dram_anchored_pose-large_0068,dram,anchored,large,medium,20260875,890.5881218953368,896.5449761886151,890.0,895.98,0.8155277171725261,1,-6.918257501546718,10.27497279337824,6.918257501546718,-0.27497279337823954,0.04255634041671284,1,0.2802269458770752,1.773123953459228,1,False,0.28420947884877024,0.0,10.0,0.7132234299534135,surface_upsampling,ambiguous,none,708.7625999993179,708.8675999984844,
dram_anchored_pose-large_0069,dram,anchored,large,medium,20260876,744.6453260792088,609.6186351991138,744.6500000059605,609.609999999404,0.009818974758545467,1,1.9099324928412837,10.416404667054683,-0.5036824928412837,-0.4164046670546835,0.06878696314936458,1,0.8004693388938904,2.789052321884691,1,False,0.28531701490828393,1.40625,10.0,0.3379892110824585,phase_cross_correlation,ambiguous,none,715.5589000030886,715.6606999924406,
dram_anchored_pose-large_0070,dram,anchored,large,medium,20260877,315.0893429922634,605.5635688835312,315.080000013113,605.570000000298,0.011342421358505885,1,-6.206211299619854,10.287112853575175,-0.12191370038014604,-0.28711285357517546,0.06327418203742669,1,0.9218447208404541,2.6101735134541775,1,False,0.3037972580284029,-6.328125,10.0,0.19222195446491241,phase_cross_correlation,ambiguous,none,716.4248999906704,716.5547000040533,
dram_anchored_pose-large_0071,dram,anchored,large,medium,20260878,642.6595424675035,200.43568296168164,644.04,199.89,1.484396474563316,0,-6.965151084240487,10.02531566512777,6.965151084240487,-0.025315665127770615,0.04241330274653057,1,0.21077822148799896,1.7660915893245046,1,False,0.29685017002551256,0.0,10.0,0.7829374234617668,surface_upsampling,ambiguous,none,708.652000001166,708.7644999992335,
dram_anchored_pose-large_0072,dram,anchored,large,high,20260879,611.4570519235917,332.59931164337826,611.4400000013411,332.570000000298,0.033910772219231104,1,5.497893829075236,9.551267188428298,-0.5760188290752364,0.448732811571702,0.06826831160312906,1,0.8067707419395447,2.772801629408412,1,False,0.30956078049629926,4.921875,10.0,0.33287158608436584,phase_cross_correlation,ambiguous,none,695.9672999946633,696.0905000014463,
dram_anchored_pose-large_0073,dram,anchored,large,high,20260880,474.0562323511227,870.1830398166439,474.0199999809265,870.1999999880791,0.040005400449696644,1,5.953658912415285,10.024171577467122,-5.953658912415285,-0.024171577467122063,0.04527096728289879,1,0.3469317853450775,1.9024767266956266,1,False,0.3008440399598181,0.0,10.0,0.6328731179237366,phase_cross_correlation,ambiguous,none,729.4715000025462,729.5883000042522,
dram_anchored_pose-large_0074,dram,anchored,large,high,20260881,112.27851403645602,520.1049094199727,112.2800000011921,520.0999999940395,0.0051293814627461996,1,1.5305912216316298,10.157367380626818,-1.5305912216316298,-0.15736738062681788,0.059311585546762774,1,0.8742436766624451,2.4723853913618066,1,False,0.30101816310313345,0.0,10.0,0.274157851934433,phase_cross_correlation,ambiguous,none,708.3584999927552,708.4831000101985,
dram_anchored_pose-large_0075,dram,anchored,large,high,20260882,456.00474213337066,342.52256504134317,456.0199999809265,342.5099999997765,0.01976568191615001,1,0.7811652252425407,10.235041507979263,-0.7811652252425407,-0.23504150797926293,0.06291373843717893,1,0.8850882053375244,2.597978435095946,1,False,0.312802215185076,0.0,10.0,0.23520348966121674,phase_cross_correlation,ambiguous,none,716.9520000024932,717.0568000001367,
dram_anchored_pose-large_0076,dram,anchored,large,high,20260883,638.2700100790312,340.95883567960925,638.2400000095367,341.0,0.050942178440789056,1,2.760030586571384,10.412278568055797,-2.760030586571384,-0.41227856805579677,0.05342640427713379,1,0.6043808460235596,2.2509127252038716,1,False,0.2988583785070777,0.0,10.0,0.4737955629825592,phase_cross_correlation,ambiguous,none,724.8474999942118,725.0041999941459,
dram_anchored_pose-large_0077,dram,anchored,large,high,20260884,797.688472655356,127.79975552522879,797.6899999976158,127.80000001192093,0.0015467863851293536,1,-2.536794155255958,10.240219345442469,-0.9788308447440421,-0.24021934544246903,0.07135539689503954,1,0.9184287190437317,2.8678937474583353,1,False,0.31095284187318384,-3.515625,10.0,0.2198263704776764,phase_cross_correlation,ambiguous,none,718.389899993781,718.5013000125764,
dram_anchored_pose-large_0078,dram,anchored,large,high,20260885,175.91665666819347,294.08338826409107,175.90999999642372,294.0900000035763,0.009382237370180502,1,2.958702702290992,9.81713929902603,-0.8493277022909922,0.18286070097397022,0.06966555815353506,1,0.9206717610359192,2.8163238302166524,1,False,0.30717484887860713,2.109375,10.0,0.2287304550409317,phase_cross_correlation,ambiguous,none,717.8808000026038,717.9819000011776,
dram_anchored_pose-large_0079,dram,anchored,large,high,20260886,178.08540541748772,519.9734448191341,178.09000000357628,519.980000000447,0.008005037374716023,1,1.7695824537173461,9.640982322623055,-1.0664574537173461,0.35901767737694534,0.06450135700653623,1,0.8754902482032776,2.651213134593063,1,False,0.3145687190696001,0.703125,10.0,0.2704926133155823,phase_cross_correlation,ambiguous,none,725.7507999893278,725.8658999926411,
dram_anchored_pose-large_0080,dram,anchored,large,high,20260887,557.2973264467571,605.4642698094735,557.2999999970198,605.4499999992549,0.014518104376319011,1,-1.5597129388547746,9.763820316232236,-0.5496620611452254,0.2361796837677641,0.06246540182348297,1,0.9079498052597046,2.5827183415119275,1,False,0.30568760685662927,-2.109375,10.0,0.22339561581611633,phase_cross_correlation,ambiguous,none,741.8122000090079,741.9174999959068,
dram_unanchored_pose-none_0081,dram,unanchored,none,low,20260888,511.66084701100266,716.7068403912086,406.5,581.4700000006706,171.3120157574692,0,0.0,10.0,-1.40625,0.0,0.06042867537251491,1,0.9187943935394287,2.5120800329701907,1,False,0.2896687802720517,-1.40625,10.0,0.2081899791955948,phase_cross_correlation,ambiguous,none,725.4059999977471,725.510000003851,
dram_unanchored_pose-none_0082,dram,unanchored,none,low,20260889,168.7632294779334,116.0564976239753,755.5299999993294,267.48000000044703,605.9903630092363,0,0.0,10.0,-1.40625,0.0,0.06506065951347038,1,0.9385870695114136,2.669676814597106,1,False,0.2978097888175547,-1.40625,10.0,0.19221776723861694,phase_cross_correlation,ambiguous,none,724.0781000000425,724.1795000009006,
dram_unanchored_pose-none_0083,dram,unanchored,none,low,20260890,605.042449201066,690.623455605982,775.9900000002235,929.9700000006706,294.12554026794265,0,0.0,10.0,-0.703125,0.0,0.06364620625641837,1,0.9788865447044373,2.622692660400981,1,False,0.2910533984826356,-0.703125,10.0,0.12112795561552048,phase_cross_correlation,ambiguous,none,725.2101999911247,725.31209999579,
dram_unanchored_pose-none_0084,dram,unanchored,none,low,20260891,818.8522153306504,140.52431657922452,387.5099999997765,442.47000000067055,526.5237909756692,0,0.0,10.0,0.0,0.0,0.0722925507696437,1,0.9964743256568909,2.8960093144281336,1,False,0.28849407856960596,0.0,10.0,0.08212129771709442,phase_cross_correlation,ambiguous,none,701.2149000074714,701.3186999975005,
dram_unanchored_pose-none_0085,dram,unanchored,none,low,20260892,792.033248003639,126.77536301628662,194.00999999977648,674.9600000008941,811.2571733914191,0,0.0,10.0,-0.703125,0.0,0.0651677578792257,1,0.974566638469696,2.673195485135194,1,False,0.283122385985136,-0.703125,10.0,0.1352710872888565,phase_cross_correlation,ambiguous,none,712.6546999934362,712.7622999978485,
dram_unanchored_pose-none_0086,dram,unanchored,none,low,20260893,145.2531245943901,235.25640417332895,725.980000000447,836.0099999997765,835.5528629101145,0,0.0,10.0,-0.703125,0.0,0.07012973878185921,1,0.9795171618461609,2.8306037308447958,1,False,0.2812543419384658,-0.703125,10.0,0.12850961089134216,phase_cross_correlation,ambiguous,none,719.5708000072045,719.6721000073012,
dram_unanchored_pose-none_0087,dram,unanchored,none,low,20260894,408.813358591022,343.3187992443819,345.0,705.019999999553,367.28722188826407,0,0.0,10.0,-0.703125,0.0,0.07643311497768385,1,0.97843998670578,3.016345643568098,1,False,0.27600279568551483,-0.703125,10.0,0.1318562775850296,phase_cross_correlation,ambiguous,none,718.1286999984877,718.2553000020562,
dram_unanchored_pose-none_0088,dram,unanchored,none,low,20260895,692.8333747862794,709.2566361741763,828.0,940.9700000006706,268.2556607929378,0,0.0,10.0,-0.703125,0.0,0.06618116739510642,1,0.9811800122261047,2.7062269839873863,1,False,0.2818973566673547,-0.703125,10.0,0.12022556364536285,phase_cross_correlation,ambiguous,none,720.4053999885218,720.5257999885362,
dram_unanchored_pose-none_0089,dram,unanchored,none,low,20260896,143.42778693787955,818.7512521083663,206.01999999955297,317.9900000002235,504.6579205252533,0,0.0,10.0,-0.703125,0.0,0.06633965254691954,1,0.972271203994751,2.7113501552902375,1,False,0.30449736114275455,-0.703125,10.0,0.13856330513954163,phase_cross_correlation,ambiguous,none,726.4699999941513,726.5738000132842,
dram_unanchored_pose-none_0090,dram,unanchored,none,medium,20260897,176.19053097435793,579.758267656708,727.4900000002235,906.4400000013411,640.8213938344223,0,0.0,10.0,0.0,0.0,0.07317825759911643,1,0.9948863387107849,2.9222741951626796,1,False,0.29012245360727607,0.0,10.0,0.0982728973031044,phase_cross_correlation,ambiguous,none,727.1238999965135,727.2360000060871,
dram_unanchored_pose-none_0091,dram,unanchored,none,medium,20260898,293.38293214312614,636.4996852474435,521.0500000007451,739.980000000447,250.0809255586406,0,0.0,10.0,-0.703125,0.0,0.06999757781192766,1,0.9807923436164856,2.8265468962334226,1,False,0.28142229447050393,-0.703125,10.0,0.13006052374839783,phase_cross_correlation,ambiguous,none,735.5500999983633,735.6564000074286,
dram_unanchored_pose-none_0092,dram,unanchored,none,medium,20260899,501.6994415620071,685.8001667946323,838.4700000006706,96.46000000089407,678.7755455432675,0,0.0,10.0,-1.40625,0.0,0.06999974504013935,1,0.939165472984314,2.826613478922701,1,False,0.28535433874712884,-1.40625,10.0,0.1852366179227829,phase_cross_correlation,ambiguous,none,712.663700003759,712.7677999960724,
dram_unanchored_pose-none_0093,dram,unanchored,none,medium,20260900,629.100238395367,540.3206468014084,201.48000000044703,484.53999999910593,431.24302758724275,0,0.0,10.0,-1.40625,0.0,0.06301561108461626,1,0.9399610161781311,2.6014317385980084,1,False,0.28412512467508017,-1.40625,10.0,0.18965955078601837,phase_cross_correlation,ambiguous,none,712.3108000087086,712.427899998147,
dram_unanchored_pose-none_0094,dram,unanchored,none,medium,20260901,192.72850426223226,83.3334086115569,262.5,327.55000000074506,253.9878050758324,0,0.0,10.0,-1.40625,0.0,0.06553872059701424,1,0.9300881624221802,2.6853418613097433,1,False,0.29755382721281054,-1.40625,10.0,0.20914916694164276,phase_cross_correlation,ambiguous,none,708.3115999994334,708.4145999979228,
dram_unanchored_pose-none_0095,dram,unanchored,none,medium,20260902,768.9617221174226,517.169239135016,477.05000000074506,538.0299999993294,292.6561546473309,0,0.0,10.0,-0.703125,0.0,0.0716248588152557,1,0.9782887697219849,2.876012611601036,1,False,0.2820029612546563,-0.703125,10.0,0.1315809190273285,phase_cross_correlation,ambiguous,none,719.8159000108717,719.9398000084329,
dram_unanchored_pose-none_0096,dram,unanchored,none,medium,20260903,650.4389301340232,378.5525177779853,358.0099999997765,670.980000000447,413.55593519913157,0,0.0,10.0,-0.703125,0.0,0.06475651441980672,1,0.9753089547157288,2.659654793093049,1,False,0.2906766214489192,-0.703125,10.0,0.13065652549266815,phase_cross_correlation,ambiguous,none,718.769400002202,718.8658000086434,
dram_unanchored_pose-none_0097,dram,unanchored,none,medium,20260904,651.5458252142881,606.8914836068054,50.940000001341105,76.94999999925494,800.9777358503148,0,0.0,10.0,-0.703125,0.0,0.06602542287117659,1,0.9748324155807495,2.701181288730926,1,False,0.2897955645784885,-0.703125,10.0,0.13902302086353302,phase_cross_correlation,ambiguous,none,701.3410999934422,701.4493000024231,
dram_unanchored_pose-none_0098,dram,unanchored,none,medium,20260905,331.56123969009116,462.3655176451306,253.0,540.929999999702,111.10466358027332,0,0.0,10.0,-0.703125,0.0,0.06829190781377609,1,0.9805160760879517,2.7735434394144693,1,False,0.2942139152304679,-0.703125,10.0,0.12387652695178986,phase_cross_correlation,ambiguous,none,731.5767999971285,731.6935999988345,
dram_unanchored_pose-none_0099,dram,unanchored,none,high,20260906,295.7968640407147,874.1166811559921,526.480000000447,909.609999999404,233.39769685825192,0,0.0,10.0,0.0,0.0,0.06449222203327012,1,0.9925301671028137,2.650910335968803,1,False,0.2972096543300748,0.0,10.0,0.10732667148113251,phase_cross_correlation,ambiguous,none,707.9972000065027,708.493099999032,
dram_unanchored_pose-none_0100,dram,unanchored,none,high,20260907,404.2022208210335,406.4445017905228,780.4099999964237,901.4600000008941,621.749657483252,0,0.0,10.0,-1.40625,0.0,0.06466748766811904,1,0.9445400834083557,2.656712943965909,1,False,0.30558940752482416,-1.40625,10.0,0.1982429325580597,phase_cross_correlation,ambiguous,none,719.4585000106599,719.5653999951901,
dram_unanchored_pose-none_0101,dram,unanchored,none,high,20260908,423.5814104413642,262.7432945099216,423.57999999821186,115.52999999932945,147.21329451734886,0,0.0,10.0,-1.40625,0.0,0.065628854170554,1,0.9333614706993103,2.6882834353989296,1,False,0.30109918155156074,-1.40625,10.0,0.2016529142856598,phase_cross_correlation,ambiguous,none,722.1424000017578,722.2538000060013,
dram_unanchored_pose-none_0102,dram,unanchored,none,high,20260909,720.1169260312367,194.05911419199282,188.51999999955297,607.5299999993294,673.4637816368739,0,0.0,10.0,0.0,0.0,0.06184331657497717,1,0.9906579256057739,2.5613741188689545,1,False,0.30370331486472485,0.0,10.0,0.1107887476682663,phase_cross_correlation,ambiguous,none,713.3047999959672,713.4091000043554,
dram_unanchored_pose-none_0103,dram,unanchored,none,high,20260910,87.43433256651984,350.11702017168216,275.5,893.4600000008941,574.9698157267803,0,0.0,10.0,-1.40625,0.0,0.0704682945310395,1,0.9372631907463074,2.8409639377556766,1,False,0.3065583111654371,-1.40625,10.0,0.20196376740932465,phase_cross_correlation,ambiguous,none,719.1268000024138,719.2661000008229,
dram_unanchored_pose-none_0104,dram,unanchored,none,high,20260911,691.9673667274584,542.9936993307292,592.519999999553,211.50999999977648,346.07979090268765,0,0.0,10.0,0.0,0.0,0.0636263552553145,1,0.9934455752372742,2.6220263707844613,1,False,0.29839861730071904,0.0,10.0,0.11503013968467712,phase_cross_correlation,ambiguous,none,707.6238000008743,707.7319999953033,
dram_unanchored_pose-none_0105,dram,unanchored,none,high,20260912,114.12951775229084,101.32842361671179,301.51999999955297,663.5,592.5808587274253,0,0.0,10.0,0.0,0.0,0.0674768020238289,1,0.9942955374717712,2.747779673386605,1,False,0.30766841272942724,0.0,10.0,0.11144879460334778,phase_cross_correlation,ambiguous,none,718.6767999955919,718.7844000000041,
dram_unanchored_pose-none_0106,dram,unanchored,none,high,20260913,247.86881229578282,579.4362611414817,444.4900000002235,497.5099999997765,213.00658139823705,0,0.0,10.0,-1.40625,0.0,0.06082163542510574,1,0.9283215403556824,2.52588031737597,1,False,0.2979398763319999,-1.40625,10.0,0.2132151573896408,phase_cross_correlation,ambiguous,none,731.2949000042863,731.4123999967705,
dram_unanchored_pose-none_0107,dram,unanchored,none,high,20260914,613.2098214567837,581.3225081779976,92.4400000013411,648.519999999553,525.0873354460585,0,0.0,10.0,0.0,0.0,0.06441363377204112,1,0.9928319454193115,2.648303705716467,1,False,0.2962200213813931,0.0,10.0,0.11535508930683136,phase_cross_correlation,ambiguous,none,712.6496999990195,712.7679999975953,
dram_unanchored_pose-small_0108,dram,unanchored,small,low,20260915,285.87752268532034,588.3774716520661,562.570000000298,372.42000000178814,350.9933853568754,0,2.4346286490455435,10.05402289800114,-1.0283786490455435,-0.05402289800113991,0.0707990052642341,1,0.9547576308250427,2.8510397584717198,1,False,0.2823205531782806,1.40625,10.0,0.16060148179531097,phase_cross_correlation,ambiguous,none,724.8914999945555,725.3940999944462,
dram_unanchored_pose-small_0109,dram,unanchored,small,low,20260916,221.35093499881475,639.8166384279036,689.929999999702,88.99000000022352,723.1710210998806,0,-3.517960978995245,9.899193741854667,-0.7007890210047552,0.10080625814533306,0.06750490081997114,1,0.9676595330238342,2.7486726081001107,1,False,0.29158186318558454,-4.21875,10.0,0.1432589590549469,phase_cross_correlation,ambiguous,none,710.3055000043241,710.4295000026468,
dram_unanchored_pose-small_0110,dram,unanchored,small,low,20260917,134.52321481222583,777.2756008172083,554.0599999986589,670.0599999986589,433.01997550165026,0,1.5305997093510735,9.798046379734858,-0.8274747093510735,0.20195362026514196,0.06621880469390051,1,0.944981038570404,2.7074446738189786,1,False,0.28614543224777284,0.703125,10.0,0.1839318871498108,phase_cross_correlation,ambiguous,none,732.9704000003403,733.0906999995932,
dram_unanchored_pose-small_0111,dram,unanchored,small,low,20260918,897.7542274121029,903.166485545431,496.47000000067055,935.4900000002235,402.5839549161135,0,4.606158437118163,9.751899754514815,-1.0905334371181628,0.24810024548518506,0.05910244508497223,1,0.8989732265472412,2.4648760604183972,1,False,0.29722149327617886,3.515625,10.0,0.23184992372989655,phase_cross_correlation,ambiguous,none,726.8795999989379,727.2703000053298,
dram_unanchored_pose-small_0112,dram,unanchored,small,low,20260919,911.26106200309,565.1305090834181,537.070000000298,343.0599999986589,435.12557025293455,0,-2.928671403231312,10.219081125193135,-1.290078596768688,-0.21908112519313505,0.0720038411932255,1,0.9270105361938477,2.887383747876227,1,False,0.2831731792472899,-4.21875,10.0,0.21447180211544037,phase_cross_correlation,ambiguous,none,717.7066999865929,718.0904999986524,
dram_unanchored_pose-small_0113,dram,unanchored,small,low,20260920,851.5275420792397,735.9835877426103,484.48000000044703,124.50999999977648,713.178691951166,0,-4.562533261437649,9.755748747660368,-0.3593417385623514,0.24425125233963207,0.06225658245129641,1,0.9228649735450745,2.5755758048323716,1,False,0.28491125574569404,-4.921875,10.0,0.20940221846103668,phase_cross_correlation,ambiguous,none,733.678599994164,734.0861999982735,
dram_unanchored_pose-small_0114,dram,unanchored,small,low,20260921,560.2093676043079,911.0648353934272,276.5099999997765,619.4700000006706,406.83274107050414,0,2.790092942445778,9.85237279100132,-1.3838429424457779,0.14762720899867965,0.06384420956086695,1,0.9281120300292969,2.629327969599827,1,False,0.27911165737821164,1.40625,10.0,0.20487485826015472,phase_cross_correlation,ambiguous,none,722.4978000012925,722.624399990309,
dram_unanchored_pose-small_0115,dram,unanchored,small,low,20260922,606.2960494921678,809.7142601747056,730.4600000008941,222.52999999932945,600.1683447197438,0,4.918211860846256,10.221530851521123,-1.402586860846256,-0.2215308515211234,0.0629391322944222,1,0.9023337960243225,2.598839729960837,1,False,0.2892758229442835,3.515625,10.0,0.2308446168899536,phase_cross_correlation,ambiguous,none,721.1903999996139,721.3011999992887,
dram_unanchored_pose-small_0116,dram,unanchored,small,low,20260923,331.7364823777355,914.3716617487833,918.4900000002235,587.4400000013411,671.6874287161457,0,4.897891627764835,10.011477567011237,-1.3822666277648352,-0.011477567011237255,0.0631721922990995,1,0.928061306476593,2.6067294270093155,1,False,0.29805283769628405,3.515625,10.0,0.1983574628829956,phase_cross_correlation,ambiguous,none,728.7533999915468,728.8755999907153,
dram_unanchored_pose-small_0117,dram,unanchored,small,medium,20260924,115.26294833224932,606.6441742650118,732.5099999997765,653.5,619.0229326911584,0,-4.340686818186935,9.793782026702987,-0.5811881818130651,0.2062179732970133,0.06622744491435463,1,0.9372336268424988,2.7077241224817796,1,False,0.2921212632290721,-4.921875,10.0,0.20397931337356567,phase_cross_correlation,ambiguous,none,716.8280000041705,717.2140999900876,
dram_unanchored_pose-small_0118,dram,unanchored,small,medium,20260925,508.73167506105744,354.41891168453924,225.90999999642372,767.929999999702,500.9785624614646,0,-3.4076093841411206,9.817224497247926,-0.8111406158588794,0.1827755027520741,0.07007513819572804,1,0.9414480328559875,2.8289285600723075,1,False,0.2863131881497055,-4.21875,10.0,0.18480686843395233,phase_cross_correlation,ambiguous,none,723.645200007013,723.7583999958588,
dram_unanchored_pose-small_0119,dram,unanchored,small,medium,20260926,898.6487968495994,326.2126616834731,834.980000000447,782.980000000447,461.1833876511507,0,3.3758671671166507,10.195429408917551,-0.5633671671166507,-0.19542940891755123,0.061854087893568964,1,0.9616086483001709,2.561745393600956,1,False,0.29471099765226244,2.8125,10.0,0.15651242434978485,phase_cross_correlation,ambiguous,none,726.8672000063816,727.208199998131,
dram_unanchored_pose-small_0120,dram,unanchored,small,medium,20260927,100.06184317177792,837.8899135588762,943.5,419.44999999925494,941.530607921788,0,-4.024813392798656,9.94041075516592,4.024813392798656,0.059589244834079125,0.05290451916896829,1,0.6107369065284729,2.230177702211108,1,False,0.2819883529688567,0.0,10.0,0.46677419543266296,phase_cross_correlation,ambiguous,none,715.699799999129,716.1608000023989,
dram_unanchored_pose-small_0121,dram,unanchored,small,medium,20260928,732.5581412007315,341.70648161564617,677.570000000298,761.640000000596,423.5184240807498,0,0.30408697715383504,9.732613226111162,-0.30408697715383504,0.2673867738888376,0.06660308253124826,1,0.909837543964386,2.7198406593882716,1,False,0.2851599842818379,0.0,10.0,0.2241458296775818,phase_cross_correlation,ambiguous,none,712.0985000074143,712.6513000112027,
dram_unanchored_pose-small_0122,dram,unanchored,small,medium,20260929,78.26287074809981,533.2919767995284,422.5,316.570000000298,406.77710897167697,0,-1.497516415048291,10.170833040196012,-0.6118585849517091,-0.17083304019601186,0.06506142183039432,1,0.9722002148628235,2.669701879226879,1,False,0.28965176238307355,-2.109375,10.0,0.14093808829784393,phase_cross_correlation,ambiguous,none,728.8781000097515,729.3104999989737,
dram_unanchored_pose-small_0123,dram,unanchored,small,medium,20260930,211.605425475147,405.296491321445,615.0,92.00999999977648,510.75983436516333,0,-0.8263164163016832,9.919956477750024,0.12319141630168318,0.08004352224997646,0.06830404233904394,1,0.9938104152679443,2.7739248282010376,1,False,0.28276289784689246,-0.703125,10.0,0.09719894081354141,phase_cross_correlation,ambiguous,none,728.4796000021743,729.0804000076605,
dram_unanchored_pose-small_0124,dram,unanchored,small,medium,20260931,175.2836063119479,269.8542574779711,628.5099999997765,877.4900000002235,758.0470694659031,0,-0.7567067692890017,9.920804775443017,-0.6495432307109983,0.07919522455698313,0.07021851110433609,1,0.9798471927642822,2.8333247337055556,1,False,0.28542733241647483,-1.40625,10.0,0.1285054236650467,phase_cross_correlation,ambiguous,none,714.1574999986915,714.2674000060651,
dram_unanchored_pose-small_0125,dram,unanchored,small,medium,20260932,690.2068776250529,565.9880490765531,450.53999999910593,56.47000000067055,563.0709143305701,0,4.635419741995275,9.830875730918184,-1.1197947419952747,0.16912426908181644,0.05951104892846928,1,0.9259203672409058,2.4795241816944107,1,False,0.29736528712512555,3.515625,10.0,0.2139272391796112,phase_cross_correlation,ambiguous,none,716.8652000109432,717.1971999923699,
dram_unanchored_pose-small_0126,dram,unanchored,small,high,20260933,796.9183896433958,347.00696517169666,289.48000000044703,634.5399999991059,583.2400581240021,0,-1.6813174051066584,9.910566423491282,1.6813174051066584,0.08943357650871775,0.059652962019668916,1,0.8792973756790161,2.484589614996369,1,False,0.3074723363431841,0.0,10.0,0.26735416054725647,phase_cross_correlation,ambiguous,none,724.187300002086,724.6812000084901,
dram_unanchored_pose-small_0127,dram,unanchored,small,high,20260934,274.30394506298785,349.99204447888866,766.5,839.5099999997765,694.1792169698746,0,0.15583567481103255,10.150130766730733,-0.15583567481103255,-0.150130766730733,0.06424150358175079,1,0.9662296772003174,2.6425840970394043,1,False,0.30356519450978936,0.0,10.0,0.17259809374809265,phase_cross_correlation,ambiguous,none,728.5954999970272,728.7024999968708,
dram_unanchored_pose-small_0128,dram,unanchored,small,high,20260935,673.5877859848301,886.9388590388442,140.53999999910593,590.3299999982119,610.0137354237756,0,-0.7940635153398397,9.746647534675661,0.7940635153398397,0.25335246532433864,0.06571820866533223,1,0.9274666905403137,2.6911958784346433,1,False,0.2989085252628028,0.0,10.0,0.21809493005275726,phase_cross_correlation,ambiguous,none,720.0131999998121,720.1194999943255,
dram_unanchored_pose-small_0129,dram,unanchored,small,high,20260936,773.3124178625667,456.640285646837,672.5299999993294,730.4600000008941,291.7778807917035,0,-2.8519049802857452,10.049904253550785,2.8519049802857452,-0.04990425355078543,0.05668660562790177,1,0.755748987197876,2.3762787709531072,1,False,0.2982317431975156,0.0,10.0,0.38290154933929443,phase_cross_correlation,ambiguous,none,715.7367000036174,715.8840999909444,
dram_unanchored_pose-small_0130,dram,unanchored,small,high,20260937,210.2592610510008,326.9764359096142,647.8499999940395,913.0399999991059,731.4069701349533,0,-1.9133445940314395,10.23732600254595,-0.8991554059685605,-0.2373260025459505,0.06774754246912032,1,0.934106707572937,2.7563690607986873,1,False,0.29309057446168363,-2.8125,10.0,0.20827656984329224,phase_cross_correlation,ambiguous,none,717.3524999961955,717.4783999944339,
dram_unanchored_pose-small_0131,dram,unanchored,small,high,20260938,281.29881648045193,899.2085802240562,872.5599999986589,905.3999999985099,591.293599503812,0,-4.413524450791848,9.71870458038766,4.413524450791848,0.2812954196123396,0.05272614095341422,1,0.541522741317749,2.223046257111913,1,False,0.29821534033767877,0.0,10.0,0.5442476272583008,phase_cross_correlation,ambiguous,none,711.6304999944987,712.15310000116,
dram_unanchored_pose-small_0132,dram,unanchored,small,high,20260939,519.1941440445112,598.1157002907307,640.480000000447,894.5399999991059,320.27741773744316,0,-1.37928805993915,9.70668290762288,-0.026961940060850065,0.29331709237711934,0.06286871847940116,1,0.9302656054496765,2.596450675516616,1,False,0.29894748845870794,-1.40625,10.0,0.2169581949710846,phase_cross_correlation,ambiguous,none,709.1313999990234,709.5987000066089,
dram_unanchored_pose-small_0133,dram,unanchored,small,high,20260940,579.7556576917699,422.67588800717203,615.4600000008941,62.49000000022352,361.95120386466624,0,-0.46806788278653055,9.937247238622044,0.46806788278653055,0.06275276137795593,0.0636339071953432,1,0.9813150763511658,2.6222798709688466,1,False,0.29927928805074094,0.0,10.0,0.13918156921863556,phase_cross_correlation,ambiguous,none,711.6168000065954,712.0563999924343,
dram_unanchored_pose-small_0134,dram,unanchored,small,high,20260941,315.9255101392529,801.4329522834618,596.4600000008941,250.51999999955297,618.2270464773469,0,1.3133627855241512,9.70442793478206,-1.3133627855241512,0.29557206521793944,0.06496730886199349,1,0.876372218132019,2.666605420664902,1,False,0.29799192266765234,0.0,10.0,0.26680415868759155,phase_cross_correlation,ambiguous,none,717.7274999994552,718.1921000010334,
dram_unanchored_pose-large_0135,dram,unanchored,large,low,20260942,550.6844719229696,901.5591152151263,846.0299999993294,949.9700000006706,299.28681013439785,0,-0.7788169855527709,10.386404198373997,0.0756919855527709,-0.386404198373997,0.056777706560566826,1,0.8111518621444702,2.3796835472918256,1,False,0.28390272853150966,-0.703125,10.0,0.33610105514526367,phase_cross_correlation,ambiguous,none,719.6923000010429,720.1378000027034,
dram_unanchored_pose-large_0136,dram,unanchored,large,low,20260943,599.37805699005,545.0475621525604,688.4700000006706,584.429999999702,97.40816557245918,0,2.7136785032889943,9.535973918489699,-1.3074285032889943,0.4640260815103012,0.06262396725304371,1,0.7932899594306946,2.588127101870181,1,False,0.2864296106927246,1.40625,10.0,0.31709665060043335,phase_cross_correlation,ambiguous,none,710.1380999956746,710.2444000047399,
dram_unanchored_pose-large_0137,dram,unanchored,large,low,20260944,487.67981727320364,877.2269536991357,151.97000000067055,780.0,349.50559643412214,0,-4.264678754234904,9.920030464900425,-1.3603212457650962,0.0799695350995755,0.0629295100348423,1,0.938408374786377,2.598513405610955,1,False,0.28761243470153214,-5.625,10.0,0.18942449986934662,phase_cross_correlation,ambiguous,none,701.4395000005607,701.5507000032812,
dram_unanchored_pose-large_0138,dram,unanchored,large,low,20260945,584.5216224332506,136.09616755344067,394.9900000002235,330.97000000067055,271.84195127825024,0,0.7971402116162505,9.644144804330553,-1.5002652116162505,0.3558551956694469,0.06222558534974307,1,0.8581317663192749,2.574513662444221,1,False,0.28113664188839493,-0.703125,10.0,0.28469204902648926,phase_cross_correlation,ambiguous,none,704.5918999938294,705.089199997019,
dram_unanchored_pose-large_0139,dram,unanchored,large,low,20260946,197.73170472107776,887.6041102898503,785.4600000008941,731.4499999992549,608.1189482602613,0,2.784143455751815,9.895485876395178,-1.3778934557518152,0.10451412360482237,0.06967586395500633,1,0.9404416084289551,2.816641828541151,1,False,0.2833403899616003,1.40625,10.0,0.1800573170185089,phase_cross_correlation,ambiguous,none,703.0889000016032,703.5746000037761,
dram_unanchored_pose-large_0140,dram,unanchored,large,low,20260947,840.461259445937,779.7516583837908,234.0,403.0099999997765,713.953455325128,0,7.245028729232542,10.049559122874424,-1.6200287292325424,-0.04955912287442388,0.06347808281899818,1,0.9247629046440125,2.6170435379258072,1,False,0.28055742601729927,5.625,10.0,0.2092582881450653,phase_cross_correlation,ambiguous,none,701.5302999934647,701.6380999993999,
dram_unanchored_pose-large_0141,dram,unanchored,large,low,20260948,317.0750236611064,164.7850219020541,146.40999999642372,595.4700000006706,463.26677051378556,0,-1.0608604599913143,10.260545798822747,-0.3453895400086857,-0.2605457988227471,0.06613268610446411,1,0.9173322319984436,2.7046575069624303,1,False,0.28000250145129857,-1.40625,10.0,0.23472200334072113,phase_cross_correlation,ambiguous,none,703.6248999938834,703.7293000030331,
dram_unanchored_pose-large_0142,dram,unanchored,large,low,20260949,903.6277797101542,838.6899725239753,119.53999999910593,921.4099999964237,788.4391220869522,0,-0.9312480509659373,9.851631209669655,-1.1781269490340627,0.14836879033034478,0.06552729521110671,1,0.9210381507873535,2.6849687170140424,1,False,0.28372565817685425,-2.109375,10.0,0.21312665939331055,phase_cross_correlation,ambiguous,none,707.2464000084437,707.3842999961926,
dram_unanchored_pose-large_0143,dram,unanchored,large,low,20260950,390.2597873969239,157.65257497249985,809.0,312.0099999997765,446.2841923168696,0,-0.2538935571657941,10.013507908051633,-0.4492314428342059,-0.013507908051632711,0.07552811452652315,1,0.9849464297294617,2.990564649860762,1,False,0.2878061403776258,-0.703125,10.0,0.11829160898923874,phase_cross_correlation,ambiguous,none,714.7776999918278,715.2425000094809,
dram_unanchored_pose-large_0144,dram,unanchored,large,medium,20260951,460.3004580291623,234.52356865680127,100.52999999932945,947.5,798.6051428095607,0,2.8291767518143462,10.070698077989945,-0.7198017518143462,-0.07069807798994532,0.06042451265299987,1,0.9791666865348816,2.511933394367586,1,False,0.3147452751841247,2.109375,10.0,0.13217458128929138,phase_cross_correlation,ambiguous,none,718.0016000056639,718.1310999876587,
dram_unanchored_pose-large_0145,dram,unanchored,large,medium,20260952,203.32886498608224,433.06165095312724,879.5099999997765,240.51999999955297,703.0598941059972,0,0.6396244114647409,10.005928971699126,-0.6396244114647409,-0.00592897169912554,0.0711003899134723,1,0.9819108843803406,2.8601843003482785,1,False,0.2884708822143823,0.0,10.0,0.12936043739318848,phase_cross_correlation,ambiguous,none,705.8412000042154,705.9453999972902,
dram_unanchored_pose-large_0146,dram,unanchored,large,medium,20260953,783.5072272818086,170.0707046377794,104.49000000022352,58.49000000022352,688.1240066968927,0,4.4034318907738665,9.998477444165959,-0.8878068907738665,0.0015225558340414835,0.06040092730886726,1,0.9678395986557007,2.5111023835064428,1,False,0.29109435559315977,3.515625,10.0,0.1471811681985855,phase_cross_correlation,ambiguous,none,704.8726999928476,705.2993000106653,
dram_unanchored_pose-large_0147,dram,unanchored,large,medium,20260954,767.5549191053243,878.3436100998532,710.5299999993294,114.4400000013411,766.02909012686,0,-7.9959455021051795,9.631730597395112,-0.4415544978948205,0.36826940260488783,0.0576858858722618,1,0.8757225275039673,2.413347715689902,1,False,0.29473350603561105,-8.4375,10.0,0.26905637979507446,phase_cross_correlation,ambiguous,none,693.8174999959301,693.9260999934049,
dram_unanchored_pose-large_0148,dram,unanchored,large,medium,20260955,208.38199594577372,437.54354484039686,115.48000000044703,943.5799999982119,514.4936100665516,0,-0.9404998188191076,9.710012651274095,-0.4657501811808924,0.28998734872590504,0.07009109361832583,1,0.9278817176818848,2.829418204451461,1,False,0.29151549329669774,-1.40625,10.0,0.21710650622844696,phase_cross_correlation,ambiguous,none,719.5109000022057,719.9997999996413,
dram_unanchored_pose-large_0149,dram,unanchored,large,medium,20260956,659.3021476431815,438.5101120537304,357.2699999958277,258.35999999940395,351.6780929851322,0,5.571442703150108,10.186117101225028,-5.571442703150108,-0.18611710122502778,0.04522777870773847,1,0.3209030330181122,1.9004773418981031,1,False,0.29804016255398097,0.0,10.0,0.6397311091423035,phase_cross_correlation,ambiguous,none,700.445900001796,700.8918000065023,
dram_unanchored_pose-large_0150,dram,unanchored,large,medium,20260957,214.24385411243674,423.3155978743154,513.5399999991059,46.55000000074506,481.1761617990269,0,-3.3288673046561,10.233196126810304,-0.18675769534389985,-0.233196126810304,0.06044025751761421,1,0.9430664777755737,2.5124879832441227,1,False,0.2878469850523323,-3.515625,10.0,0.1871546059846878,phase_cross_correlation,ambiguous,none,709.6618999930797,709.7715999989305,
dram_unanchored_pose-large_0151,dram,unanchored,large,medium,20260958,112.71828778892463,881.6213336254212,656.480000000447,284.5,807.6080031412567,0,1.7067550810384464,9.872346562034473,-0.3005050810384464,0.12765343796552742,0.06751132677893594,1,0.9849067330360413,2.74887676633791,1,False,0.2967381576821208,1.40625,10.0,0.12400493025779724,phase_cross_correlation,ambiguous,none,712.6663999952143,712.7879000036046,
dram_unanchored_pose-large_0152,dram,unanchored,large,medium,20260959,440.0676961332741,669.6884581920888,907.5,211.50999999977648,654.5383550638111,0,-3.062953619007901,10.081848505121725,-0.4526713809920988,-0.08184850512172481,0.07161895903572224,1,0.9845051169395447,2.875835153837485,1,False,0.28403764276245236,-3.515625,10.0,0.12117690593004227,phase_cross_correlation,ambiguous,none,714.6495999913896,715.0110999937169,
dram_unanchored_pose-large_0153,dram,unanchored,large,high,20260960,568.8366204055502,347.9554486665598,212.1899999976158,369.4900000002235,357.29616391663575,0,6.31890519226857,10.371293650621222,-6.31890519226857,-0.3712936506212223,0.044473260695094545,1,0.3087998032569885,1.8652507548078263,1,False,0.29815511204271017,0.0,10.0,0.6778460144996643,phase_cross_correlation,ambiguous,none,699.4834000070114,699.9522999976762,
dram_unanchored_pose-large_0154,dram,unanchored,large,high,20260961,305.819457214335,453.91872603904636,49.18000000715256,301.9900000002235,298.2384093160653,0,0.803317626134568,10.260249911392624,-0.10019262613456803,-0.26024991139262355,0.05680736267441238,1,0.8928267955780029,2.3807907974838542,1,False,0.3040977620178461,0.703125,10.0,0.2560965418815613,phase_cross_correlation,ambiguous,none,711.5601999976207,712.0598999899812,
dram_unanchored_pose-large_0155,dram,unanchored,large,high,20260962,196.9252870267626,776.212463842222,108.53999999910593,46.310000002384186,735.2343610594019,0,4.519019503545149,10.483477617124723,-1.0033945035451488,-0.4834776171247235,0.057126316095391684,1,0.7751418352127075,2.3926651309549416,1,False,0.2877470377589762,3.515625,10.0,0.3605397343635559,phase_cross_correlation,ambiguous,none,703.7897999980487,703.9003999962006,
dram_unanchored_pose-large_0156,dram,unanchored,large,high,20260963,362.3109911275908,93.64724516221555,791.570000000298,821.609999999404,845.099443337012,0,6.186124011244182,9.845233814771849,-1.264249011244182,0.15476618522815144,0.06264247061665006,1,0.9306283593177795,2.588757429567508,1,False,0.298368162246719,4.921875,10.0,0.21928095817565918,phase_cross_correlation,ambiguous,none,707.9584000020986,708.3257000049343,
dram_unanchored_pose-large_0157,dram,unanchored,large,high,20260964,101.97039169904741,665.4194629053095,590.9900000002235,318.0900000035763,599.8149157053717,0,-0.8697026332174662,10.029552436663728,-1.9427973667825338,-0.029552436663728088,0.0592308086959096,1,0.8740997910499573,2.469487988821462,1,False,0.29687750188371537,-2.8125,10.0,0.26826244592666626,phase_cross_correlation,ambiguous,none,713.1647999922279,713.5672000003979,
dram_unanchored_pose-large_0158,dram,unanchored,large,high,20260965,362.1293214475191,509.2893255996131,611.5399999991059,786.4499999992549,372.8588553450585,0,-1.168952210572737,9.840874413702549,-0.23729778942726298,0.159125586297451,0.06449271351894359,1,0.9739676713943481,2.650926628350444,1,False,0.3053957866758853,-1.40625,10.0,0.15238404273986816,phase_cross_correlation,ambiguous,none,724.845800010371,724.9744000000646,
dram_unanchored_pose-large_0159,dram,unanchored,large,high,20260966,416.1653736242952,669.6292552943829,804.519999999553,467.47000000067055,437.82151652011623,0,-2.7580850136378245,10.076956170669257,2.7580850136378245,-0.07695617066925742,0.05482082420542083,1,0.7491469383239746,2.305391223965571,1,False,0.31520326400955023,0.0,10.0,0.3782082796096802,phase_cross_correlation,ambiguous,none,722.8657999949064,722.9715000139549,
dram_unanchored_pose-large_0160,dram,unanchored,large,high,20260967,381.7747040681378,426.44269334322115,220.55000000074506,114.42000000178814,351.21441650601463,0,-0.5727567681776087,9.95033720794391,-0.8334932318223913,0.0496627920560897,0.06656097117600719,1,0.9698413610458374,2.718485482280383,1,False,0.29728383521318436,-1.40625,10.0,0.16044311225414276,phase_cross_correlation,ambiguous,none,723.5460000083549,723.6699000059161,
dram_unanchored_pose-large_0161,dram,unanchored,large,high,20260968,264.91968058414886,183.74080117991673,738.5799999982119,498.570000000298,568.7455693166456,0,1.9265302359890732,9.583100646287638,-0.5202802359890732,0.41689935371236153,0.06673241251613522,1,0.8731107711791992,2.7239976332516793,1,False,0.30620007719492914,1.40625,10.0,0.2899470925331116,phase_cross_correlation,ambiguous,none,762.5130999949761,762.6196000055643,
finfet_anchored_pose-none_0162,finfet,anchored,none,low,20260969,332.11882866780456,271.17596451073496,332.1000000014901,271.2199999988079,0.04789199186715629,1,0.0,10.0,-0.703125,0.0,0.045075355737350796,1,0.9503650665283203,1.893406460685954,1,False,0.27112302527669074,-0.703125,10.0,0.16840004920959473,phase_cross_correlation,ambiguous,none,713.2822000130545,713.3960999926785,
finfet_anchored_pose-none_0163,finfet,anchored,none,low,20260970,410.25810813579454,833.7013979803629,410.24000000953674,833.6500000059605,0.05449455027104236,1,0.0,10.0,0.0,0.0,0.0430459687854439,1,0.9771597981452942,1.7970264603136812,1,False,0.26574282324361803,0.0,10.0,0.10340558737516403,phase_cross_correlation,ambiguous,none,694.2426000023261,694.3447999947239,
finfet_anchored_pose-none_0164,finfet,anchored,none,low,20260971,804.2665390924888,831.0233282252316,804.2599999904633,831.070000000298,0.04712763990645545,1,0.0,10.0,-0.703125,0.0,0.04429892114665649,1,0.9467998147010803,1.8570302765450135,1,False,0.2617316647441089,-0.703125,10.0,0.16824796795845032,phase_cross_correlation,ambiguous,none,718.022299988661,718.1262999947648,
finfet_anchored_pose-none_0165,finfet,anchored,none,low,20260972,466.26405856063934,533.4296036836707,466.2800000011921,533.4699999988079,0.04342800713317009,1,0.0,10.0,-0.703125,0.0,0.04451664922133933,1,0.9464728236198425,1.8672918401859946,1,False,0.2667441132801771,-0.703125,10.0,0.16400091350078583,phase_cross_correlation,ambiguous,none,717.9564999969443,718.0565000016941,
finfet_anchored_pose-none_0166,finfet,anchored,none,low,20260973,704.4728893627434,157.21718414530818,704.4600000008941,157.29999999701977,0.08381289246649129,1,0.0,10.0,0.0,0.0,0.04336623056543529,1,0.9902151226997375,1.8125208170340772,1,False,0.2680366769376099,0.0,10.0,0.13522525131702423,phase_cross_correlation,ambiguous,none,716.41360000649,716.5173000103096,
finfet_anchored_pose-none_0167,finfet,anchored,none,low,20260974,891.8107397316909,269.7864711565011,891.7800000011921,269.7699999958277,0.03487449161016714,1,0.0,10.0,-0.703125,0.0,0.042933268508061256,1,0.9536393880844116,1.7915477923940493,1,False,0.264443530108884,-0.703125,10.0,0.15509867668151855,phase_cross_correlation,ambiguous,none,731.0054999979911,731.1080000072252,
finfet_anchored_pose-none_0168,finfet,anchored,none,low,20260975,481.9114491807674,269.07678253662664,481.90000000596046,269.1299999952316,0.05443511278700632,1,0.0,10.0,0.0,0.0,0.041813064162339444,1,0.9488732218742371,1.7363318803589027,1,False,0.266667448134616,0.0,10.0,0.12313863635063171,phase_cross_correlation,ambiguous,none,713.1299000029685,713.2412999926601,
finfet_anchored_pose-none_0169,finfet,anchored,none,low,20260976,376.4265687599748,911.1313333029236,376.419999986887,911.1599999964237,0.029409659911469523,1,0.0,10.0,-0.703125,0.0,0.04425856460213424,1,0.928662121295929,1.8551229833041434,1,False,0.26390358067643643,-0.703125,10.0,0.185761496424675,phase_cross_correlation,ambiguous,none,720.4823000065517,720.5885000003036,
finfet_anchored_pose-none_0170,finfet,anchored,none,low,20260977,251.1400247333072,328.25571521797315,251.15999999642372,328.2900000065565,0.03967943881634642,1,0.0,10.0,0.0,0.0,0.045184102571489575,1,0.9638475775718689,1.8984535352350682,1,False,0.2713278540454507,0.0,10.0,0.11044442653656006,phase_cross_correlation,ambiguous,none,707.8133000031812,707.919899999979,
finfet_anchored_pose-none_0171,finfet,anchored,none,medium,20260978,814.3867322034117,127.6903956781285,814.4000000059605,127.7199999988079,0.03244149175610974,1,0.0,10.0,-0.703125,0.0,0.04204958416624027,1,0.9213690161705017,1.7481069574197659,1,False,0.26765211402723194,-0.703125,10.0,0.15994006395339966,phase_cross_correlation,ambiguous,none,716.7456999886781,716.8617999996059,
finfet_anchored_pose-none_0172,finfet,anchored,none,medium,20260979,599.8376609303036,432.77630920082976,599.8499999940395,432.7600000053644,0.0204509743192214,1,0.0,10.0,-0.703125,0.0,0.04536324389642268,1,0.9575004577636719,1.9067425266186904,1,False,0.2687712571255565,-0.703125,10.0,0.17494051158428192,phase_cross_correlation,ambiguous,none,723.4962000075029,723.6099000001559,
finfet_anchored_pose-none_0173,finfet,anchored,none,medium,20260980,392.69830030175524,596.6396520439564,392.68000000715256,596.6599999964237,0.027366767294607446,1,0.0,10.0,-0.703125,0.0,0.04524964096393063,1,0.9434653520584106,1.901489666915378,1,False,0.26714619735015926,-0.703125,10.0,0.15901990234851837,phase_cross_correlation,ambiguous,none,726.7242999951122,726.8298000126379,
finfet_anchored_pose-none_0174,finfet,anchored,none,medium,20260981,503.14051916204056,354.11319843188215,503.14000000059605,354.18000000715256,0.06680359262205046,1,0.0,10.0,-0.703125,0.0,0.042620534618310224,1,0.9495940208435059,1.7762726840329437,1,False,0.2653900323525518,-0.703125,10.0,0.18213364481925964,phase_cross_correlation,ambiguous,none,722.2705999884056,722.3777000035625,
finfet_anchored_pose-none_0175,finfet,anchored,none,medium,20260982,342.61854350943673,510.06188937129156,342.65000000596046,510.080000013113,0.03629747264938577,1,0.0,10.0,0.0,0.0,0.04329339579617445,1,0.9809205532073975,1.809006671157515,1,False,0.2755988815769255,0.0,10.0,0.1323433667421341,phase_cross_correlation,ambiguous,none,719.5283000037307,719.6509999921545,
finfet_anchored_pose-none_0176,finfet,anchored,none,medium,20260983,627.5769757591028,414.03814070529575,627.570000000298,414.06999999284744,0.03261403707307107,1,0.0,10.0,0.0,0.0,0.04270341398032316,1,0.9842866659164429,1.7803312281059371,1,False,0.2710386012929082,0.0,10.0,0.1336270272731781,phase_cross_correlation,ambiguous,none,719.5916999917245,719.7076000011293,
finfet_anchored_pose-none_0177,finfet,anchored,none,medium,20260984,500.8743603834423,93.54191503341268,500.8600000143051,93.51999999955297,0.026200933396137584,1,0.0,10.0,0.0,0.0,0.04141649369256023,1,0.9537962079048157,1.7164450386141785,1,False,0.26396151650252936,0.0,10.0,0.13762278854846954,phase_cross_correlation,ambiguous,none,711.0013000055915,711.1319999967236,
finfet_anchored_pose-none_0178,finfet,anchored,none,medium,20260985,105.50322646875156,118.63749011450454,105.50999999046326,118.68999999761581,0.05294495651842602,1,0.0,10.0,-0.703125,0.0,0.043769305029135536,1,0.9115352630615234,1.8318671532312816,1,False,0.2622471881124973,-0.703125,10.0,0.17380395531654358,phase_cross_correlation,ambiguous,none,721.2950000102865,721.422500006156,
finfet_anchored_pose-none_0179,finfet,anchored,none,medium,20260986,554.5699733441438,560.5464510550032,554.5699999928474,560.6200000047684,0.07354895459291443,1,0.0,10.0,-0.703125,0.0,0.04283609250270576,1,0.9283435940742493,1.7868127620171488,1,False,0.2733242426877916,-0.703125,10.0,0.16216377913951874,phase_cross_correlation,ambiguous,none,708.1746000039857,708.2900000095833,
finfet_anchored_pose-none_0180,finfet,anchored,none,high,20260987,863.0120161059291,373.69115626446427,863.0,373.6299999952316,0.06232556512502983,1,0.0,10.0,-0.703125,0.0,0.04385784322913293,1,0.9532074928283691,1.8360939325009,1,False,0.28375345179980993,-0.703125,10.0,0.1708766371011734,phase_cross_correlation,ambiguous,none,718.682800012175,718.7911000073655,
finfet_anchored_pose-none_0181,finfet,anchored,none,high,20260988,864.0179955803608,589.5606649479756,864.0500000007451,589.5999999940395,0.050710243274745846,1,0.0,10.0,-0.703125,0.0,0.043341872083509175,1,0.9441800117492676,1.811346191868276,1,False,0.2647036111149192,-0.703125,10.0,0.20362645387649536,phase_cross_correlation,ambiguous,none,725.6354999990435,725.7434000057401,
finfet_anchored_pose-none_0182,finfet,anchored,none,high,20260989,623.3913578942297,82.57591623598634,623.4099999964237,82.58000001311302,0.019084161229465393,1,0.0,10.0,-0.703125,0.0,0.04560578000445782,1,0.9293047785758972,1.9179152967432713,1,False,0.2699143672526926,-0.703125,10.0,0.18679550290107727,phase_cross_correlation,ambiguous,none,736.8290000013076,736.9442000053823,
finfet_anchored_pose-none_0183,finfet,anchored,none,high,20260990,882.823403732201,468.5053454162864,882.8400000035763,468.56999999284744,0.0667506591267232,1,0.0,10.0,-0.703125,0.0,0.04388252890291573,1,0.9481185078620911,1.8372709655446078,1,False,0.2671184267912507,-0.703125,10.0,0.17842788994312286,phase_cross_correlation,ambiguous,none,726.7836999963038,726.9002999964869,
finfet_anchored_pose-none_0184,finfet,anchored,none,high,20260991,264.9040720367409,674.5256178875576,264.8999999985099,674.5399999916553,0.014947455088868347,1,0.0,10.0,-0.703125,0.0,0.04560996106967108,1,0.9638684988021851,1.9181074068852486,1,False,0.26783709331722555,-0.703125,10.0,0.15518800914287567,phase_cross_correlation,ambiguous,none,726.6031999897677,726.7158999893581,
finfet_anchored_pose-none_0185,finfet,anchored,none,high,20260992,198.01201325673446,483.4137227512912,198.01999999955297,483.31999999284744,0.09406244474364413,1,0.0,10.0,-0.703125,0.0,0.04494054468935704,1,0.9456489682197571,1.887133583279045,1,False,0.27422529355229436,-0.703125,10.0,0.18565157055854797,phase_cross_correlation,ambiguous,none,727.2304999933112,727.3655999888433,
finfet_anchored_pose-none_0186,finfet,anchored,none,high,20260993,514.508678439848,609.2654319950655,514.5099999904633,609.25,0.015488478547901885,1,0.0,10.0,-0.703125,0.0,0.04248253308092861,1,0.9096046090126038,1.7694980840394137,1,False,0.28011994651074706,-0.703125,10.0,0.16827364265918732,phase_cross_correlation,ambiguous,none,718.1630999984918,718.5396999993827,
finfet_anchored_pose-none_0187,finfet,anchored,none,high,20260994,705.1132666116574,323.8931612891703,705.109999999404,323.89000000059605,0.004545822374894764,1,0.0,10.0,-0.703125,0.0,0.04894253147510792,1,0.9538601040840149,2.0661445849570828,1,False,0.2734173966873586,-0.703125,10.0,0.1918252557516098,phase_cross_correlation,ambiguous,none,727.9121000028681,728.0386999918846,
finfet_anchored_pose-none_0188,finfet,anchored,none,high,20260995,183.30805469608683,110.83198859156934,183.30000001192093,110.76999999582767,0.06250971075789905,1,0.0,10.0,-0.703125,0.0,0.04612835015135829,1,0.942698061466217,1.9417972165529898,1,False,0.26632113482180236,-0.703125,10.0,0.193802148103714,phase_cross_correlation,ambiguous,none,727.9600000038045,728.3367000054568,
finfet_anchored_pose-small_0189,finfet,anchored,small,low,20260996,229.30971800539118,194.988677127097,229.35999999940395,195.14999997615814,0.16897733738909418,1,2.1918103325750167,10.29051209948192,-0.7855603325750167,-0.29051209948191925,0.04678162483864242,1,0.7559780478477478,1.9712929435819566,1,False,0.26469655705313383,1.40625,10.0,0.33930400013923645,phase_cross_correlation,ambiguous,none,716.2527000036789,716.361800004961,
finfet_anchored_pose-small_0190,finfet,anchored,small,low,20260997,309.6695540663903,535.0180186574872,309.67000000178814,535.0900000035763,0.07198272739463364,1,-4.782975332982053,9.878528007977469,-0.13889966701794698,0.12147199202253134,0.04316024629956947,1,0.9333482980728149,1.8025678322066492,1,False,0.26562234009200336,-4.921875,10.0,0.19635236263275146,phase_cross_correlation,ambiguous,none,709.3558000051416,709.4790999981342,
finfet_anchored_pose-small_0191,finfet,anchored,small,low,20260998,161.19142496339254,487.2784759570239,161.23000000417233,487.18000000715256,0.1057617439068727,1,0.0027545141137608198,9.875891602407158,-0.7058795141137608,0.12410839759284187,0.04457105551542759,1,0.9428307414054871,1.8698485454089733,1,False,0.2637148467310667,-0.703125,10.0,0.17567507922649384,phase_cross_correlation,ambiguous,none,723.5486999998102,723.6569999950007,
finfet_anchored_pose-small_0192,finfet,anchored,small,low,20260999,187.20418651145988,553.4690285721961,187.23999999463558,553.5900000333786,0.1261614045491479,1,-0.5814202156947488,10.105056780780465,-0.12170478430525122,-0.10505678078046543,0.045063511088125785,1,0.9497300386428833,1.8928560354865402,1,False,0.26349125325772166,-0.703125,10.0,0.14539101719856262,phase_cross_correlation,ambiguous,none,719.3475999956718,719.7436999995261,
finfet_anchored_pose-small_0193,finfet,anchored,small,low,20261000,160.91210081818645,668.3266236820411,160.90000000596046,668.359999999404,0.03550222834177264,1,-4.608440717836379,10.080914388911905,-0.31343428216362135,-0.08091438891190528,0.04586301083678327,1,0.9515910148620605,1.92970334482159,1,False,0.274243024192065,-4.921875,10.0,0.1447000354528427,phase_cross_correlation,ambiguous,none,705.0255999929504,705.4154000070412,
finfet_anchored_pose-small_0194,finfet,anchored,small,low,20261001,346.0500746973766,537.1196438733052,342.5599999986589,394.919999986887,142.2424667348918,0,1.4090272671813233,10.17599229059718,-0.0027772671813233174,-0.17599229059717914,0.042428168150114,1,0.8397220969200134,1.7668234927461253,1,False,0.26415966798916457,1.40625,10.0,0.2739400267601013,phase_cross_correlation,ambiguous,none,729.7147000062978,730.1507000083802,
finfet_anchored_pose-small_0195,finfet,anchored,small,low,20261002,851.017058309851,646.6328099654992,851.0399999991059,646.6500000059605,0.02866737861979528,1,-3.605431728088815,9.761508043312121,-0.6133182719111852,0.23849195668787893,0.04587364856756007,1,0.8696709275245667,1.9301894807903055,1,False,0.27498274271303413,-4.21875,10.0,0.23256275057792664,phase_cross_correlation,ambiguous,none,712.9940000013448,713.1234999978915,
finfet_anchored_pose-small_0196,finfet,anchored,small,low,20261003,908.2083622771224,424.015608310052,908.1899999976158,423.9400000013411,0.07780610294060313,1,1.2878491177191993,10.029608351673009,-0.5847241177191993,-0.02960835167300857,0.04276990143726613,1,0.9444983601570129,1.783581635662212,1,False,0.2651676353934854,0.703125,10.0,0.17587141692638397,phase_cross_correlation,ambiguous,none,718.5456000006525,718.9347999956226,
finfet_anchored_pose-small_0197,finfet,anchored,small,low,20261004,152.55359378194532,879.3058890990378,152.60999999940395,879.6000000014901,0.2994710074603188,1,-4.509630183632645,9.94381455258944,4.509630183632645,0.05618544741055942,0.8963101574381876,0,0.19206391274929047,12.313764701433602,1,False,0.0,0.0,10.0,0.6279621720314026,phase_cross_correlation,fast,none,54.3102999945404,54.42149999726098,
finfet_anchored_pose-small_0198,finfet,anchored,small,medium,20261005,607.6944416021408,719.9100351759157,607.7199999988079,719.8100000023842,0.10324857182389054,1,-1.6073220868491966,9.94176594137556,-0.5020529131508034,0.0582340586244392,0.0441030553908107,1,0.947405993938446,1.8477579091527907,1,False,0.27415072711339594,-2.109375,10.0,0.1593007743358612,phase_cross_correlation,ambiguous,none,715.1987999968696,715.3026000014506,
finfet_anchored_pose-small_0199,finfet,anchored,small,medium,20261006,540.7937875593735,256.66648143324636,540.8499999940395,256.81999999284744,0.1634863479103721,1,3.112622310246607,9.893455093034705,-0.30012231024660707,0.10654490696529528,0.045579743822043474,1,0.9402421712875366,1.9167186176970799,1,False,0.2646967211802006,2.8125,10.0,0.18061721324920654,phase_cross_correlation,ambiguous,none,708.2480000099167,708.704000004218,
finfet_anchored_pose-small_0200,finfet,anchored,small,medium,20261007,356.0202219463281,439.8943290645515,355.99000000953674,439.94999998807907,0.06334522231257785,1,-3.010775491735372,10.284595589674211,-0.5048495082646278,-0.28459558967421117,0.043098149122725096,1,0.8120562434196472,1.7995584507456177,1,False,0.27600322955997286,-3.515625,10.0,0.257062703371048,phase_cross_correlation,ambiguous,none,699.2043999925954,699.3108999886317,
finfet_anchored_pose-small_0201,finfet,anchored,small,medium,20261008,721.7858590379234,169.18527279270631,721.75,169.40999999642372,0.22757017970603247,1,-3.7436353995614047,10.282370398269666,-0.4751146004385953,-0.28237039826966637,0.045817463523402685,1,0.8611600399017334,1.92762065382047,1,False,0.266734963634938,-4.21875,10.0,0.2774186432361603,phase_cross_correlation,ambiguous,none,782.4378000077559,782.58059998916,
finfet_anchored_pose-small_0202,finfet,anchored,small,medium,20261009,880.6686677549079,421.2329014302922,880.6800000071526,421.27000001072884,0.038790779978618864,1,-0.27097312815937435,9.948541152611764,-0.43215187184062565,0.05145884738823625,0.04506655380093747,1,0.9614481329917908,1.8929974446243665,1,False,0.2653030719550997,-0.703125,10.0,0.14163923263549805,phase_cross_correlation,ambiguous,none,1193.9103000040632,1194.618299996364,
finfet_anchored_pose-small_0203,finfet,anchored,small,medium,20261010,699.3006158393528,167.34173631793044,699.3499999940395,167.26999999582767,0.08709130061584353,1,3.7218766594643142,9.71846057907056,-0.20625165946431423,0.2815394209294393,0.04485906744989845,1,0.8243811130523682,1.883333675845691,1,False,0.2614783246459514,3.515625,10.0,0.3125198483467102,phase_cross_correlation,ambiguous,none,1224.0004000050249,1224.1990999900736,
finfet_anchored_pose-small_0204,finfet,anchored,small,medium,20261011,451.08155838413165,186.5749665020238,451.1000000014901,186.5300000011921,0.04860122887175783,1,-0.7485131926940056,9.713879596184507,0.045388192694005625,0.2861204038154934,0.04590547109502756,1,0.9007775187492371,1.9316431049826666,1,False,0.2661497957337648,-0.703125,10.0,0.2638459801673889,phase_cross_correlation,ambiguous,none,1264.6183000033488,1264.8194000066724,
finfet_anchored_pose-small_0205,finfet,anchored,small,medium,20261012,593.7615684579839,715.6146237272992,593.7699999958277,715.669999986887,0.05601447095477521,1,1.1058059369171822,9.94751184436212,-0.4026809369171822,0.052488155637879785,0.04309420212725677,1,0.9681954979896545,1.7993670297366418,1,False,0.27485853560973705,0.703125,10.0,0.1390971839427948,phase_cross_correlation,ambiguous,none,1548.2817000010982,1548.454000003403,
finfet_anchored_pose-small_0206,finfet,anchored,small,medium,20261013,728.7510567301365,402.33191090564725,728.7800000011921,402.39000000059605,0.06490035355349115,1,-1.4081444395089782,9.841108448350283,0.001894439508978163,0.1588915516497167,0.04253455969586111,1,0.9424548149108887,1.772054576150879,1,False,0.26159713485400377,-1.40625,10.0,0.1866440325975418,phase_cross_correlation,ambiguous,none,1364.1975000064122,1364.4169000035618,
finfet_anchored_pose-small_0207,finfet,anchored,small,high,20261014,580.8831641942745,421.4140777824384,580.8700000047684,421.24000000953674,0.17457481749600495,1,2.8230024866494574,9.98605207748624,-0.7136274866494574,0.013947922513759536,0.04407181842221675,1,0.9261602759361267,1.8462755075582749,1,False,0.2716484718586206,2.109375,10.0,0.1769251525402069,phase_cross_correlation,ambiguous,none,1268.5545999993337,1269.192199993995,
finfet_anchored_pose-small_0208,finfet,anchored,small,high,20261015,82.1592325196313,723.5539816109182,82.15999999642372,723.5999999940395,0.04602478251692494,1,-2.1911035273260593,10.052512202514155,-0.6213964726739407,-0.05251220251415489,0.0430447625253743,1,0.9504004716873169,1.7969678932843418,1,False,0.26324043945017456,-2.8125,10.0,0.19120840728282928,phase_cross_correlation,ambiguous,none,1271.1068999924464,1271.7542000027606,
finfet_anchored_pose-small_0209,finfet,anchored,small,high,20261016,687.7205890630082,294.92502711877614,687.7199999988079,294.9599999785423,0.03497782035601048,1,-1.5485512355383104,10.034028978517233,-0.5608237644616896,-0.034028978517232744,0.04343669343834745,1,0.951032280921936,1.815915164999625,1,False,0.2644138255357295,-2.109375,10.0,0.18605421483516693,phase_cross_correlation,ambiguous,none,1387.187400003313,1387.365900009172,
finfet_anchored_pose-small_0210,finfet,anchored,small,high,20261017,539.8610762431332,649.2509671302225,539.859999999404,649.2300000041723,0.020994729704620997,1,3.2756516310149735,10.004476801103536,-0.4631516310149735,-0.004476801103535877,0.04441740691630582,1,0.9669135212898254,1.8626204813589018,1,False,0.266556774556309,2.8125,10.0,0.15763962268829346,phase_cross_correlation,ambiguous,none,1392.413800000213,1392.6731999963522,
finfet_anchored_pose-small_0211,finfet,anchored,small,high,20261018,802.1578661574453,727.1946562605046,802.1500000059605,727.0599999986589,0.13488582280377878,1,3.746275076862201,9.93166214029857,-0.9337750768622008,0.06833785970142969,0.04595130352443691,1,0.9219697713851929,1.9337350041060104,1,False,0.27893324513927104,2.8125,10.0,0.21092450618743896,phase_cross_correlation,ambiguous,none,1217.1593000093708,1217.3440999904415,
finfet_anchored_pose-small_0212,finfet,anchored,small,high,20261019,418.54890110349606,886.5612510036433,418.5,886.5500000119209,0.050178708013154875,1,-2.472698059067586,10.143044358905355,-0.3398019409324138,-0.14304435890535494,0.04695830433597944,1,0.9290234446525574,1.979202822947393,1,False,0.2737686161990911,-2.8125,10.0,0.16183632612228394,phase_cross_correlation,ambiguous,none,1273.495700006606,1273.6768000031589,
finfet_anchored_pose-small_0213,finfet,anchored,small,high,20261020,679.2801696305551,832.6443656586272,679.2399999946356,832.3400000035763,0.3070049700321935,1,3.6987699844213253,9.78038996776259,-0.8862699844213253,0.21961003223741038,0.044042336766487895,1,0.7971875071525574,1.8448754875789626,1,False,0.26580297939254344,2.8125,10.0,0.32448428869247437,phase_cross_correlation,ambiguous,none,1298.2040000060806,1298.417400001199,
finfet_anchored_pose-small_0214,finfet,anchored,small,high,20261021,124.45270795473118,319.89655392650025,124.52999999932945,319.7800000011921,0.13985305739567863,1,-2.8488484659088584,9.715537259650441,-0.6667765340911416,0.284462740349559,0.045695030407517725,1,0.8564645051956177,1.9220125063612894,1,False,0.2707651410031617,-3.515625,10.0,0.25616365671157837,phase_cross_correlation,ambiguous,none,1306.5139999962412,1306.6919999982929,
finfet_anchored_pose-small_0215,finfet,anchored,small,high,20261022,200.35019416696434,312.54609373496976,200.37000000476837,312.55000001192093,0.020187377510185286,1,-3.572932884244835,9.701310097671929,-0.6458171157551651,0.29868990232807135,0.04562235334505284,1,0.8159602880477905,1.9186767043882476,1,False,0.27292055059830844,-4.21875,10.0,0.31787773966789246,phase_cross_correlation,ambiguous,none,1250.759599992307,1251.3956999900984,
finfet_anchored_pose-large_0216,finfet,anchored,large,low,20261023,873.7668774263648,299.00593561107536,873.7599999904633,299.0900000035763,0.08434525008041795,1,-2.9536387937213604,10.096563910699384,-0.5619862062786396,-0.09656391069938408,0.043974305829443075,1,0.9412763118743896,1.8416414309774283,1,False,0.272761009439975,-3.515625,10.0,0.1677345633506775,phase_cross_correlation,ambiguous,none,1349.991900002351,1350.2165000099922,
finfet_anchored_pose-large_0217,finfet,anchored,large,low,20261024,623.0410203330567,111.96868356329836,623.0500000119209,112.0300000011921,0.06197047836252795,1,4.134193166359404,9.991125316131104,-0.6185681663594043,0.008874683868896227,0.0438742771291778,1,0.9335905313491821,1.8368775845562642,1,False,0.26021793314555286,3.515625,10.0,0.15269331634044647,phase_cross_correlation,ambiguous,none,1378.2501999958185,1378.900199997588,
finfet_anchored_pose-large_0218,finfet,anchored,large,low,20261025,149.8451937123697,539.8085441124008,149.84999999403954,539.7400000095367,0.06871240339944129,1,-5.43695290692953,9.642401506806316,-0.18804709307046963,0.3575984931936844,0.04595453872477245,1,0.7550732493400574,1.9338825911535809,1,False,0.26188842437268794,-5.625,10.0,0.33617544174194336,phase_cross_correlation,ambiguous,none,1196.6723000077764,1197.3020000004908,
finfet_anchored_pose-large_0219,finfet,anchored,large,low,20261026,94.62303726372397,527.4463232405518,94.62999999523163,527.4200000017881,0.027228524180658173,1,4.590884542486492,10.129559169376742,-1.0752595424864921,-0.1295591693767424,0.045368984493678925,1,0.9204889535903931,1.9070076320635583,1,False,0.2640212964899987,3.515625,10.0,0.19873902201652527,phase_cross_correlation,ambiguous,none,1332.68720000342,1332.9559999983758,
finfet_anchored_pose-large_0220,finfet,anchored,large,low,20261027,400.93017093252126,196.02282380566078,401.0,195.89999999850988,0.14128618569410759,1,7.793489876126452,10.462258400446247,-0.05911487612645239,-0.4622584004462471,0.05027439266748127,1,0.6483520865440369,2.122645493778894,1,False,0.2629929637925476,7.734375,10.0,0.3717600405216217,phase_cross_correlation,ambiguous,none,1196.0065000021132,1196.3231999980053,
finfet_anchored_pose-large_0221,finfet,anchored,large,low,20261028,550.5769549465683,133.18770864154894,550.6599999964237,133.08000001311302,0.1360059886366478,1,-7.743490229676354,9.669124353803062,-0.6940097703236461,0.33087564619693843,0.04543571059069452,1,0.841736376285553,1.9100867556613303,1,False,0.2645332733846307,-8.4375,10.0,0.24233339726924896,phase_cross_correlation,ambiguous,none,1217.9589000006672,1218.1325000128709,
finfet_anchored_pose-large_0222,finfet,anchored,large,low,20261029,757.7234674977022,494.98234246222455,757.7300000041723,495.06999999284744,0.08790060475153057,1,-1.1915919624181512,10.460637070468417,-0.21465803758184876,-0.46063707046841706,0.0516172540804716,1,0.5202389359474182,2.1781956736075414,1,False,0.26628543762362006,-1.40625,10.0,0.44683417677879333,phase_cross_correlation,ambiguous,none,1369.9132000037935,1370.0841999961995,
finfet_anchored_pose-large_0223,finfet,anchored,large,low,20261030,904.6858266762749,291.0345514238302,904.7400000095367,291.1000000014901,0.08496038108674142,1,-0.5434024193796496,10.113040383220016,-0.15972258062035039,-0.11304038322001553,0.04536624387834326,1,0.9332647323608398,1.9068810722067717,1,False,0.2691705434238911,-0.703125,10.0,0.1857549250125885,phase_cross_correlation,ambiguous,none,1519.333899996127,1519.6249000000535,
finfet_anchored_pose-large_0224,finfet,anchored,large,low,20261031,825.0469581545498,657.5762191910344,825.0500000007451,657.5699999928474,0.006923240163709878,1,-2.3230029721476377,10.070972375560807,-0.48949702785236227,-0.07097237556080671,0.0443817633580268,1,0.9735501408576965,1.8609403012879877,1,False,0.267509603589043,-2.8125,10.0,0.14856654405593872,phase_cross_correlation,ambiguous,none,1429.663699993398,1429.8644000082277,
finfet_anchored_pose-large_0225,finfet,anchored,large,medium,20261032,477.63814013697174,419.1692154922611,477.669999986887,419.3299999833107,0.1639106543172064,1,6.4148872606370055,10.108006427080173,-0.7898872606370055,-0.1080064270801735,0.04531567315386543,1,0.9370998740196228,1.9045444407072014,1,False,0.2607307232079804,5.625,10.0,0.17728880047798157,phase_cross_correlation,ambiguous,none,1214.4696000032127,1214.6948000008706,
finfet_anchored_pose-large_0226,finfet,anchored,large,medium,20261033,174.76560379479224,224.14664382633322,174.7800000011921,224.0600000023842,0.08783167416836594,1,4.42832573212457,9.852156980156435,-0.9127007321245699,0.14784301984356496,0.04324010821078459,1,0.8694570660591125,1.8064320642576959,1,False,0.2690137347549945,3.515625,10.0,0.24915564060211182,phase_cross_correlation,ambiguous,none,1229.70220001298,1230.2872000000207,
finfet_anchored_pose-large_0227,finfet,anchored,large,medium,20261034,575.0859012386105,353.4949830829568,575.140000000596,353.289999961853,0.21200178297792582,1,3.495515492251309,9.623905818456368,-0.6830154922513092,0.37609418154363183,0.045637556524491696,1,0.6913120150566101,1.9193749329038805,1,False,0.2659561067656875,2.8125,10.0,0.3614945411682129,phase_cross_correlation,ambiguous,none,1187.8729999880306,1188.1094999989728,
finfet_anchored_pose-large_0228,finfet,anchored,large,medium,20261035,658.9674127205813,831.0424303927443,658.8800000026822,831.1299999952316,0.12373123506326077,1,5.634776835642173,9.749319280479716,-0.009776835642172799,0.25068071952028426,0.04639539326943961,1,0.8542088866233826,1.9539020882682763,1,False,0.2621703230077028,5.625,10.0,0.2702026963233948,phase_cross_correlation,ambiguous,none,1253.5340000031283,1254.1212000069208,
finfet_anchored_pose-large_0229,finfet,anchored,large,medium,20261036,874.6698997772772,454.19882661406444,874.6999999880791,454.2399999946356,0.051002646578100067,1,1.1290525249369416,10.113258428310075,-0.42592752493694164,-0.11325842831007549,0.044764644841658575,1,0.916108250617981,1.8789217898094028,1,False,0.2678308617285937,0.703125,10.0,0.20981326699256897,phase_cross_correlation,ambiguous,none,1238.1728000036674,1238.8439000060316,
finfet_anchored_pose-large_0230,finfet,anchored,large,medium,20261037,450.81336440555873,212.33509619909648,450.78999999165535,212.24000000953674,0.09792436420947799,1,7.292097053488222,9.870475032667832,-0.2608470534882219,0.12952496733216812,0.0476749340732766,1,0.9607876539230347,2.0109986726703752,1,False,0.27082380308650433,7.03125,10.0,0.12816452980041504,phase_cross_correlation,ambiguous,none,1184.869400007301,1185.4929999972228,
finfet_anchored_pose-large_0231,finfet,anchored,large,medium,20261038,360.7716661730363,264.87639096151605,360.7800000011921,264.8700000047684,0.010502238803278809,1,6.608328908431149,9.932703846872244,-0.2802039084311492,0.0672961531277565,0.04324265832329944,1,0.9518508315086365,1.8065553427680179,1,False,0.26481386612984537,6.328125,10.0,0.17862169444561005,phase_cross_correlation,ambiguous,none,1199.9485999986064,1200.1333000080194,
finfet_anchored_pose-large_0232,finfet,anchored,large,medium,20261039,500.8355365398028,868.1608618756165,500.830000013113,868.0699999928474,0.09103040628346554,1,3.8377177376541223,9.610784176799742,-0.3220927376541223,0.38921582320025827,0.046942111519285006,1,0.7034788727760315,1.978479055096089,1,False,0.27828225248648225,3.515625,10.0,0.37123626470565796,phase_cross_correlation,ambiguous,none,1201.4575999928638,1201.6382000001613,
finfet_anchored_pose-large_0233,finfet,anchored,large,medium,20261040,861.96733460045,329.4843837499367,861.9600000083447,329.4400000013411,0.044985701959044784,1,-2.133579579530135,10.114787752596433,0.024204579530135106,-0.11478775259643292,0.04395815183896194,1,0.9365741014480591,1.8408728009028494,1,False,0.2635753661248237,-2.109375,10.0,0.1324642300605774,phase_cross_correlation,ambiguous,none,1184.3550000048708,1185.053399996832,
finfet_anchored_pose-large_0234,finfet,anchored,large,high,20261041,856.4786023262826,564.8930173236533,856.6599999964237,564.4900000095367,0.44195935357267613,1,-6.891848304825585,9.530395329406659,-0.8425266951744153,0.4696046705933412,0.04702392455681959,1,0.7429596781730652,1.9821334128962913,1,False,0.2648286826416999,-7.734375,10.0,0.3247414529323578,phase_cross_correlation,ambiguous,none,1187.3018999904161,1187.4811000016052,
finfet_anchored_pose-large_0235,finfet,anchored,large,high,20261042,366.65560767136907,457.2121340381944,366.7900000065565,457.0599999986589,0.20299277263617532,1,-0.34220822121871564,9.51626823993261,-0.36091677878128436,0.48373176006738916,0.049259768504099646,1,0.6611093878746033,2.0797336419600514,1,False,0.26574798195020854,-0.703125,10.0,0.427819162607193,phase_cross_correlation,ambiguous,none,1185.5740999890259,1186.272299994016,
finfet_anchored_pose-large_0236,finfet,anchored,large,high,20261043,113.15602133138503,384.92074893659105,113.15999999642372,385.00999999046326,0.08933969102693973,1,3.9764106897511713,10.299747454935822,-0.4607856897511713,-0.29974745493582233,0.046487181085422664,1,0.8517299890518188,1.958047459983739,1,False,0.2670954311750382,3.515625,10.0,0.26022517681121826,phase_cross_correlation,ambiguous,none,1208.0813000065973,1208.7337999982992,
finfet_anchored_pose-large_0237,finfet,anchored,large,high,20261044,281.80229777747707,535.259272869632,281.70000000298023,535.1399999856949,0.15713324126258135,1,6.806902314432165,10.294012440931663,-0.47877731443216476,-0.2940124409316631,0.04654959798874009,1,0.8835996985435486,1.960861921298825,1,False,0.27083357679398357,6.328125,10.0,0.21958830952644348,phase_cross_correlation,ambiguous,none,1144.837900006678,1145.0136000057682,
finfet_anchored_pose-large_0238,finfet,anchored,large,high,20261045,374.38915885042104,337.9563090892018,374.3100000023842,337.74000000953674,0.2303383189312272,1,6.252598126812606,10.499682048584866,-0.6275981268126056,-0.49968204858486587,0.05128620595230578,1,0.6066809892654419,2.164629319921346,1,False,0.27812041284005345,5.625,10.0,0.41742751002311707,phase_cross_correlation,ambiguous,none,1175.9683999989647,1176.1441999988165,
finfet_anchored_pose-large_0239,finfet,anchored,large,high,20261046,784.1951847966087,322.6315689423991,784.1899999976158,322.74000000953674,0.10855495594953322,1,4.587744148123106,10.316593411641481,-0.3689941481231056,-0.316593411641481,0.045959476347529095,1,0.8518690466880798,1.9341078221789574,1,False,0.26649519657215476,4.21875,10.0,0.29511502385139465,phase_cross_correlation,ambiguous,none,1182.5421999965329,1182.729099993594,
finfet_anchored_pose-large_0240,finfet,anchored,large,high,20261047,509.61724983406543,410.39582028240636,509.6299999952316,410.19999998807907,0.1962349466333425,1,-1.4612392713036577,10.44032219016501,-0.6481357286963423,-0.4403221901650092,0.04746847521221295,1,0.7522396445274353,2.0018852152431723,1,False,0.2665249226507694,-2.109375,10.0,0.3562089502811432,phase_cross_correlation,ambiguous,none,1230.5251999932807,1230.7112999988021,
finfet_anchored_pose-large_0241,finfet,anchored,large,high,20261048,379.36524178784515,914.15096650371,379.35999999940395,914.0600000023842,0.09111740069563258,1,-6.270359672537673,10.012246698389722,-0.7608903274623273,-0.012246698389722255,0.04441450105854403,1,0.9408129453659058,1.8624835520351857,1,False,0.2752143418065309,-7.03125,10.0,0.20528466999530792,phase_cross_correlation,ambiguous,none,1174.900300000445,1175.5379999958677,
finfet_anchored_pose-large_0242,finfet,anchored,large,high,20261049,338.59747687160115,361.38263776882224,338.5300000011921,361.50999999046326,0.14413279828525083,1,-0.23271458202365913,9.6358925705072,-0.47041041797634087,0.3641074294927993,0.0431602222401188,1,0.7559256553649902,1.8025666670275284,1,False,0.26996221068671344,-0.703125,10.0,0.3165897727012634,phase_cross_correlation,ambiguous,none,1180.3692000103183,1181.1364000022877,
finfet_unanchored_pose-none_0243,finfet,unanchored,none,low,20261050,788.7501342508828,673.0813589813914,255.50999999977648,309.5099999997765,645.39071410106,0,0.0,10.0,0.0,0.0,0.03970796152509416,1,0.9866350293159485,1.6286285296719385,1,False,0.2575019923568666,0.0,10.0,0.11513346433639526,phase_cross_correlation,ambiguous,none,1212.9828999895835,1213.1693999981508,
finfet_unanchored_pose-none_0244,finfet,unanchored,none,low,20261051,414.21733536372295,678.5398937360881,66.51999999955297,638.5799999982119,349.986042760117,0,0.0,10.0,0.0,0.0,0.04106918572651307,1,0.9913950562477112,1.6988783452536207,1,False,0.26000132205070553,0.0,10.0,0.12611748278141022,phase_cross_correlation,ambiguous,none,1181.6869999893242,1182.4081999948248,
finfet_unanchored_pose-none_0245,finfet,unanchored,none,low,20261052,816.34204276263,628.7653709069572,65.98000000044703,97.97000000067055,919.1229085349676,0,0.0,10.0,-0.703125,0.0,0.03949082867949228,1,0.9507659077644348,1.6172098579397252,1,False,0.26443480034708977,-0.703125,10.0,0.1796448677778244,phase_cross_correlation,ambiguous,none,1208.4057000029134,1208.584600011818,
finfet_unanchored_pose-none_0246,finfet,unanchored,none,low,20261053,362.9360011420558,87.12481783548235,113.5,396.570000000298,397.46023628880863,0,0.0,10.0,0.0,0.0,0.03970002339504337,1,0.9903373718261719,1.6282121314141418,1,False,0.2732132785779536,0.0,10.0,0.11263220757246017,phase_cross_correlation,ambiguous,none,1156.7580999981146,1156.9375999970362,
finfet_unanchored_pose-none_0247,finfet,unanchored,none,low,20261054,438.6681894233458,883.1269290791691,729.5,698.4900000002235,344.49083822795416,0,0.0,10.0,0.0,0.0,0.03978206026982978,1,0.993181586265564,1.6325115688707064,1,False,0.27668483436970415,0.0,10.0,0.11069832742214203,phase_cross_correlation,ambiguous,none,1148.4165000001667,1148.6034999979893,
finfet_unanchored_pose-none_0248,finfet,unanchored,none,low,20261055,556.9354231078262,482.45463774931056,928.929999999702,102.97000000067055,531.4024421511273,0,0.0,10.0,-0.703125,0.0,0.04275652513280512,1,0.9556428790092468,1.7829280892529888,1,False,0.2628340385608524,-0.703125,10.0,0.18486137688159943,phase_cross_correlation,ambiguous,none,1211.5169000026071,1211.7454999970505,
finfet_unanchored_pose-none_0249,finfet,unanchored,none,low,20261056,775.3620174747427,753.8819924481694,909.5099999997765,888.519999999553,190.0607121236348,0,0.0,10.0,0.0,0.0,0.040849237101089605,1,0.992238461971283,1.6876797490861024,1,False,0.27326202214714884,0.0,10.0,0.11787164211273193,phase_cross_correlation,ambiguous,none,1239.5476999954553,1239.732100002584,
finfet_unanchored_pose-none_0250,finfet,unanchored,none,low,20261057,594.6677633591017,842.9611806374041,464.51999999955297,162.42999999970198,692.864437049296,0,0.0,10.0,0.0,0.0,0.03986964049509442,1,0.9928321838378906,1.6370921560618303,1,False,0.25882056752806903,0.0,10.0,0.11614013463258743,phase_cross_correlation,ambiguous,none,1193.1402000045637,1193.3079999871552,
finfet_unanchored_pose-none_0251,finfet,unanchored,none,low,20261058,448.1655519787194,260.14136931034955,603.5,355.51999999955297,182.27965858598535,0,0.0,10.0,0.0,0.0,0.04059346786363825,1,0.9918358325958252,1.6745845319929475,1,False,0.25658075206977127,0.0,10.0,0.12757954001426697,phase_cross_correlation,ambiguous,none,1254.0826000040397,1254.2555999971228,
finfet_unanchored_pose-none_0252,finfet,unanchored,none,medium,20261059,772.7360006198239,401.99426422707336,753.5099999997765,754.4400000013411,352.9697377471715,0,0.0,10.0,0.0,0.0,0.039802156088918524,1,0.9921889901161194,1.6335634665506447,1,False,0.266608280619964,0.0,10.0,0.12820985913276672,phase_cross_correlation,ambiguous,none,1192.5000000046566,1192.7137000020593,
finfet_unanchored_pose-none_0253,finfet,unanchored,none,medium,20261060,157.6108805597579,727.2261238408676,85.49000000022352,323.44999999925494,410.16652666598713,0,0.0,10.0,0.0,0.0,0.045371059837417335,1,0.9899383187294006,1.9071034652602608,1,False,0.26437961906163393,0.0,10.0,0.14222003519535065,phase_cross_correlation,ambiguous,none,1199.7996999998577,1200.0181999901542,
finfet_unanchored_pose-none_0254,finfet,unanchored,none,medium,20261061,220.74107386656573,466.7599374772395,735.9900000002235,287.89000000059605,545.4135223981762,0,0.0,10.0,-0.703125,0.0,0.041970665654807796,1,0.9516813158988953,1.744185079136658,1,False,0.25456021195150913,-0.703125,10.0,0.18498273193836212,phase_cross_correlation,ambiguous,none,1190.5000999977347,1191.1992999957874,
finfet_unanchored_pose-none_0255,finfet,unanchored,none,medium,20261062,783.5077007488604,96.40526286351994,131.5,875.5900000035763,1015.9935513711857,0,0.0,10.0,0.0,0.0,0.040435684919462214,1,0.9910921454429626,1.6664666843868225,1,False,0.26326995704881845,0.0,10.0,0.1247735321521759,phase_cross_correlation,ambiguous,none,1191.973599998164,1192.2126999998,
finfet_unanchored_pose-none_0256,finfet,unanchored,none,medium,20261063,541.1372654309661,555.001057998172,897.5,226.51999999955297,484.6588532704338,0,0.0,10.0,0.0,0.0,0.03942020041034974,1,0.9930700659751892,1.613482651258919,1,False,0.2642027821900845,0.0,10.0,0.11506511270999908,phase_cross_correlation,ambiguous,none,1179.50589999964,1180.1872000069125,
finfet_unanchored_pose-none_0257,finfet,unanchored,none,medium,20261064,451.4409546159809,173.32320669866994,800.519999999553,817.5500000007451,732.7239187676219,0,0.0,10.0,0.0,0.0,0.041737924745582106,1,0.9881216287612915,1.7325777525384698,1,False,0.2698800980571359,0.0,10.0,0.1332920640707016,phase_cross_correlation,ambiguous,none,1180.0734999997076,1180.7686999964062,
finfet_unanchored_pose-none_0258,finfet,unanchored,none,medium,20261065,679.1406618454396,200.52493870650238,812.4900000002235,585.4099999964237,407.3310157482062,0,0.0,10.0,0.0,0.0,0.03818030011058905,1,0.9930404424667358,1.5469853354653016,1,False,0.26439222633326054,0.0,10.0,0.10940496623516083,phase_cross_correlation,ambiguous,none,1199.9402000074042,1200.1266999868676,
finfet_unanchored_pose-none_0259,finfet,unanchored,none,medium,20261066,824.7113122363284,348.7432147646306,430.5,587.4600000008941,460.8560103206036,0,0.0,10.0,0.0,0.0,0.04209378503105902,1,0.9907344579696655,1.750300458677927,1,False,0.26579596146914364,0.0,10.0,0.1309843510389328,phase_cross_correlation,ambiguous,none,1202.752800003509,1202.9602999973577,
finfet_unanchored_pose-none_0260,finfet,unanchored,none,medium,20261067,532.7435465559245,415.0593287690971,780.480000000447,555.4099999964237,284.7308576168576,0,0.0,10.0,0.0,0.0,0.04324859380949971,1,0.9897341132164001,1.806842251423863,1,False,0.2605944838542342,0.0,10.0,0.13164614140987396,phase_cross_correlation,ambiguous,none,1221.1831000022357,1221.3583999982802,
finfet_unanchored_pose-none_0261,finfet,unanchored,none,high,20261068,282.09875311428283,423.89022778736575,193.49000000022352,868.6700000017881,453.5201835635783,0,0.0,10.0,0.0,0.0,0.040477621202377856,1,0.9871290922164917,1.6686272398364153,1,False,0.26180328686624765,0.0,10.0,0.15665268898010254,phase_cross_correlation,ambiguous,none,1176.807399999234,1177.0141000015428,
finfet_unanchored_pose-none_0262,finfet,unanchored,none,high,20261069,390.05370161222123,178.0568476684235,659.5099999997765,423.5,364.4846193835683,0,0.0,10.0,0.0,0.0,0.04077662568704554,1,0.9888593554496765,1.6839700908936155,1,False,0.26015681443651023,0.0,10.0,0.14722084999084473,phase_cross_correlation,ambiguous,none,1681.8644000013592,1682.1853000001283,
finfet_unanchored_pose-none_0263,finfet,unanchored,none,high,20261070,801.9266501279836,502.2678797037706,581.5099999997765,885.4700000006706,442.0716736613875,0,0.0,10.0,0.0,0.0,0.04177462429729798,1,0.9837397933006287,1.7344121483643757,1,False,0.2561219992849231,0.0,10.0,0.1636204868555069,phase_cross_correlation,ambiguous,none,1399.827200002619,1400.5331000080332,
finfet_unanchored_pose-none_0264,finfet,unanchored,none,high,20261071,383.04349752189967,246.61164936262077,410.0,541.0,295.6199486111321,0,0.0,10.0,-0.703125,0.0,0.0396723058247883,1,0.9506509900093079,1.6267575673483965,1,False,0.2672737984369844,-0.703125,10.0,0.20198103785514832,phase_cross_correlation,ambiguous,none,1186.83069999679,1187.0169000030728,
finfet_unanchored_pose-none_0265,finfet,unanchored,none,high,20261072,395.50042690231544,903.7359483958741,699.0099999997765,515.9499999992549,492.4388314660699,0,0.0,10.0,-0.703125,0.0,0.038082388156502486,1,0.941250741481781,1.5416462354534695,1,False,0.2654585934688002,-0.703125,10.0,0.20555712282657623,phase_cross_correlation,ambiguous,none,1267.149100007373,1267.3346999945352,
finfet_unanchored_pose-none_0266,finfet,unanchored,none,high,20261073,123.35636762973238,886.8774316074823,611.480000000447,806.4600000008941,494.70359184564336,0,0.0,10.0,0.0,0.0,0.04197731725717909,1,0.9861527681350708,1.74451590443036,1,False,0.2589692483069599,0.0,10.0,0.1674153208732605,phase_cross_correlation,ambiguous,none,1279.163700004574,1279.418700010865,
finfet_unanchored_pose-none_0267,finfet,unanchored,none,high,20261074,769.629935963424,526.55606071181,48.96000000089407,70.84000000357628,852.667745717913,0,0.0,10.0,-0.703125,0.0,0.04234651372577749,1,0.9544763565063477,1.7628001799912096,1,False,0.2638008288553655,-0.703125,10.0,0.19628268480300903,phase_cross_correlation,ambiguous,none,1257.9990000085672,1258.1727000069804,
finfet_unanchored_pose-none_0268,finfet,unanchored,none,high,20261075,699.0313305907761,789.2067790050495,360.48000000044703,715.4400000013411,346.49464805255536,0,0.0,10.0,0.0,0.0,0.039273770360626514,1,0.9877122640609741,1.60573477505149,1,False,0.27004434210528433,0.0,10.0,0.15270093083381653,phase_cross_correlation,ambiguous,none,1323.336500005098,1323.5198999900604,
finfet_unanchored_pose-none_0269,finfet,unanchored,none,high,20261076,347.6380334101823,446.4013880708359,854.5,70.49000000022352,631.0455014152878,0,0.0,10.0,0.0,0.0,0.04091323652707219,1,0.9880514740943909,1.6909441970178691,1,False,0.26409749049422143,0.0,10.0,0.14850173890590668,phase_cross_correlation,ambiguous,none,1266.455599994515,1266.635399995721,
finfet_unanchored_pose-small_0270,finfet,unanchored,small,low,20261077,897.0244759782622,285.4704045976697,765.0099999997765,937.0299999993294,664.7990134076981,0,0.9432682762299969,10.117007076677112,-0.24014327622999687,-0.11700707667711185,0.04184742020500793,1,0.9384716749191284,1.7380462336051747,1,False,0.258811290739879,0.703125,10.0,0.21076223254203796,phase_cross_correlation,ambiguous,none,1251.3534000026993,1251.5427000034833,
finfet_unanchored_pose-small_0271,finfet,unanchored,small,low,20261078,425.21033836984964,388.2765988529259,60.52999999932945,831.5399999991059,573.9984250759896,0,2.4119812026016954,10.032518034285085,-1.0057312026016954,-0.032518034285084596,0.04127547256660996,1,0.9157534837722778,1.7093293103028584,1,False,0.2606774559043944,1.40625,10.0,0.23035933077335358,phase_cross_correlation,ambiguous,none,1257.3902000003727,1257.5762999913422,
finfet_unanchored_pose-small_0272,finfet,unanchored,small,low,20261079,919.0948920751111,718.8804349113836,432.97000000067055,100.07000000029802,786.9204312058707,0,-0.7065633210759454,9.732751811558387,0.0034383210759454386,0.2672481884416129,0.04101577045336243,1,0.8476637005805969,1.6961640157770221,1,False,0.2715653847453296,-0.703125,10.0,0.28896310925483704,phase_cross_correlation,ambiguous,none,1233.1401999981608,1233.31500000495,
finfet_unanchored_pose-small_0273,finfet,unanchored,small,low,20261080,377.676099664748,266.61972761638594,872.0099999997765,76.09000000357628,529.7806924800614,0,-0.9580669173752518,9.967237062222873,0.25494191737525185,0.03276293777712702,0.03938918703578821,1,0.9829679131507874,1.6118439845712873,1,False,0.27286177546970547,-0.703125,10.0,0.13135741651058197,phase_cross_correlation,ambiguous,none,1234.101100009866,1234.286599996267,
finfet_unanchored_pose-small_0274,finfet,unanchored,small,low,20261081,507.7878243629424,326.2670441235233,155.00999999977648,952.0599999986589,718.3794380307305,0,4.114374244960576,10.027282154393113,-1.301874244960576,-0.02728215439311299,0.0388171138414819,1,0.8826296925544739,1.5813930574600632,1,False,0.2605490222146213,2.8125,10.0,0.2526610195636749,phase_cross_correlation,ambiguous,none,1224.3069999967702,1224.95109999727,
finfet_unanchored_pose-small_0275,finfet,unanchored,small,low,20261082,486.3921008204768,410.25958982689906,229.48000000044703,458.18000000715256,261.3430566508414,0,0.27688567584223733,10.17328353853846,-0.27688567584223733,-0.17328353853845968,0.04005641367210465,1,0.911271870136261,1.6468285676504613,1,False,0.2564833172467947,0.0,10.0,0.2272019386291504,phase_cross_correlation,ambiguous,none,1241.0180000006221,1241.7826000018977,
finfet_unanchored_pose-small_0276,finfet,unanchored,small,low,20261083,317.8014567040721,710.6420457752567,49.18000000715256,621.2799999713898,283.0955001907085,0,-0.954879315071409,10.288211507838504,0.251754315071409,-0.28821150783850413,0.039119922305865466,1,0.7240078449249268,1.5975644940295157,1,False,0.2649992386030704,-0.703125,10.0,0.38408488035202026,phase_cross_correlation,ambiguous,none,1265.5728999961866,1266.2421999993967,
finfet_unanchored_pose-small_0277,finfet,unanchored,small,low,20261084,383.0680587420789,311.309768390762,350.47000000067055,393.51999999955297,88.43729764572959,0,1.2637654124212254,9.885497736104472,0.14248458757877458,0.11450226389552753,0.041298618299507615,1,0.973784327507019,1.7104988057694015,1,False,0.2717074038890898,1.40625,10.0,0.16015513241291046,phase_cross_correlation,ambiguous,none,1243.044100003317,1243.2316000049468,
finfet_unanchored_pose-small_0278,finfet,unanchored,small,low,20261085,209.23369066405832,848.7131684863679,297.02999999932945,576.3899999856949,286.12602124787696,0,-4.232674480535476,9.706779915333275,1.4201744805354757,0.293220084666725,0.03852121795368392,1,0.7101673483848572,1.565473415869117,1,False,0.2634469438727498,-2.8125,10.0,0.39794084429740906,phase_cross_correlation,ambiguous,none,1287.163100001635,1287.360999995144,
finfet_unanchored_pose-small_0279,finfet,unanchored,small,medium,20261086,697.5530996737625,664.3467426143776,586.4600000008941,90.70999999344349,584.2951217318879,0,-4.291985398260209,10.113214776721158,2.182610398260209,-0.11321477672115776,0.038776808588542676,1,0.6295332312583923,1.579231440006262,1,False,0.26753796078960596,-2.109375,10.0,0.4426831603050232,phase_cross_correlation,ambiguous,none,1221.8780999974115,1222.0237000001362,
finfet_unanchored_pose-small_0280,finfet,unanchored,small,medium,20261087,161.8488186301085,542.6534782778737,105.48000000044703,872.6199999973178,334.74669403794275,0,3.263849946878322,9.845254664109811,-1.154474946878322,0.15474533589018868,0.041791226207531916,1,0.8655921816825867,1.7352414744293196,1,False,0.2657907960921526,2.109375,10.0,0.2855089604854584,phase_cross_correlation,ambiguous,none,1210.8700000098906,1211.0869999887655,
finfet_unanchored_pose-small_0281,finfet,unanchored,small,medium,20261088,693.8328067907873,347.98240798406744,369.9900000002235,839.3899999856949,588.5198254832444,0,-4.120597972050933,9.742816948958799,1.3080979720509331,0.257183051041201,0.04021595657130731,1,0.7516416907310486,1.655111084219544,1,False,0.2706318609355539,-2.8125,10.0,0.371368944644928,phase_cross_correlation,ambiguous,none,1208.5483000118984,1208.7312000076054,
finfet_unanchored_pose-small_0282,finfet,unanchored,small,medium,20261089,306.3412721925914,185.85121594262742,159.49000000022352,283.55000000074506,176.38125906952706,0,1.387369771666421,9.832849702813002,0.01888022833357894,0.16715029718699803,0.038892348250658376,1,0.9419374465942383,1.5854222099212474,1,False,0.2771358900270164,1.40625,10.0,0.1923561692237854,phase_cross_correlation,ambiguous,none,1223.3301999949617,1224.0655000059633,
finfet_unanchored_pose-small_0283,finfet,unanchored,small,medium,20261090,831.9927966015175,484.34907117958176,76.51999999955297,147.57999999821186,827.1351483947202,0,2.784339229415494,10.2031355861782,-0.6749642294154938,-0.2031355861782007,0.03842778973678871,1,0.9072158932685852,1.5604224500622592,1,False,0.26253942688460646,2.109375,10.0,0.2309092879295349,phase_cross_correlation,ambiguous,none,1215.6723000080092,1216.350999995484,
finfet_unanchored_pose-small_0284,finfet,unanchored,small,medium,20261091,172.30156770193122,658.7359482556418,199.49000000022352,621.4499999992549,46.145994281375955,0,-0.178414533303771,9.804734580123956,0.178414533303771,0.19526541987604418,0.04195603962507005,1,0.8976950645446777,1.74345745993564,1,False,0.26926269591340424,0.0,10.0,0.2672209143638611,phase_cross_correlation,ambiguous,none,1244.559600003413,1244.7308999981033,
finfet_unanchored_pose-small_0285,finfet,unanchored,small,medium,20261092,411.65901315015145,721.3666845196259,409.5099999997765,182.64000000059605,538.7309707733414,0,4.566740593397856,9.871497671710664,-1.0511155933978564,0.12850232828933628,0.04052164542388461,1,0.8988296985626221,1.670893060251662,1,False,0.2621750544026345,3.515625,10.0,0.24398726224899292,phase_cross_correlation,ambiguous,none,1215.8262000011746,1215.9922999999253,
finfet_unanchored_pose-small_0286,finfet,unanchored,small,medium,20261093,113.07133891183756,220.24033212832956,388.47000000067055,863.2100000083447,699.4672375052736,0,4.176502437648848,9.749238981194768,-2.067127437648848,0.25076101880523183,0.04104076842571594,1,0.5527692437171936,1.6974347238474632,1,False,0.26423846604697404,2.109375,10.0,0.5021874308586121,phase_cross_correlation,ambiguous,none,1252.7176000003237,1252.889999988838,
finfet_unanchored_pose-small_0287,finfet,unanchored,small,medium,20261094,305.2259867739516,396.17344649891953,355.51999999955297,729.6899999976158,337.2873837308264,0,0.17950958482765778,10.272355933231534,-0.17950958482765778,-0.27235593323153395,0.04169188698533442,1,0.851137101650238,1.7302744116135031,1,False,0.2568112297951579,0.0,10.0,0.29112690687179565,phase_cross_correlation,ambiguous,none,1214.9454000027617,1215.1219000079436,
finfet_unanchored_pose-small_0288,finfet,unanchored,small,high,20261095,873.3608770855489,301.98336433378313,347.5,70.42999999970198,574.5838690597,0,-4.278855286178609,10.004964438305922,0.7632302861786089,-0.004964438305922414,0.04240574303663312,1,0.9557756781578064,1.7657192902801568,1,False,0.25735459136499467,-3.515625,10.0,0.19899094104766846,phase_cross_correlation,ambiguous,none,1251.6335999971488,1251.82119999954,
finfet_unanchored_pose-small_0289,finfet,unanchored,small,high,20261096,152.49282458926774,746.438291437216,515.4900000002235,484.429999999702,447.67766767880823,0,-4.067149505433307,9.964284512865984,1.9577745054333073,0.0357154871340164,0.04054080349118922,1,0.6927986145019531,1.671878343566075,1,False,0.2808183952489942,-2.109375,10.0,0.42912575602531433,phase_cross_correlation,ambiguous,none,1197.892199998023,1198.100500012515,
finfet_unanchored_pose-small_0290,finfet,unanchored,small,high,20261097,383.2169046502142,149.50669835917773,605.429999999702,565.4099999964237,471.54450061215067,0,-4.6505363071957575,10.244675233205351,2.5411613071957575,-0.244675233205351,0.041266817895070494,1,0.5781517624855042,1.7088918503833583,1,False,0.25988613569135965,-2.109375,10.0,0.4872409701347351,phase_cross_correlation,ambiguous,none,1203.8501000060933,1204.0328000002773,
finfet_unanchored_pose-small_0291,finfet,unanchored,small,high,20261098,649.1369855504389,691.866925657019,331.5099999997765,669.570000000298,318.4086287206144,0,3.4365561350106297,9.75536722132622,-1.3271811350106297,0.24463277867378075,0.03988504106146505,1,0.784848690032959,1.6378966333442573,1,False,0.26020245189891755,2.109375,10.0,0.3644771873950958,phase_cross_correlation,ambiguous,none,1196.8446999962907,1197.0222999952966,
finfet_unanchored_pose-small_0292,finfet,unanchored,small,high,20261099,225.49594103208693,291.6353001500851,670.019999999553,499.10999999940395,490.55824330906535,0,-0.7787656979876978,9.93056255447499,0.07564069798769779,0.06943744552500952,0.0381434229897336,1,0.9837924242019653,1.5449759859354355,1,False,0.26154199630498887,-0.703125,10.0,0.16010227799415588,phase_cross_correlation,ambiguous,none,1199.9797000025865,1200.0880000123288,
finfet_unanchored_pose-small_0293,finfet,unanchored,small,high,20261100,668.1534735496497,124.6377424004678,897.5,564.519999999553,496.0808701666586,0,-2.3084802576049657,10.054084780838824,0.19910525760496567,-0.05408478083882429,0.041362444675016055,1,0.9834352135658264,1.7137205449223645,1,False,0.2648649173181951,-2.109375,10.0,0.1586964726448059,phase_cross_correlation,ambiguous,none,1218.0149000050733,1218.2152000023052,
finfet_unanchored_pose-small_0294,finfet,unanchored,small,high,20261101,193.6941567887354,80.19639667636534,75.5,123.29999999701977,125.80850256729272,0,0.9157071671238199,9.914809859884736,-0.9157071671238199,0.08519014011526416,0.040434410108738474,1,0.9133477210998535,1.6664009725860522,1,False,0.26123559266713264,0.0,10.0,0.2491016983985901,phase_cross_correlation,ambiguous,none,1214.744700002484,1214.916600001743,
finfet_unanchored_pose-small_0295,finfet,unanchored,small,high,20261102,414.18799509934667,234.2941755526308,735.5099999997765,866.5799999982119,709.2483307192623,0,1.7899454332459142,9.957530586032547,-0.38369543324591415,0.04246941396745285,0.03918988380852582,1,0.9768092036247253,1.601283695493801,1,False,0.26068562941262124,1.40625,10.0,0.16008645296096802,phase_cross_correlation,ambiguous,none,1227.803000001586,1227.9685999965295,
finfet_unanchored_pose-small_0296,finfet,unanchored,small,high,20261103,868.4780698459763,465.93510000844486,46.940000001341105,702.5,854.9197343096387,0,3.6351507208092144,10.219804506557036,-0.8226507208092144,-0.2198045065570362,0.04189576095885249,1,0.9011031985282898,1.7404561406106565,1,False,0.2599592241116762,2.8125,10.0,0.25224050879478455,phase_cross_correlation,ambiguous,none,1179.3324000027496,1179.4923999987077,
finfet_unanchored_pose-large_0297,finfet,unanchored,large,low,20261104,682.8804284399964,139.46843945258524,951.4099999964237,522.5900000333786,467.8570946155898,0,3.342888600257959,10.464187183951076,-1.2335136002579592,-0.4641871839510756,0.039014824746700656,1,0.5811390280723572,1.5919654262719989,1,False,0.26131490849481526,2.109375,10.0,0.4806194007396698,phase_cross_correlation,ambiguous,none,1185.678200010443,1185.9534999966854,
finfet_unanchored_pose-large_0298,finfet,unanchored,large,low,20261105,584.2588426905315,230.4021564403012,403.0599999986589,657.6200000047684,464.0561457978415,0,4.196441515521363,10.459901598186065,-1.3839415155213626,-0.4599015981860646,0.041211517798948244,1,0.5050612688064575,1.7060945714966511,1,False,0.2657683341422826,2.8125,10.0,0.52793288230896,phase_cross_correlation,ambiguous,none,1325.4518999892753,1325.6467000028351,
finfet_unanchored_pose-large_0299,finfet,unanchored,large,low,20261106,730.3596741073109,539.2025750477455,781.519999999553,808.3199999928474,273.9371594991869,0,-6.622033774001245,10.121773598565529,3.1064087740012454,-0.12177359856552883,0.03969421556001165,1,0.39486971497535706,1.62790742819507,1,False,0.2658627635434866,-3.515625,10.0,0.5722054839134216,phase_cross_correlation,ambiguous,none,1174.8806000105105,1175.060499997926,
finfet_unanchored_pose-large_0300,finfet,unanchored,large,low,20261107,201.24843502060867,92.44834683995239,46.90999999642372,104.76999999582767,154.8295051410042,0,4.568658695239414,10.187850750797292,-1.7561586952394137,-0.18785075079729197,0.03979740670112106,1,0.8052683472633362,1.6333149100413662,1,False,0.2647762127729654,2.8125,10.0,0.3276890218257904,phase_cross_correlation,ambiguous,none,1194.6675000071991,1194.875300003332,
finfet_unanchored_pose-large_0301,finfet,unanchored,large,low,20261108,193.18621474972963,767.2945135402426,417.57999999821186,593.2900000065565,283.9544709777198,0,4.987736489739655,9.64615215229329,-3.581486489739655,0.3538478477067102,0.04259079949815608,1,0.2443692535161972,1.7748147378655164,1,False,0.26533980111569166,1.40625,10.0,0.6777532696723938,phase_cross_correlation,ambiguous,none,1186.129300011089,1186.3057000009576,
finfet_unanchored_pose-large_0302,finfet,unanchored,large,low,20261109,750.0886929721136,749.3579527191451,951.9400000013411,760.070000000298,202.13534600945263,0,-3.006601632674725,10.261121488754723,0.1941016326747249,-0.2611214887547231,0.04088516669907365,1,0.9050323367118835,1.6895130288085,1,False,0.2636121747248918,-2.8125,10.0,0.24018263816833496,phase_cross_correlation,ambiguous,none,1182.896400001482,1183.1277000019327,
finfet_unanchored_pose-large_0303,finfet,unanchored,large,low,20261110,674.0502830542056,593.4289420345226,250.52999999932945,797.4099999964237,470.082654611015,0,2.0172615415289705,9.642118068836652,0.09211345847102947,0.3578819311633481,0.04190118128900114,1,0.7209770083427429,1.7407261917582326,1,False,0.26851562296573817,2.109375,10.0,0.3813593089580536,phase_cross_correlation,ambiguous,none,1176.7926000029547,1176.9797000015387,
finfet_unanchored_pose-large_0304,finfet,unanchored,large,low,20261111,128.83897345301392,841.0590473012699,114.0,150.50999999046326,690.7084637348828,0,-0.1256144196317237,10.487036515311113,0.8287394196317237,-0.4870365153111127,0.039976067568718306,1,0.44545605778694153,1.6426455010110195,1,False,0.2622546184721738,0.703125,10.0,0.5610452890396118,phase_cross_correlation,ambiguous,none,1202.9547999991337,1203.118799996446,
finfet_unanchored_pose-large_0305,finfet,unanchored,large,low,20261112,183.73936889878962,357.38555823520096,53.5,533.8899999856949,219.3538492226852,0,5.993820570350616,9.599727099861292,-2.478195570350616,0.40027290013870775,0.039380774501726286,1,0.4422444999217987,1.6113992746457602,1,False,0.27412504549609124,3.515625,10.0,0.5686627626419067,phase_cross_correlation,ambiguous,none,1227.0877999981167,1227.285800006939,
finfet_unanchored_pose-large_0306,finfet,unanchored,large,medium,20261113,539.6888507452794,677.9265455208601,436.47000000067055,562.570000000298,154.79426263100115,0,-5.0559680352594185,10.33761629644901,2.9465930352594185,-0.3376162964490099,0.04012804514133603,1,0.4575434625148773,1.6505511494661258,1,False,0.2591225847219974,-2.109375,10.0,0.5652405023574829,phase_cross_correlation,ambiguous,none,1199.5124999957625,1200.2311999967787,
finfet_unanchored_pose-large_0307,finfet,unanchored,large,medium,20261114,698.0732441220478,866.899325732989,629.0500000007451,754.3400000035763,132.0371540048065,0,7.19763447693653,9.66627897944984,-1.5726344769365301,0.3337210205501595,0.04378030050515688,1,0.6955633759498596,1.8323925164355992,1,False,0.2731750097705424,5.625,10.0,0.4105246961116791,phase_cross_correlation,ambiguous,none,1191.8283000122756,1192.0406999997795,
finfet_unanchored_pose-large_0308,finfet,unanchored,large,medium,20261115,665.8693471872053,407.13562711572393,213.98000000044703,129.92999999970198,530.1386062207332,0,0.030200315457713955,9.821479709152936,0.672924684542286,0.17852029084706444,0.04046127216950504,1,0.920212984085083,1.6677851934940446,1,False,0.26568181694349646,0.703125,10.0,0.23442725837230682,phase_cross_correlation,ambiguous,none,1220.766200000071,1220.9438999998383,
finfet_unanchored_pose-large_0309,finfet,unanchored,large,medium,20261116,406.8670834737437,188.9929984854681,621.9700000006706,707.7999999970198,561.6315246812604,0,-4.871065373301265,9.918283814094323,2.058565373301265,0.08171618590567675,0.04039759631134819,1,0.7515050768852234,1.6645025002095324,1,False,0.2579013954157978,-2.8125,10.0,0.3688020408153534,phase_cross_correlation,ambiguous,none,1165.744600002654,1165.9232000092743,
finfet_unanchored_pose-large_0310,finfet,unanchored,large,medium,20261117,686.8047476241504,240.2756152776384,220.96000000089407,562.3799999952316,566.359041194254,0,-4.227213443499059,10.293080074752538,1.4147134434990587,-0.29308007475253817,0.03933135948260091,1,0.7034790515899658,1.6087852186714338,1,False,0.2636877135832161,-2.8125,10.0,0.3991706669330597,phase_cross_correlation,ambiguous,none,1201.7126999999164,1201.8287999962922,
finfet_unanchored_pose-large_0311,finfet,unanchored,large,medium,20261118,305.7807034278083,616.6826411187229,854.480000000447,288.6299999952316,639.2882396911481,0,-2.24495217173083,10.0401571122081,0.8387021717308301,-0.04015711220809948,0.04000902220790881,1,0.9134227633476257,1.6443621951868537,1,False,0.2632995211720914,-1.40625,10.0,0.23031792044639587,phase_cross_correlation,ambiguous,none,1208.8717000006,1209.0595999907237,
finfet_unanchored_pose-large_0312,finfet,unanchored,large,medium,20261119,334.67029369954446,509.00617158104524,588.0299999993294,132.52000001072884,453.7983893316359,0,-6.538817505409991,9.790713629799566,0.9138175054099911,0.2092863702004344,0.04075666196526575,1,0.8640627264976501,1.682949052010038,1,False,0.25681302313275634,-5.625,10.0,0.2821831703186035,phase_cross_correlation,ambiguous,none,1220.383000007132,1220.5753999878652,
finfet_unanchored_pose-large_0313,finfet,unanchored,large,medium,20261120,628.0375445632106,425.95618776828303,59.0,420.7900000065565,569.0609955167524,0,3.7925588739889324,9.649835252310728,-0.9800588739889324,0.35016474768927175,0.039706570017531265,1,0.7014783620834351,1.6285555432722367,1,False,0.27040438300479946,2.8125,10.0,0.3930010497570038,phase_cross_correlation,ambiguous,none,1224.8645999934524,1225.0995000067633,
finfet_unanchored_pose-large_0314,finfet,unanchored,large,medium,20261121,536.1502591753832,129.26264046514873,950.5299999993294,718.3500000238419,720.2322450412463,0,2.193096344792412,10.465872483051388,-0.7868463447924121,-0.4658724830513883,0.03834157232598578,1,0.5227624177932739,1.5557508480333988,1,False,0.2679573270420432,1.40625,10.0,0.5046907663345337,phase_cross_correlation,ambiguous,none,1196.7983000067761,1196.9750999996904,
finfet_unanchored_pose-large_0315,finfet,unanchored,large,high,20261122,156.57770726419074,585.8193082236912,582.31,885.12,520.412230040634,0,-7.9334233730532,10.115203071725979,7.9334233730532,-0.1152030717259791,0.041035737551109557,1,0.20252761244773865,1.6971790517460557,1,False,0.26661151275855305,0.0,10.0,0.796360021871223,surface_upsampling,ambiguous,none,1196.0357000061776,1196.2127000006149,
finfet_unanchored_pose-large_0316,finfet,unanchored,large,high,20261123,694.3368462968742,513.568293470003,643.019999999553,472.0099999997765,66.03416138681833,0,-7.294382781088542,9.736731069760502,3.075632781088542,0.26326893023949793,0.04180609206870403,1,0.49401792883872986,1.7359838111572725,1,False,0.2583086946441233,-4.21875,10.0,0.5469339489936829,phase_cross_correlation,ambiguous,none,1170.2855000039563,1170.9993999975268,
finfet_unanchored_pose-large_0317,finfet,unanchored,large,high,20261124,563.5598687440022,707.4617236340765,266.02999999932945,56.25,715.961403843592,0,7.371512425009518,10.463061055900093,-1.7465124250095183,-0.46306105590009317,0.0407755401537138,1,0.6409547328948975,1.683914583906301,1,False,0.2643847955521047,5.625,10.0,0.46980181336402893,phase_cross_correlation,ambiguous,none,1189.3773000047076,1189.5705999922939,
finfet_unanchored_pose-large_0318,finfet,unanchored,large,high,20261125,274.46775046031814,91.91708733795181,565.5299999993294,601.3800000026822,586.7449978376811,0,-2.3197250722842053,9.537182089437103,0.9134750722842053,0.46281791056289734,0.03998885237510665,1,0.6229598522186279,1.643311656292857,1,False,0.27317437240125236,-1.40625,10.0,0.45155075192451477,phase_cross_correlation,ambiguous,none,1234.3491000065114,1235.099800003809,
finfet_unanchored_pose-large_0319,finfet,unanchored,large,high,20261126,497.26124368264567,402.9327059559054,133.97000000067055,215.18000000715256,408.9396120786969,0,6.3693419772091335,9.523137897070125,-2.1505919772091335,0.47686210292987496,0.040870135150219554,1,0.442605197429657,1.6887462434854335,1,False,0.261634704454869,4.21875,10.0,0.5735897421836853,phase_cross_correlation,ambiguous,none,1223.3883000008063,1223.625800004811,
finfet_unanchored_pose-large_0320,finfet,unanchored,large,high,20261127,866.6066620161196,251.49989663095195,213.44999999925494,580.1399999856949,731.1757262587626,0,-2.0935458138857275,9.660115196909775,-0.01582918611427253,0.33988480309022506,0.03897851472152702,1,0.7425783276557922,1.5900276476394233,1,False,0.2583713929170817,-2.109375,10.0,0.38102349638938904,phase_cross_correlation,ambiguous,none,1281.4042000100017,1281.5816000074847,
finfet_unanchored_pose-large_0321,finfet,unanchored,large,high,20261128,434.30945849302435,864.531726943019,642.5599999986589,80.65000000596046,811.0726538746176,0,6.517476648194343,10.176019170952523,-3.001851648194343,-0.1760191709525234,0.03893021330278444,1,0.5386527180671692,1.587447231157088,1,False,0.26400672551198306,3.515625,10.0,0.5120698809623718,phase_cross_correlation,ambiguous,none,1219.5919000077993,1220.2018999960274,
finfet_unanchored_pose-large_0322,finfet,unanchored,large,high,20261129,665.4114329633303,595.2350211439284,215.02999999932945,595.7100000083447,450.3816834237694,0,-4.467521615464154,9.659930275721877,1.655021615464154,0.34006972427812343,0.04098291397802173,1,0.6163653135299683,1.6944927127615659,1,False,0.27198419944307206,-2.8125,10.0,0.4715314507484436,phase_cross_correlation,ambiguous,none,1212.8913000051398,1213.0681999988155,
finfet_unanchored_pose-large_0323,finfet,unanchored,large,high,20261130,446.42762912357284,467.80835195861937,650.5500000007451,508.80000001192093,208.1976404828921,0,2.482523235685486,9.82281806935536,-0.37314823568548583,0.1771819306446396,0.039508331333059026,1,0.8932499885559082,1.6181325225483123,1,False,0.26005316687744856,2.109375,10.0,0.26478397846221924,phase_cross_correlation,ambiguous,none,1228.1349999975646,1228.7730999960331,
