case_id,arch,anchored,pose,noise,weighted,nms_radius,n_peaks,rank
dram_anchored_pose-none_0000,dram,anchored,none,low,False,2,30,1
dram_anchored_pose-none_0000,dram,anchored,none,low,False,4,30,1
dram_anchored_pose-none_0000,dram,anchored,none,low,False,8,30,1
dram_anchored_pose-none_0000,dram,anchored,none,low,False,16,30,1
dram_anchored_pose-none_0000,dram,anchored,none,low,True,2,30,1
dram_anchored_pose-none_0000,dram,anchored,none,low,True,4,30,1
dram_anchored_pose-none_0000,dram,anchored,none,low,True,8,30,1
dram_anchored_pose-none_0000,dram,anchored,none,low,True,16,30,1
dram_anchored_pose-none_0001,dram,anchored,none,low,False,2,30,1
dram_anchored_pose-none_0001,dram,anchored,none,low,False,4,30,1
dram_anchored_pose-none_0001,dram,anchored,none,low,False,8,30,1
dram_anchored_pose-none_0001,dram,anchored,none,low,False,16,30,1
dram_anchored_pose-none_0001,dram,anchored,none,low,True,2,30,1
dram_anchored_pose-none_0001,dram,anchored,none,low,True,4,30,1
dram_anchored_pose-none_0001,dram,anchored,none,low,True,8,30,1
dram_anchored_pose-none_0001,dram,anchored,none,low,True,16,30,1
dram_anchored_pose-none_0002,dram,anchored,none,low,False,2,30,1
dram_anchored_pose-none_0002,dram,anchored,none,low,False,4,30,1
dram_anchored_pose-none_0002,dram,anchored,none,low,False,8,30,1
dram_anchored_pose-none_0002,dram,anchored,none,low,False,16,30,1
dram_anchored_pose-none_0002,dram,anchored,none,low,True,2,30,1
dram_anchored_pose-none_0002,dram,anchored,none,low,True,4,30,1
dram_anchored_pose-none_0002,dram,anchored,none,low,True,8,30,1
dram_anchored_pose-none_0002,dram,anchored,none,low,True,16,30,1
dram_anchored_pose-none_0003,dram,anchored,none,low,False,2,30,1
dram_anchored_pose-none_0003,dram,anchored,none,low,False,4,30,1
dram_anchored_pose-none_0003,dram,anchored,none,low,False,8,30,1
dram_anchored_pose-none_0003,dram,anchored,none,low,False,16,30,1
dram_anchored_pose-none_0003,dram,anchored,none,low,True,2,30,1
dram_anchored_pose-none_0003,dram,anchored,none,low,True,4,30,1
dram_anchored_pose-none_0003,dram,anchored,none,low,True,8,30,1
dram_anchored_pose-none_0003,dram,anchored,none,low,True,16,30,1
dram_anchored_pose-none_0004,dram,anchored,none,low,False,2,30,1
dram_anchored_pose-none_0004,dram,anchored,none,low,False,4,30,1
dram_anchored_pose-none_0004,dram,anchored,none,low,False,8,30,1
dram_anchored_pose-none_0004,dram,anchored,none,low,False,16,30,1
dram_anchored_pose-none_0004,dram,anchored,none,low,True,2,30,1
dram_anchored_pose-none_0004,dram,anchored,none,low,True,4,30,1
dram_anchored_pose-none_0004,dram,anchored,none,low,True,8,30,1
dram_anchored_pose-none_0004,dram,anchored,none,low,True,16,30,1
dram_anchored_pose-none_0005,dram,anchored,none,low,False,2,30,1
dram_anchored_pose-none_0005,dram,anchored,none,low,False,4,30,1
dram_anchored_pose-none_0005,dram,anchored,none,low,False,8,30,1
dram_anchored_pose-none_0005,dram,anchored,none,low,False,16,30,1
dram_anchored_pose-none_0005,dram,anchored,none,low,True,2,30,1
dram_anchored_pose-none_0005,dram,anchored,none,low,True,4,30,1
dram_anchored_pose-none_0005,dram,anchored,none,low,True,8,30,1
dram_anchored_pose-none_0005,dram,anchored,none,low,True,16,30,1
dram_anchored_pose-none_0006,dram,anchored,none,low,False,2,30,1
dram_anchored_pose-none_0006,dram,anchored,none,low,False,4,30,1
dram_anchored_pose-none_0006,dram,anchored,none,low,False,8,30,1
dram_anchored_pose-none_0006,dram,anchored,none,low,False,16,30,1
dram_anchored_pose-none_0006,dram,anchored,none,low,True,2,30,1
dram_anchored_pose-none_0006,dram,anchored,none,low,True,4,30,1
dram_anchored_pose-none_0006,dram,anchored,none,low,True,8,30,1
dram_anchored_pose-none_0006,dram,anchored,none,low,True,16,30,1
dram_anchored_pose-none_0007,dram,anchored,none,low,False,2,30,1
dram_anchored_pose-none_0007,dram,anchored,none,low,False,4,30,1
dram_anchored_pose-none_0007,dram,anchored,none,low,False,8,30,1
dram_anchored_pose-none_0007,dram,anchored,none,low,False,16,30,1
dram_anchored_pose-none_0007,dram,anchored,none,low,True,2,30,1
dram_anchored_pose-none_0007,dram,anchored,none,low,True,4,30,1
dram_anchored_pose-none_0007,dram,anchored,none,low,True,8,30,1
dram_anchored_pose-none_0007,dram,anchored,none,low,True,16,30,1
dram_anchored_pose-none_0008,dram,anchored,none,low,False,2,30,1
dram_anchored_pose-none_0008,dram,anchored,none,low,False,4,30,1
dram_anchored_pose-none_0008,dram,anchored,none,low,False,8,30,1
dram_anchored_pose-none_0008,dram,anchored,none,low,False,16,30,1
dram_anchored_pose-none_0008,dram,anchored,none,low,True,2,30,1
dram_anchored_pose-none_0008,dram,anchored,none,low,True,4,30,1
dram_anchored_pose-none_0008,dram,anchored,none,low,True,8,30,1
dram_anchored_pose-none_0008,dram,anchored,none,low,True,16,30,1
dram_anchored_pose-none_0009,dram,anchored,none,medium,False,2,30,1
dram_anchored_pose-none_0009,dram,anchored,none,medium,False,4,30,1
dram_anchored_pose-none_0009,dram,anchored,none,medium,False,8,30,1
dram_anchored_pose-none_0009,dram,anchored,none,medium,False,16,30,1
dram_anchored_pose-none_0009,dram,anchored,none,medium,True,2,30,1
dram_anchored_pose-none_0009,dram,anchored,none,medium,True,4,30,1
dram_anchored_pose-none_0009,dram,anchored,none,medium,True,8,30,1
dram_anchored_pose-none_0009,dram,anchored,none,medium,True,16,30,1
dram_anchored_pose-none_0010,dram,anchored,none,medium,False,2,30,-1
dram_anchored_pose-none_0010,dram,anchored,none,medium,False,4,30,-1
dram_anchored_pose-none_0010,dram,anchored,none,medium,False,8,30,-1
dram_anchored_pose-none_0010,dram,anchored,none,medium,False,16,30,-1
dram_anchored_pose-none_0010,dram,anchored,none,medium,True,2,30,-1
dram_anchored_pose-none_0010,dram,anchored,none,medium,True,4,30,-1
dram_anchored_pose-none_0010,dram,anchored,none,medium,True,8,30,-1
dram_anchored_pose-none_0010,dram,anchored,none,medium,True,16,30,-1
dram_anchored_pose-none_0011,dram,anchored,none,medium,False,2,30,1
dram_anchored_pose-none_0011,dram,anchored,none,medium,False,4,30,1
dram_anchored_pose-none_0011,dram,anchored,none,medium,False,8,30,1
dram_anchored_pose-none_0011,dram,anchored,none,medium,False,16,30,1
dram_anchored_pose-none_0011,dram,anchored,none,medium,True,2,30,1
dram_anchored_pose-none_0011,dram,anchored,none,medium,True,4,30,1
dram_anchored_pose-none_0011,dram,anchored,none,medium,True,8,30,1
dram_anchored_pose-none_0011,dram,anchored,none,medium,True,16,30,1
dram_anchored_pose-none_0012,dram,anchored,none,medium,False,2,30,9
dram_anchored_pose-none_0012,dram,anchored,none,medium,False,4,30,9
dram_anchored_pose-none_0012,dram,anchored,none,medium,False,8,30,9
dram_anchored_pose-none_0012,dram,anchored,none,medium,False,16,30,9
dram_anchored_pose-none_0012,dram,anchored,none,medium,True,2,30,1
dram_anchored_pose-none_0012,dram,anchored,none,medium,True,4,30,1
dram_anchored_pose-none_0012,dram,anchored,none,medium,True,8,30,1
dram_anchored_pose-none_0012,dram,anchored,none,medium,True,16,30,1
dram_anchored_pose-none_0013,dram,anchored,none,medium,False,2,30,2
dram_anchored_pose-none_0013,dram,anchored,none,medium,False,4,30,2
dram_anchored_pose-none_0013,dram,anchored,none,medium,False,8,30,2
dram_anchored_pose-none_0013,dram,anchored,none,medium,False,16,30,2
dram_anchored_pose-none_0013,dram,anchored,none,medium,True,2,30,1
dram_anchored_pose-none_0013,dram,anchored,none,medium,True,4,30,1
dram_anchored_pose-none_0013,dram,anchored,none,medium,True,8,30,1
dram_anchored_pose-none_0013,dram,anchored,none,medium,True,16,30,1
dram_anchored_pose-none_0014,dram,anchored,none,medium,False,2,30,1
dram_anchored_pose-none_0014,dram,anchored,none,medium,False,4,30,1
dram_anchored_pose-none_0014,dram,anchored,none,medium,False,8,30,1
dram_anchored_pose-none_0014,dram,anchored,none,medium,False,16,30,1
dram_anchored_pose-none_0014,dram,anchored,none,medium,True,2,30,1
dram_anchored_pose-none_0014,dram,anchored,none,medium,True,4,30,1
dram_anchored_pose-none_0014,dram,anchored,none,medium,True,8,30,1
dram_anchored_pose-none_0014,dram,anchored,none,medium,True,16,30,1
dram_anchored_pose-none_0015,dram,anchored,none,medium,False,2,30,1
dram_anchored_pose-none_0015,dram,anchored,none,medium,False,4,30,1
dram_anchored_pose-none_0015,dram,anchored,none,medium,False,8,30,1
dram_anchored_pose-none_0015,dram,anchored,none,medium,False,16,30,1
dram_anchored_pose-none_0015,dram,anchored,none,medium,True,2,30,1
dram_anchored_pose-none_0015,dram,anchored,none,medium,True,4,30,1
dram_anchored_pose-none_0015,dram,anchored,none,medium,True,8,30,1
dram_anchored_pose-none_0015,dram,anchored,none,medium,True,16,30,1
dram_anchored_pose-none_0016,dram,anchored,none,medium,False,2,30,1
dram_anchored_pose-none_0016,dram,anchored,none,medium,False,4,30,1
dram_anchored_pose-none_0016,dram,anchored,none,medium,False,8,30,1
dram_anchored_pose-none_0016,dram,anchored,none,medium,False,16,30,1
dram_anchored_pose-none_0016,dram,anchored,none,medium,True,2,30,1
dram_anchored_pose-none_0016,dram,anchored,none,medium,True,4,30,1
dram_anchored_pose-none_0016,dram,anchored,none,medium,True,8,30,1
dram_anchored_pose-none_0016,dram,anchored,none,medium,True,16,30,1
dram_anchored_pose-none_0017,dram,anchored,none,medium,False,2,30,1
dram_anchored_pose-none_0017,dram,anchored,none,medium,False,4,30,1
dram_anchored_pose-none_0017,dram,anchored,none,medium,False,8,30,1
dram_anchored_pose-none_0017,dram,anchored,none,medium,False,16,30,1
dram_anchored_pose-none_0017,dram,anchored,none,medium,True,2,30,1
dram_anchored_pose-none_0017,dram,anchored,none,medium,True,4,30,1
dram_anchored_pose-none_0017,dram,anchored,none,medium,True,8,30,1
dram_anchored_pose-none_0017,dram,anchored,none,medium,True,16,30,1
dram_anchored_pose-none_0018,dram,anchored,none,high,False,2,30,1
dram_anchored_pose-none_0018,dram,anchored,none,high,False,4,30,1
dram_anchored_pose-none_0018,dram,anchored,none,high,False,8,30,1
dram_anchored_pose-none_0018,dram,anchored,none,high,False,16,30,1
dram_anchored_pose-none_0018,dram,anchored,none,high,True,2,30,1
dram_anchored_pose-none_0018,dram,anchored,none,high,True,4,30,1
dram_anchored_pose-none_0018,dram,anchored,none,high,True,8,30,1
dram_anchored_pose-none_0018,dram,anchored,none,high,True,16,30,1
dram_anchored_pose-none_0019,dram,anchored,none,high,False,2,30,1
dram_anchored_pose-none_0019,dram,anchored,none,high,False,4,30,1
dram_anchored_pose-none_0019,dram,anchored,none,high,False,8,30,1
dram_anchored_pose-none_0019,dram,anchored,none,high,False,16,30,1
dram_anchored_pose-none_0019,dram,anchored,none,high,True,2,30,1
dram_anchored_pose-none_0019,dram,anchored,none,high,True,4,30,1
dram_anchored_pose-none_0019,dram,anchored,none,high,True,8,30,1
dram_anchored_pose-none_0019,dram,anchored,none,high,True,16,30,1
dram_anchored_pose-none_0020,dram,anchored,none,high,False,2,30,1
dram_anchored_pose-none_0020,dram,anchored,none,high,False,4,30,1
dram_anchored_pose-none_0020,dram,anchored,none,high,False,8,30,1
dram_anchored_pose-none_0020,dram,anchored,none,high,False,16,30,1
dram_anchored_pose-none_0020,dram,anchored,none,high,True,2,30,1
dram_anchored_pose-none_0020,dram,anchored,none,high,True,4,30,1
dram_anchored_pose-none_0020,dram,anchored,none,high,True,8,30,1
dram_anchored_pose-none_0020,dram,anchored,none,high,True,16,30,1
dram_anchored_pose-none_0021,dram,anchored,none,high,False,2,30,-1
dram_anchored_pose-none_0021,dram,anchored,none,high,False,4,30,-1
dram_anchored_pose-none_0021,dram,anchored,none,high,False,8,30,-1
dram_anchored_pose-none_0021,dram,anchored,none,high,False,16,30,-1
dram_anchored_pose-none_0021,dram,anchored,none,high,True,2,30,16
dram_anchored_pose-none_0021,dram,anchored,none,high,True,4,30,16
dram_anchored_pose-none_0021,dram,anchored,none,high,True,8,30,16
dram_anchored_pose-none_0021,dram,anchored,none,high,True,16,30,16
dram_anchored_pose-none_0022,dram,anchored,none,high,False,2,30,1
dram_anchored_pose-none_0022,dram,anchored,none,high,False,4,30,1
dram_anchored_pose-none_0022,dram,anchored,none,high,False,8,30,1
dram_anchored_pose-none_0022,dram,anchored,none,high,False,16,30,1
dram_anchored_pose-none_0022,dram,anchored,none,high,True,2,30,1
dram_anchored_pose-none_0022,dram,anchored,none,high,True,4,30,1
dram_anchored_pose-none_0022,dram,anchored,none,high,True,8,30,1
dram_anchored_pose-none_0022,dram,anchored,none,high,True,16,30,1
dram_anchored_pose-none_0023,dram,anchored,none,high,False,2,30,1
dram_anchored_pose-none_0023,dram,anchored,none,high,False,4,30,1
dram_anchored_pose-none_0023,dram,anchored,none,high,False,8,30,1
dram_anchored_pose-none_0023,dram,anchored,none,high,False,16,30,1
dram_anchored_pose-none_0023,dram,anchored,none,high,True,2,30,1
dram_anchored_pose-none_0023,dram,anchored,none,high,True,4,30,1
dram_anchored_pose-none_0023,dram,anchored,none,high,True,8,30,1
dram_anchored_pose-none_0023,dram,anchored,none,high,True,16,30,1
dram_anchored_pose-none_0024,dram,anchored,none,high,False,2,30,1
dram_anchored_pose-none_0024,dram,anchored,none,high,False,4,30,1
dram_anchored_pose-none_0024,dram,anchored,none,high,False,8,30,1
dram_anchored_pose-none_0024,dram,anchored,none,high,False,16,30,1
dram_anchored_pose-none_0024,dram,anchored,none,high,True,2,30,1
dram_anchored_pose-none_0024,dram,anchored,none,high,True,4,30,1
dram_anchored_pose-none_0024,dram,anchored,none,high,True,8,30,1
dram_anchored_pose-none_0024,dram,anchored,none,high,True,16,30,1
dram_anchored_pose-none_0025,dram,anchored,none,high,False,2,30,1
dram_anchored_pose-none_0025,dram,anchored,none,high,False,4,30,1
dram_anchored_pose-none_0025,dram,anchored,none,high,False,8,30,1
dram_anchored_pose-none_0025,dram,anchored,none,high,False,16,30,1
dram_anchored_pose-none_0025,dram,anchored,none,high,True,2,30,1
dram_anchored_pose-none_0025,dram,anchored,none,high,True,4,30,1
dram_anchored_pose-none_0025,dram,anchored,none,high,True,8,30,1
dram_anchored_pose-none_0025,dram,anchored,none,high,True,16,30,1
dram_anchored_pose-none_0026,dram,anchored,none,high,False,2,30,1
dram_anchored_pose-none_0026,dram,anchored,none,high,False,4,30,1
dram_anchored_pose-none_0026,dram,anchored,none,high,False,8,30,1
dram_anchored_pose-none_0026,dram,anchored,none,high,False,16,30,1
dram_anchored_pose-none_0026,dram,anchored,none,high,True,2,30,1
dram_anchored_pose-none_0026,dram,anchored,none,high,True,4,30,1
dram_anchored_pose-none_0026,dram,anchored,none,high,True,8,30,1
dram_anchored_pose-none_0026,dram,anchored,none,high,True,16,30,1
dram_anchored_pose-small_0027,dram,anchored,small,low,False,2,30,1
dram_anchored_pose-small_0027,dram,anchored,small,low,False,4,30,1
dram_anchored_pose-small_0027,dram,anchored,small,low,False,8,30,1
dram_anchored_pose-small_0027,dram,anchored,small,low,False,16,30,1
dram_anchored_pose-small_0027,dram,anchored,small,low,True,2,30,1
dram_anchored_pose-small_0027,dram,anchored,small,low,True,4,30,1
dram_anchored_pose-small_0027,dram,anchored,small,low,True,8,30,1
dram_anchored_pose-small_0027,dram,anchored,small,low,True,16,30,1
dram_anchored_pose-small_0028,dram,anchored,small,low,False,2,30,1
dram_anchored_pose-small_0028,dram,anchored,small,low,False,4,30,1
dram_anchored_pose-small_0028,dram,anchored,small,low,False,8,30,1
dram_anchored_pose-small_0028,dram,anchored,small,low,False,16,30,1
dram_anchored_pose-small_0028,dram,anchored,small,low,True,2,30,1
dram_anchored_pose-small_0028,dram,anchored,small,low,True,4,30,1
dram_anchored_pose-small_0028,dram,anchored,small,low,True,8,30,1
dram_anchored_pose-small_0028,dram,anchored,small,low,True,16,30,1
dram_anchored_pose-small_0029,dram,anchored,small,low,False,2,30,1
dram_anchored_pose-small_0029,dram,anchored,small,low,False,4,30,1
dram_anchored_pose-small_0029,dram,anchored,small,low,False,8,30,1
dram_anchored_pose-small_0029,dram,anchored,small,low,False,16,30,1
dram_anchored_pose-small_0029,dram,anchored,small,low,True,2,30,1
dram_anchored_pose-small_0029,dram,anchored,small,low,True,4,30,1
dram_anchored_pose-small_0029,dram,anchored,small,low,True,8,30,1
dram_anchored_pose-small_0029,dram,anchored,small,low,True,16,30,1
dram_anchored_pose-small_0030,dram,anchored,small,low,False,2,30,1
dram_anchored_pose-small_0030,dram,anchored,small,low,False,4,30,1
dram_anchored_pose-small_0030,dram,anchored,small,low,False,8,30,1
dram_anchored_pose-small_0030,dram,anchored,small,low,False,16,30,1
dram_anchored_pose-small_0030,dram,anchored,small,low,True,2,30,1
dram_anchored_pose-small_0030,dram,anchored,small,low,True,4,30,1
dram_anchored_pose-small_0030,dram,anchored,small,low,True,8,30,1
dram_anchored_pose-small_0030,dram,anchored,small,low,True,16,30,1
dram_anchored_pose-small_0031,dram,anchored,small,low,False,2,30,-1
dram_anchored_pose-small_0031,dram,anchored,small,low,False,4,30,-1
dram_anchored_pose-small_0031,dram,anchored,small,low,False,8,30,-1
dram_anchored_pose-small_0031,dram,anchored,small,low,False,16,30,-1
dram_anchored_pose-small_0031,dram,anchored,small,low,True,2,30,1
dram_anchored_pose-small_0031,dram,anchored,small,low,True,4,30,1
dram_anchored_pose-small_0031,dram,anchored,small,low,True,8,30,1
dram_anchored_pose-small_0031,dram,anchored,small,low,True,16,30,1
dram_anchored_pose-small_0032,dram,anchored,small,low,False,2,30,1
dram_anchored_pose-small_0032,dram,anchored,small,low,False,4,30,1
dram_anchored_pose-small_0032,dram,anchored,small,low,False,8,30,1
dram_anchored_pose-small_0032,dram,anchored,small,low,False,16,30,1
dram_anchored_pose-small_0032,dram,anchored,small,low,True,2,30,1
dram_anchored_pose-small_0032,dram,anchored,small,low,True,4,30,1
dram_anchored_pose-small_0032,dram,anchored,small,low,True,8,30,1
dram_anchored_pose-small_0032,dram,anchored,small,low,True,16,30,1
dram_anchored_pose-small_0033,dram,anchored,small,low,False,2,30,1
dram_anchored_pose-small_0033,dram,anchored,small,low,False,4,30,1
dram_anchored_pose-small_0033,dram,anchored,small,low,False,8,30,1
dram_anchored_pose-small_0033,dram,anchored,small,low,False,16,30,1
dram_anchored_pose-small_0033,dram,anchored,small,low,True,2,30,1
dram_anchored_pose-small_0033,dram,anchored,small,low,True,4,30,1
dram_anchored_pose-small_0033,dram,anchored,small,low,True,8,30,1
dram_anchored_pose-small_0033,dram,anchored,small,low,True,16,30,1
dram_anchored_pose-small_0034,dram,anchored,small,low,False,2,30,-1
dram_anchored_pose-small_0034,dram,anchored,small,low,False,4,30,-1
dram_anchored_pose-small_0034,dram,anchored,small,low,False,8,30,-1
dram_anchored_pose-small_0034,dram,anchored,small,low,False,16,30,-1
dram_anchored_pose-small_0034,dram,anchored,small,low,True,2,30,1
dram_anchored_pose-small_0034,dram,anchored,small,low,True,4,30,1
dram_anchored_pose-small_0034,dram,anchored,small,low,True,8,30,1
dram_anchored_pose-small_0034,dram,anchored,small,low,True,16,30,1
dram_anchored_pose-small_0035,dram,anchored,small,low,False,2,30,-1
dram_anchored_pose-small_0035,dram,anchored,small,low,False,4,30,-1
dram_anchored_pose-small_0035,dram,anchored,small,low,False,8,30,-1
dram_anchored_pose-small_0035,dram,anchored,small,low,False,16,30,-1
dram_anchored_pose-small_0035,dram,anchored,small,low,True,2,30,-1
dram_anchored_pose-small_0035,dram,anchored,small,low,True,4,30,-1
dram_anchored_pose-small_0035,dram,anchored,small,low,True,8,30,-1
dram_anchored_pose-small_0035,dram,anchored,small,low,True,16,30,-1
dram_anchored_pose-small_0036,dram,anchored,small,medium,False,2,30,1
dram_anchored_pose-small_0036,dram,anchored,small,medium,False,4,30,1
dram_anchored_pose-small_0036,dram,anchored,small,medium,False,8,30,1
dram_anchored_pose-small_0036,dram,anchored,small,medium,False,16,30,1
dram_anchored_pose-small_0036,dram,anchored,small,medium,True,2,30,1
dram_anchored_pose-small_0036,dram,anchored,small,medium,True,4,30,1
dram_anchored_pose-small_0036,dram,anchored,small,medium,True,8,30,1
dram_anchored_pose-small_0036,dram,anchored,small,medium,True,16,30,1
dram_anchored_pose-small_0037,dram,anchored,small,medium,False,2,30,1
dram_anchored_pose-small_0037,dram,anchored,small,medium,False,4,30,1
dram_anchored_pose-small_0037,dram,anchored,small,medium,False,8,30,1
dram_anchored_pose-small_0037,dram,anchored,small,medium,False,16,30,1
dram_anchored_pose-small_0037,dram,anchored,small,medium,True,2,30,1
dram_anchored_pose-small_0037,dram,anchored,small,medium,True,4,30,1
dram_anchored_pose-small_0037,dram,anchored,small,medium,True,8,30,1
dram_anchored_pose-small_0037,dram,anchored,small,medium,True,16,30,1
dram_anchored_pose-small_0038,dram,anchored,small,medium,False,2,30,1
dram_anchored_pose-small_0038,dram,anchored,small,medium,False,4,30,1
dram_anchored_pose-small_0038,dram,anchored,small,medium,False,8,30,1
dram_anchored_pose-small_0038,dram,anchored,small,medium,False,16,30,1
dram_anchored_pose-small_0038,dram,anchored,small,medium,True,2,30,1
dram_anchored_pose-small_0038,dram,anchored,small,medium,True,4,30,1
dram_anchored_pose-small_0038,dram,anchored,small,medium,True,8,30,1
dram_anchored_pose-small_0038,dram,anchored,small,medium,True,16,30,1
dram_anchored_pose-small_0039,dram,anchored,small,medium,False,2,30,1
dram_anchored_pose-small_0039,dram,anchored,small,medium,False,4,30,1
dram_anchored_pose-small_0039,dram,anchored,small,medium,False,8,30,1
dram_anchored_pose-small_0039,dram,anchored,small,medium,False,16,30,1
dram_anchored_pose-small_0039,dram,anchored,small,medium,True,2,30,1
dram_anchored_pose-small_0039,dram,anchored,small,medium,True,4,30,1
dram_anchored_pose-small_0039,dram,anchored,small,medium,True,8,30,1
dram_anchored_pose-small_0039,dram,anchored,small,medium,True,16,30,1
dram_anchored_pose-small_0040,dram,anchored,small,medium,False,2,30,1
dram_anchored_pose-small_0040,dram,anchored,small,medium,False,4,30,1
dram_anchored_pose-small_0040,dram,anchored,small,medium,False,8,30,1
dram_anchored_pose-small_0040,dram,anchored,small,medium,False,16,30,1
dram_anchored_pose-small_0040,dram,anchored,small,medium,True,2,30,1
dram_anchored_pose-small_0040,dram,anchored,small,medium,True,4,30,1
dram_anchored_pose-small_0040,dram,anchored,small,medium,True,8,30,1
dram_anchored_pose-small_0040,dram,anchored,small,medium,True,16,30,1
dram_anchored_pose-small_0041,dram,anchored,small,medium,False,2,30,1
dram_anchored_pose-small_0041,dram,anchored,small,medium,False,4,30,1
dram_anchored_pose-small_0041,dram,anchored,small,medium,False,8,30,1
dram_anchored_pose-small_0041,dram,anchored,small,medium,False,16,30,1
dram_anchored_pose-small_0041,dram,anchored,small,medium,True,2,30,1
dram_anchored_pose-small_0041,dram,anchored,small,medium,True,4,30,1
dram_anchored_pose-small_0041,dram,anchored,small,medium,True,8,30,1
dram_anchored_pose-small_0041,dram,anchored,small,medium,True,16,30,1
dram_anchored_pose-small_0042,dram,anchored,small,medium,False,2,30,-1
dram_anchored_pose-small_0042,dram,anchored,small,medium,False,4,30,-1
dram_anchored_pose-small_0042,dram,anchored,small,medium,False,8,30,-1
dram_anchored_pose-small_0042,dram,anchored,small,medium,False,16,30,-1
dram_anchored_pose-small_0042,dram,anchored,small,medium,True,2,30,1
dram_anchored_pose-small_0042,dram,anchored,small,medium,True,4,30,1
dram_anchored_pose-small_0042,dram,anchored,small,medium,True,8,30,1
dram_anchored_pose-small_0042,dram,anchored,small,medium,True,16,30,1
dram_anchored_pose-small_0043,dram,anchored,small,medium,False,2,30,1
dram_anchored_pose-small_0043,dram,anchored,small,medium,False,4,30,1
dram_anchored_pose-small_0043,dram,anchored,small,medium,False,8,30,1
dram_anchored_pose-small_0043,dram,anchored,small,medium,False,16,30,1
dram_anchored_pose-small_0043,dram,anchored,small,medium,True,2,30,1
dram_anchored_pose-small_0043,dram,anchored,small,medium,True,4,30,1
dram_anchored_pose-small_0043,dram,anchored,small,medium,True,8,30,1
dram_anchored_pose-small_0043,dram,anchored,small,medium,True,16,30,1
dram_anchored_pose-small_0044,dram,anchored,small,medium,False,2,30,1
dram_anchored_pose-small_0044,dram,anchored,small,medium,False,4,30,1
dram_anchored_pose-small_0044,dram,anchored,small,medium,False,8,30,1
dram_anchored_pose-small_0044,dram,anchored,small,medium,False,16,30,1
dram_anchored_pose-small_0044,dram,anchored,small,medium,True,2,30,1
dram_anchored_pose-small_0044,dram,anchored,small,medium,True,4,30,1
dram_anchored_pose-small_0044,dram,anchored,small,medium,True,8,30,1
dram_anchored_pose-small_0044,dram,anchored,small,medium,True,16,30,1
dram_anchored_pose-small_0045,dram,anchored,small,high,False,2,30,1
dram_anchored_pose-small_0045,dram,anchored,small,high,False,4,30,1
dram_anchored_pose-small_0045,dram,anchored,small,high,False,8,30,1
dram_anchored_pose-small_0045,dram,anchored,small,high,False,16,30,1
dram_anchored_pose-small_0045,dram,anchored,small,high,True,2,30,1
dram_anchored_pose-small_0045,dram,anchored,small,high,True,4,30,1
dram_anchored_pose-small_0045,dram,anchored,small,high,True,8,30,1
dram_anchored_pose-small_0045,dram,anchored,small,high,True,16,30,1
dram_anchored_pose-small_0046,dram,anchored,small,high,False,2,30,1
dram_anchored_pose-small_0046,dram,anchored,small,high,False,4,30,1
dram_anchored_pose-small_0046,dram,anchored,small,high,False,8,30,1
dram_anchored_pose-small_0046,dram,anchored,small,high,False,16,30,1
dram_anchored_pose-small_0046,dram,anchored,small,high,True,2,30,1
dram_anchored_pose-small_0046,dram,anchored,small,high,True,4,30,1
dram_anchored_pose-small_0046,dram,anchored,small,high,True,8,30,1
dram_anchored_pose-small_0046,dram,anchored,small,high,True,16,30,1
dram_anchored_pose-small_0047,dram,anchored,small,high,False,2,30,1
dram_anchored_pose-small_0047,dram,anchored,small,high,False,4,30,1
dram_anchored_pose-small_0047,dram,anchored,small,high,False,8,30,1
dram_anchored_pose-small_0047,dram,anchored,small,high,False,16,30,1
dram_anchored_pose-small_0047,dram,anchored,small,high,True,2,30,1
dram_anchored_pose-small_0047,dram,anchored,small,high,True,4,30,1
dram_anchored_pose-small_0047,dram,anchored,small,high,True,8,30,1
dram_anchored_pose-small_0047,dram,anchored,small,high,True,16,30,1
dram_anchored_pose-small_0048,dram,anchored,small,high,False,2,30,1
dram_anchored_pose-small_0048,dram,anchored,small,high,False,4,30,1
dram_anchored_pose-small_0048,dram,anchored,small,high,False,8,30,1
dram_anchored_pose-small_0048,dram,anchored,small,high,False,16,30,1
dram_anchored_pose-small_0048,dram,anchored,small,high,True,2,30,1
dram_anchored_pose-small_0048,dram,anchored,small,high,True,4,30,1
dram_anchored_pose-small_0048,dram,anchored,small,high,True,8,30,1
dram_anchored_pose-small_0048,dram,anchored,small,high,True,16,30,1
dram_anchored_pose-small_0049,dram,anchored,small,high,False,2,30,1
dram_anchored_pose-small_0049,dram,anchored,small,high,False,4,30,1
dram_anchored_pose-small_0049,dram,anchored,small,high,False,8,30,1
dram_anchored_pose-small_0049,dram,anchored,small,high,False,16,30,1
dram_anchored_pose-small_0049,dram,anchored,small,high,True,2,30,1
dram_anchored_pose-small_0049,dram,anchored,small,high,True,4,30,1
dram_anchored_pose-small_0049,dram,anchored,small,high,True,8,30,1
dram_anchored_pose-small_0049,dram,anchored,small,high,True,16,30,1
dram_anchored_pose-small_0050,dram,anchored,small,high,False,2,30,1
dram_anchored_pose-small_0050,dram,anchored,small,high,False,4,30,1
dram_anchored_pose-small_0050,dram,anchored,small,high,False,8,30,1
dram_anchored_pose-small_0050,dram,anchored,small,high,False,16,30,1
dram_anchored_pose-small_0050,dram,anchored,small,high,True,2,30,1
dram_anchored_pose-small_0050,dram,anchored,small,high,True,4,30,1
dram_anchored_pose-small_0050,dram,anchored,small,high,True,8,30,1
dram_anchored_pose-small_0050,dram,anchored,small,high,True,16,30,1
dram_anchored_pose-small_0051,dram,anchored,small,high,False,2,30,1
dram_anchored_pose-small_0051,dram,anchored,small,high,False,4,30,1
dram_anchored_pose-small_0051,dram,anchored,small,high,False,8,30,1
dram_anchored_pose-small_0051,dram,anchored,small,high,False,16,30,1
dram_anchored_pose-small_0051,dram,anchored,small,high,True,2,30,1
dram_anchored_pose-small_0051,dram,anchored,small,high,True,4,30,1
dram_anchored_pose-small_0051,dram,anchored,small,high,True,8,30,1
dram_anchored_pose-small_0051,dram,anchored,small,high,True,16,30,1
dram_anchored_pose-small_0052,dram,anchored,small,high,False,2,30,-1
dram_anchored_pose-small_0052,dram,anchored,small,high,False,4,30,-1
dram_anchored_pose-small_0052,dram,anchored,small,high,False,8,30,-1
dram_anchored_pose-small_0052,dram,anchored,small,high,False,16,30,-1
dram_anchored_pose-small_0052,dram,anchored,small,high,True,2,30,-1
dram_anchored_pose-small_0052,dram,anchored,small,high,True,4,30,-1
dram_anchored_pose-small_0052,dram,anchored,small,high,True,8,30,-1
dram_anchored_pose-small_0052,dram,anchored,small,high,True,16,30,-1
dram_anchored_pose-small_0053,dram,anchored,small,high,False,2,30,1
dram_anchored_pose-small_0053,dram,anchored,small,high,False,4,30,1
dram_anchored_pose-small_0053,dram,anchored,small,high,False,8,30,1
dram_anchored_pose-small_0053,dram,anchored,small,high,False,16,30,1
dram_anchored_pose-small_0053,dram,anchored,small,high,True,2,30,1
dram_anchored_pose-small_0053,dram,anchored,small,high,True,4,30,1
dram_anchored_pose-small_0053,dram,anchored,small,high,True,8,30,1
dram_anchored_pose-small_0053,dram,anchored,small,high,True,16,30,1
dram_anchored_pose-large_0054,dram,anchored,large,low,False,2,30,1
dram_anchored_pose-large_0054,dram,anchored,large,low,False,4,30,1
dram_anchored_pose-large_0054,dram,anchored,large,low,False,8,30,1
dram_anchored_pose-large_0054,dram,anchored,large,low,False,16,30,1
dram_anchored_pose-large_0054,dram,anchored,large,low,True,2,30,1
dram_anchored_pose-large_0054,dram,anchored,large,low,True,4,30,1
dram_anchored_pose-large_0054,dram,anchored,large,low,True,8,30,1
dram_anchored_pose-large_0054,dram,anchored,large,low,True,16,30,1
dram_anchored_pose-large_0055,dram,anchored,large,low,False,2,30,1
dram_anchored_pose-large_0055,dram,anchored,large,low,False,4,30,1
dram_anchored_pose-large_0055,dram,anchored,large,low,False,8,30,1
dram_anchored_pose-large_0055,dram,anchored,large,low,False,16,30,1
dram_anchored_pose-large_0055,dram,anchored,large,low,True,2,30,1
dram_anchored_pose-large_0055,dram,anchored,large,low,True,4,30,1
dram_anchored_pose-large_0055,dram,anchored,large,low,True,8,30,1
dram_anchored_pose-large_0055,dram,anchored,large,low,True,16,30,1
dram_anchored_pose-large_0056,dram,anchored,large,low,False,2,30,1
dram_anchored_pose-large_0056,dram,anchored,large,low,False,4,30,1
dram_anchored_pose-large_0056,dram,anchored,large,low,False,8,30,1
dram_anchored_pose-large_0056,dram,anchored,large,low,False,16,30,1
dram_anchored_pose-large_0056,dram,anchored,large,low,True,2,30,1
dram_anchored_pose-large_0056,dram,anchored,large,low,True,4,30,1
dram_anchored_pose-large_0056,dram,anchored,large,low,True,8,30,1
dram_anchored_pose-large_0056,dram,anchored,large,low,True,16,30,1
dram_anchored_pose-large_0057,dram,anchored,large,low,False,2,30,9
dram_anchored_pose-large_0057,dram,anchored,large,low,False,4,30,9
dram_anchored_pose-large_0057,dram,anchored,large,low,False,8,30,9
dram_anchored_pose-large_0057,dram,anchored,large,low,False,16,30,-1
dram_anchored_pose-large_0057,dram,anchored,large,low,True,2,30,9
dram_anchored_pose-large_0057,dram,anchored,large,low,True,4,30,9
dram_anchored_pose-large_0057,dram,anchored,large,low,True,8,30,9
dram_anchored_pose-large_0057,dram,anchored,large,low,True,16,30,-1
dram_anchored_pose-large_0058,dram,anchored,large,low,False,2,30,1
dram_anchored_pose-large_0058,dram,anchored,large,low,False,4,30,1
dram_anchored_pose-large_0058,dram,anchored,large,low,False,8,30,1
dram_anchored_pose-large_0058,dram,anchored,large,low,False,16,30,1
dram_anchored_pose-large_0058,dram,anchored,large,low,True,2,30,1
dram_anchored_pose-large_0058,dram,anchored,large,low,True,4,30,1
dram_anchored_pose-large_0058,dram,anchored,large,low,True,8,30,1
dram_anchored_pose-large_0058,dram,anchored,large,low,True,16,30,1
dram_anchored_pose-large_0059,dram,anchored,large,low,False,2,30,1
dram_anchored_pose-large_0059,dram,anchored,large,low,False,4,30,1
dram_anchored_pose-large_0059,dram,anchored,large,low,False,8,30,1
dram_anchored_pose-large_0059,dram,anchored,large,low,False,16,30,1
dram_anchored_pose-large_0059,dram,anchored,large,low,True,2,30,1
dram_anchored_pose-large_0059,dram,anchored,large,low,True,4,30,1
dram_anchored_pose-large_0059,dram,anchored,large,low,True,8,30,1
dram_anchored_pose-large_0059,dram,anchored,large,low,True,16,30,1
dram_anchored_pose-large_0060,dram,anchored,large,low,False,2,30,1
dram_anchored_pose-large_0060,dram,anchored,large,low,False,4,30,1
dram_anchored_pose-large_0060,dram,anchored,large,low,False,8,30,1
dram_anchored_pose-large_0060,dram,anchored,large,low,False,16,30,1
dram_anchored_pose-large_0060,dram,anchored,large,low,True,2,30,1
dram_anchored_pose-large_0060,dram,anchored,large,low,True,4,30,1
dram_anchored_pose-large_0060,dram,anchored,large,low,True,8,30,1
dram_anchored_pose-large_0060,dram,anchored,large,low,True,16,30,1
dram_anchored_pose-large_0061,dram,anchored,large,low,False,2,30,-1
dram_anchored_pose-large_0061,dram,anchored,large,low,False,4,30,-1
dram_anchored_pose-large_0061,dram,anchored,large,low,False,8,30,-1
dram_anchored_pose-large_0061,dram,anchored,large,low,False,16,30,-1
dram_anchored_pose-large_0061,dram,anchored,large,low,True,2,30,-1
dram_anchored_pose-large_0061,dram,anchored,large,low,True,4,30,-1
dram_anchored_pose-large_0061,dram,anchored,large,low,True,8,30,-1
dram_anchored_pose-large_0061,dram,anchored,large,low,True,16,30,-1
dram_anchored_pose-large_0062,dram,anchored,large,low,False,2,30,1
dram_anchored_pose-large_0062,dram,anchored,large,low,False,4,30,1
dram_anchored_pose-large_0062,dram,anchored,large,low,False,8,30,1
dram_anchored_pose-large_0062,dram,anchored,large,low,False,16,30,1
dram_anchored_pose-large_0062,dram,anchored,large,low,True,2,30,1
dram_anchored_pose-large_0062,dram,anchored,large,low,True,4,30,1
dram_anchored_pose-large_0062,dram,anchored,large,low,True,8,30,1
dram_anchored_pose-large_0062,dram,anchored,large,low,True,16,30,1
dram_anchored_pose-large_0063,dram,anchored,large,medium,False,2,30,1
dram_anchored_pose-large_0063,dram,anchored,large,medium,False,4,30,1
dram_anchored_pose-large_0063,dram,anchored,large,medium,False,8,30,1
dram_anchored_pose-large_0063,dram,anchored,large,medium,False,16,30,1
dram_anchored_pose-large_0063,dram,anchored,large,medium,True,2,30,1
dram_anchored_pose-large_0063,dram,anchored,large,medium,True,4,30,1
dram_anchored_pose-large_0063,dram,anchored,large,medium,True,8,30,1
dram_anchored_pose-large_0063,dram,anchored,large,medium,True,16,30,1
dram_anchored_pose-large_0064,dram,anchored,large,medium,False,2,30,3
dram_anchored_pose-large_0064,dram,anchored,large,medium,False,4,30,3
dram_anchored_pose-large_0064,dram,anchored,large,medium,False,8,30,3
dram_anchored_pose-large_0064,dram,anchored,large,medium,False,16,30,2
dram_anchored_pose-large_0064,dram,anchored,large,medium,True,2,30,1
dram_anchored_pose-large_0064,dram,anchored,large,medium,True,4,30,1
dram_anchored_pose-large_0064,dram,anchored,large,medium,True,8,30,1
dram_anchored_pose-large_0064,dram,anchored,large,medium,True,16,30,1
dram_anchored_pose-large_0065,dram,anchored,large,medium,False,2,30,7
dram_anchored_pose-large_0065,dram,anchored,large,medium,False,4,30,7
dram_anchored_pose-large_0065,dram,anchored,large,medium,False,8,30,7
dram_anchored_pose-large_0065,dram,anchored,large,medium,False,16,30,7
dram_anchored_pose-large_0065,dram,anchored,large,medium,True,2,30,2
dram_anchored_pose-large_0065,dram,anchored,large,medium,True,4,30,2
dram_anchored_pose-large_0065,dram,anchored,large,medium,True,8,30,2
dram_anchored_pose-large_0065,dram,anchored,large,medium,True,16,30,2
dram_anchored_pose-large_0066,dram,anchored,large,medium,False,2,30,1
dram_anchored_pose-large_0066,dram,anchored,large,medium,False,4,30,1
dram_anchored_pose-large_0066,dram,anchored,large,medium,False,8,30,1
dram_anchored_pose-large_0066,dram,anchored,large,medium,False,16,30,1
dram_anchored_pose-large_0066,dram,anchored,large,medium,True,2,30,1
dram_anchored_pose-large_0066,dram,anchored,large,medium,True,4,30,1
dram_anchored_pose-large_0066,dram,anchored,large,medium,True,8,30,1
dram_anchored_pose-large_0066,dram,anchored,large,medium,True,16,30,1
dram_anchored_pose-large_0067,dram,anchored,large,medium,False,2,30,1
dram_anchored_pose-large_0067,dram,anchored,large,medium,False,4,30,1
dram_anchored_pose-large_0067,dram,anchored,large,medium,False,8,30,1
dram_anchored_pose-large_0067,dram,anchored,large,medium,False,16,30,1
dram_anchored_pose-large_0067,dram,anchored,large,medium,True,2,30,1
dram_anchored_pose-large_0067,dram,anchored,large,medium,True,4,30,1
dram_anchored_pose-large_0067,dram,anchored,large,medium,True,8,30,1
dram_anchored_pose-large_0067,dram,anchored,large,medium,True,16,30,1
dram_anchored_pose-large_0068,dram,anchored,large,medium,False,2,30,6
dram_anchored_pose-large_0068,dram,anchored,large,medium,False,4,30,6
dram_anchored_pose-large_0068,dram,anchored,large,medium,False,8,30,6
dram_anchored_pose-large_0068,dram,anchored,large,medium,False,16,30,6
dram_anchored_pose-large_0068,dram,anchored,large,medium,True,2,30,-1
dram_anchored_pose-large_0068,dram,anchored,large,medium,True,4,30,-1
dram_anchored_pose-large_0068,dram,anchored,large,medium,True,8,30,-1
dram_anchored_pose-large_0068,dram,anchored,large,medium,True,16,30,-1
dram_anchored_pose-large_0069,dram,anchored,large,medium,False,2,30,1
dram_anchored_pose-large_0069,dram,anchored,large,medium,False,4,30,1
dram_anchored_pose-large_0069,dram,anchored,large,medium,False,8,30,1
dram_anchored_pose-large_0069,dram,anchored,large,medium,False,16,30,1
dram_anchored_pose-large_0069,dram,anchored,large,medium,True,2,30,1
dram_anchored_pose-large_0069,dram,anchored,large,medium,True,4,30,1
dram_anchored_pose-large_0069,dram,anchored,large,medium,True,8,30,1
dram_anchored_pose-large_0069,dram,anchored,large,medium,True,16,30,1
dram_anchored_pose-large_0070,dram,anchored,large,medium,False,2,30,1
dram_anchored_pose-large_0070,dram,anchored,large,medium,False,4,30,1
dram_anchored_pose-large_0070,dram,anchored,large,medium,False,8,30,1
dram_anchored_pose-large_0070,dram,anchored,large,medium,False,16,30,1
dram_anchored_pose-large_0070,dram,anchored,large,medium,True,2,30,-1
dram_anchored_pose-large_0070,dram,anchored,large,medium,True,4,30,-1
dram_anchored_pose-large_0070,dram,anchored,large,medium,True,8,30,-1
dram_anchored_pose-large_0070,dram,anchored,large,medium,True,16,30,-1
dram_anchored_pose-large_0071,dram,anchored,large,medium,False,2,30,-1
dram_anchored_pose-large_0071,dram,anchored,large,medium,False,4,30,-1
dram_anchored_pose-large_0071,dram,anchored,large,medium,False,8,30,-1
dram_anchored_pose-large_0071,dram,anchored,large,medium,False,16,30,-1
dram_anchored_pose-large_0071,dram,anchored,large,medium,True,2,30,-1
dram_anchored_pose-large_0071,dram,anchored,large,medium,True,4,30,-1
dram_anchored_pose-large_0071,dram,anchored,large,medium,True,8,30,-1
dram_anchored_pose-large_0071,dram,anchored,large,medium,True,16,30,-1
dram_anchored_pose-large_0072,dram,anchored,large,high,False,2,30,1
dram_anchored_pose-large_0072,dram,anchored,large,high,False,4,30,1
dram_anchored_pose-large_0072,dram,anchored,large,high,False,8,30,1
dram_anchored_pose-large_0072,dram,anchored,large,high,False,16,30,1
dram_anchored_pose-large_0072,dram,anchored,large,high,True,2,30,1
dram_anchored_pose-large_0072,dram,anchored,large,high,True,4,30,1
dram_anchored_pose-large_0072,dram,anchored,large,high,True,8,30,1
dram_anchored_pose-large_0072,dram,anchored,large,high,True,16,30,1
dram_anchored_pose-large_0073,dram,anchored,large,high,False,2,30,2
dram_anchored_pose-large_0073,dram,anchored,large,high,False,4,30,2
dram_anchored_pose-large_0073,dram,anchored,large,high,False,8,30,2
dram_anchored_pose-large_0073,dram,anchored,large,high,False,16,30,2
dram_anchored_pose-large_0073,dram,anchored,large,high,True,2,30,1
dram_anchored_pose-large_0073,dram,anchored,large,high,True,4,30,1
dram_anchored_pose-large_0073,dram,anchored,large,high,True,8,30,1
dram_anchored_pose-large_0073,dram,anchored,large,high,True,16,30,1
dram_anchored_pose-large_0074,dram,anchored,large,high,False,2,30,-1
dram_anchored_pose-large_0074,dram,anchored,large,high,False,4,30,-1
dram_anchored_pose-large_0074,dram,anchored,large,high,False,8,30,-1
dram_anchored_pose-large_0074,dram,anchored,large,high,False,16,30,-1
dram_anchored_pose-large_0074,dram,anchored,large,high,True,2,30,1
dram_anchored_pose-large_0074,dram,anchored,large,high,True,4,30,1
dram_anchored_pose-large_0074,dram,anchored,large,high,True,8,30,1
dram_anchored_pose-large_0074,dram,anchored,large,high,True,16,30,1
dram_anchored_pose-large_0075,dram,anchored,large,high,False,2,30,1
dram_anchored_pose-large_0075,dram,anchored,large,high,False,4,30,1
dram_anchored_pose-large_0075,dram,anchored,large,high,False,8,30,1
dram_anchored_pose-large_0075,dram,anchored,large,high,False,16,30,1
dram_anchored_pose-large_0075,dram,anchored,large,high,True,2,30,1
dram_anchored_pose-large_0075,dram,anchored,large,high,True,4,30,1
dram_anchored_pose-large_0075,dram,anchored,large,high,True,8,30,1
dram_anchored_pose-large_0075,dram,anchored,large,high,True,16,30,1
dram_anchored_pose-large_0076,dram,anchored,large,high,False,2,30,1
dram_anchored_pose-large_0076,dram,anchored,large,high,False,4,30,1
dram_anchored_pose-large_0076,dram,anchored,large,high,False,8,30,1
dram_anchored_pose-large_0076,dram,anchored,large,high,False,16,30,1
dram_anchored_pose-large_0076,dram,anchored,large,high,True,2,30,1
dram_anchored_pose-large_0076,dram,anchored,large,high,True,4,30,1
dram_anchored_pose-large_0076,dram,anchored,large,high,True,8,30,1
dram_anchored_pose-large_0076,dram,anchored,large,high,True,16,30,1
dram_anchored_pose-large_0077,dram,anchored,large,high,False,2,30,1
dram_anchored_pose-large_0077,dram,anchored,large,high,False,4,30,1
dram_anchored_pose-large_0077,dram,anchored,large,high,False,8,30,1
dram_anchored_pose-large_0077,dram,anchored,large,high,False,16,30,1
dram_anchored_pose-large_0077,dram,anchored,large,high,True,2,30,1
dram_anchored_pose-large_0077,dram,anchored,large,high,True,4,30,1
dram_anchored_pose-large_0077,dram,anchored,large,high,True,8,30,1
dram_anchored_pose-large_0077,dram,anchored,large,high,True,16,30,1
dram_anchored_pose-large_0078,dram,anchored,large,high,False,2,30,1
dram_anchored_pose-large_0078,dram,anchored,large,high,False,4,30,1
dram_anchored_pose-large_0078,dram,anchored,large,high,False,8,30,1
dram_anchored_pose-large_0078,dram,anchored,large,high,False,16,30,1
dram_anchored_pose-large_0078,dram,anchored,large,high,True,2,30,1
dram_anchored_pose-large_0078,dram,anchored,large,high,True,4,30,1
dram_anchored_pose-large_0078,dram,anchored,large,high,True,8,30,1
dram_anchored_pose-large_0078,dram,anchored,large,high,True,16,30,1
dram_anchored_pose-large_0079,dram,anchored,large,high,False,2,30,-1
dram_anchored_pose-large_0079,dram,anchored,large,high,False,4,30,-1
dram_anchored_pose-large_0079,dram,anchored,large,high,False,8,30,-1
dram_anchored_pose-large_0079,dram,anchored,large,high,False,16,30,-1
dram_anchored_pose-large_0079,dram,anchored,large,high,True,2,30,1
dram_anchored_pose-large_0079,dram,anchored,large,high,True,4,30,1
dram_anchored_pose-large_0079,dram,anchored,large,high,True,8,30,1
dram_anchored_pose-large_0079,dram,anchored,large,high,True,16,30,1
dram_anchored_pose-large_0080,dram,anchored,large,high,False,2,30,1
dram_anchored_pose-large_0080,dram,anchored,large,high,False,4,30,1
dram_anchored_pose-large_0080,dram,anchored,large,high,False,8,30,1
dram_anchored_pose-large_0080,dram,anchored,large,high,False,16,30,1
dram_anchored_pose-large_0080,dram,anchored,large,high,True,2,30,1
dram_anchored_pose-large_0080,dram,anchored,large,high,True,4,30,1
dram_anchored_pose-large_0080,dram,anchored,large,high,True,8,30,1
dram_anchored_pose-large_0080,dram,anchored,large,high,True,16,30,1
dram_unanchored_pose-none_0081,dram,unanchored,none,low,False,2,30,-1
dram_unanchored_pose-none_0081,dram,unanchored,none,low,False,4,30,-1
dram_unanchored_pose-none_0081,dram,unanchored,none,low,False,8,30,-1
dram_unanchored_pose-none_0081,dram,unanchored,none,low,False,16,10,-1
dram_unanchored_pose-none_0081,dram,unanchored,none,low,True,2,30,-1
dram_unanchored_pose-none_0081,dram,unanchored,none,low,True,4,30,-1
dram_unanchored_pose-none_0081,dram,unanchored,none,low,True,8,30,-1
dram_unanchored_pose-none_0081,dram,unanchored,none,low,True,16,10,-1
dram_unanchored_pose-none_0082,dram,unanchored,none,low,False,2,30,-1
dram_unanchored_pose-none_0082,dram,unanchored,none,low,False,4,30,-1
dram_unanchored_pose-none_0082,dram,unanchored,none,low,False,8,30,-1
dram_unanchored_pose-none_0082,dram,unanchored,none,low,False,16,30,-1
dram_unanchored_pose-none_0082,dram,unanchored,none,low,True,2,30,-1
dram_unanchored_pose-none_0082,dram,unanchored,none,low,True,4,30,-1
dram_unanchored_pose-none_0082,dram,unanchored,none,low,True,8,30,-1
dram_unanchored_pose-none_0082,dram,unanchored,none,low,True,16,30,-1
dram_unanchored_pose-none_0083,dram,unanchored,none,low,False,2,30,-1
dram_unanchored_pose-none_0083,dram,unanchored,none,low,False,4,30,-1
dram_unanchored_pose-none_0083,dram,unanchored,none,low,False,8,30,-1
dram_unanchored_pose-none_0083,dram,unanchored,none,low,False,16,30,-1
dram_unanchored_pose-none_0083,dram,unanchored,none,low,True,2,30,-1
dram_unanchored_pose-none_0083,dram,unanchored,none,low,True,4,30,-1
dram_unanchored_pose-none_0083,dram,unanchored,none,low,True,8,30,-1
dram_unanchored_pose-none_0083,dram,unanchored,none,low,True,16,30,-1
dram_unanchored_pose-none_0084,dram,unanchored,none,low,False,2,30,-1
dram_unanchored_pose-none_0084,dram,unanchored,none,low,False,4,30,-1
dram_unanchored_pose-none_0084,dram,unanchored,none,low,False,8,30,-1
dram_unanchored_pose-none_0084,dram,unanchored,none,low,False,16,30,-1
dram_unanchored_pose-none_0084,dram,unanchored,none,low,True,2,30,-1
dram_unanchored_pose-none_0084,dram,unanchored,none,low,True,4,30,-1
dram_unanchored_pose-none_0084,dram,unanchored,none,low,True,8,30,-1
dram_unanchored_pose-none_0084,dram,unanchored,none,low,True,16,30,-1
dram_unanchored_pose-none_0085,dram,unanchored,none,low,False,2,30,-1
dram_unanchored_pose-none_0085,dram,unanchored,none,low,False,4,30,-1
dram_unanchored_pose-none_0085,dram,unanchored,none,low,False,8,30,-1
dram_unanchored_pose-none_0085,dram,unanchored,none,low,False,16,30,-1
dram_unanchored_pose-none_0085,dram,unanchored,none,low,True,2,30,-1
dram_unanchored_pose-none_0085,dram,unanchored,none,low,True,4,30,-1
dram_unanchored_pose-none_0085,dram,unanchored,none,low,True,8,30,-1
dram_unanchored_pose-none_0085,dram,unanchored,none,low,True,16,30,-1
dram_unanchored_pose-none_0086,dram,unanchored,none,low,False,2,30,-1
dram_unanchored_pose-none_0086,dram,unanchored,none,low,False,4,30,-1
dram_unanchored_pose-none_0086,dram,unanchored,none,low,False,8,30,-1
dram_unanchored_pose-none_0086,dram,unanchored,none,low,False,16,30,-1
dram_unanchored_pose-none_0086,dram,unanchored,none,low,True,2,30,-1
dram_unanchored_pose-none_0086,dram,unanchored,none,low,True,4,30,-1
dram_unanchored_pose-none_0086,dram,unanchored,none,low,True,8,30,-1
dram_unanchored_pose-none_0086,dram,unanchored,none,low,True,16,30,-1
dram_unanchored_pose-none_0087,dram,unanchored,none,low,False,2,30,-1
dram_unanchored_pose-none_0087,dram,unanchored,none,low,False,4,30,-1
dram_unanchored_pose-none_0087,dram,unanchored,none,low,False,8,30,-1
dram_unanchored_pose-none_0087,dram,unanchored,none,low,False,16,30,-1
dram_unanchored_pose-none_0087,dram,unanchored,none,low,True,2,30,-1
dram_unanchored_pose-none_0087,dram,unanchored,none,low,True,4,30,-1
dram_unanchored_pose-none_0087,dram,unanchored,none,low,True,8,30,-1
dram_unanchored_pose-none_0087,dram,unanchored,none,low,True,16,30,-1
dram_unanchored_pose-none_0088,dram,unanchored,none,low,False,2,30,-1
dram_unanchored_pose-none_0088,dram,unanchored,none,low,False,4,30,-1
dram_unanchored_pose-none_0088,dram,unanchored,none,low,False,8,30,-1
dram_unanchored_pose-none_0088,dram,unanchored,none,low,False,16,30,-1
dram_unanchored_pose-none_0088,dram,unanchored,none,low,True,2,30,-1
dram_unanchored_pose-none_0088,dram,unanchored,none,low,True,4,30,-1
dram_unanchored_pose-none_0088,dram,unanchored,none,low,True,8,30,-1
dram_unanchored_pose-none_0088,dram,unanchored,none,low,True,16,30,-1
dram_unanchored_pose-none_0089,dram,unanchored,none,low,False,2,30,-1
dram_unanchored_pose-none_0089,dram,unanchored,none,low,False,4,30,-1
dram_unanchored_pose-none_0089,dram,unanchored,none,low,False,8,30,-1
dram_unanchored_pose-none_0089,dram,unanchored,none,low,False,16,30,-1
dram_unanchored_pose-none_0089,dram,unanchored,none,low,True,2,30,-1
dram_unanchored_pose-none_0089,dram,unanchored,none,low,True,4,30,-1
dram_unanchored_pose-none_0089,dram,unanchored,none,low,True,8,30,-1
dram_unanchored_pose-none_0089,dram,unanchored,none,low,True,16,30,-1
dram_unanchored_pose-none_0090,dram,unanchored,none,medium,False,2,30,-1
dram_unanchored_pose-none_0090,dram,unanchored,none,medium,False,4,30,-1
dram_unanchored_pose-none_0090,dram,unanchored,none,medium,False,8,30,-1
dram_unanchored_pose-none_0090,dram,unanchored,none,medium,False,16,30,-1
dram_unanchored_pose-none_0090,dram,unanchored,none,medium,True,2,30,-1
dram_unanchored_pose-none_0090,dram,unanchored,none,medium,True,4,30,-1
dram_unanchored_pose-none_0090,dram,unanchored,none,medium,True,8,30,-1
dram_unanchored_pose-none_0090,dram,unanchored,none,medium,True,16,30,-1
dram_unanchored_pose-none_0091,dram,unanchored,none,medium,False,2,30,-1
dram_unanchored_pose-none_0091,dram,unanchored,none,medium,False,4,30,-1
dram_unanchored_pose-none_0091,dram,unanchored,none,medium,False,8,30,-1
dram_unanchored_pose-none_0091,dram,unanchored,none,medium,False,16,30,-1
dram_unanchored_pose-none_0091,dram,unanchored,none,medium,True,2,30,-1
dram_unanchored_pose-none_0091,dram,unanchored,none,medium,True,4,30,-1
dram_unanchored_pose-none_0091,dram,unanchored,none,medium,True,8,30,-1
dram_unanchored_pose-none_0091,dram,unanchored,none,medium,True,16,30,-1
dram_unanchored_pose-none_0092,dram,unanchored,none,medium,False,2,30,-1
dram_unanchored_pose-none_0092,dram,unanchored,none,medium,False,4,30,-1
dram_unanchored_pose-none_0092,dram,unanchored,none,medium,False,8,30,-1
dram_unanchored_pose-none_0092,dram,unanchored,none,medium,False,16,30,-1
dram_unanchored_pose-none_0092,dram,unanchored,none,medium,True,2,30,-1
dram_unanchored_pose-none_0092,dram,unanchored,none,medium,True,4,30,-1
dram_unanchored_pose-none_0092,dram,unanchored,none,medium,True,8,30,-1
dram_unanchored_pose-none_0092,dram,unanchored,none,medium,True,16,30,-1
dram_unanchored_pose-none_0093,dram,unanchored,none,medium,False,2,30,-1
dram_unanchored_pose-none_0093,dram,unanchored,none,medium,False,4,30,-1
dram_unanchored_pose-none_0093,dram,unanchored,none,medium,False,8,30,-1
dram_unanchored_pose-none_0093,dram,unanchored,none,medium,False,16,30,-1
dram_unanchored_pose-none_0093,dram,unanchored,none,medium,True,2,30,-1
dram_unanchored_pose-none_0093,dram,unanchored,none,medium,True,4,30,-1
dram_unanchored_pose-none_0093,dram,unanchored,none,medium,True,8,30,-1
dram_unanchored_pose-none_0093,dram,unanchored,none,medium,True,16,30,-1
dram_unanchored_pose-none_0094,dram,unanchored,none,medium,False,2,30,-1
dram_unanchored_pose-none_0094,dram,unanchored,none,medium,False,4,30,-1
dram_unanchored_pose-none_0094,dram,unanchored,none,medium,False,8,30,-1
dram_unanchored_pose-none_0094,dram,unanchored,none,medium,False,16,30,-1
dram_unanchored_pose-none_0094,dram,unanchored,none,medium,True,2,30,-1
dram_unanchored_pose-none_0094,dram,unanchored,none,medium,True,4,30,-1
dram_unanchored_pose-none_0094,dram,unanchored,none,medium,True,8,30,-1
dram_unanchored_pose-none_0094,dram,unanchored,none,medium,True,16,30,-1
dram_unanchored_pose-none_0095,dram,unanchored,none,medium,False,2,30,-1
dram_unanchored_pose-none_0095,dram,unanchored,none,medium,False,4,30,-1
dram_unanchored_pose-none_0095,dram,unanchored,none,medium,False,8,30,-1
dram_unanchored_pose-none_0095,dram,unanchored,none,medium,False,16,30,-1
dram_unanchored_pose-none_0095,dram,unanchored,none,medium,True,2,30,-1
dram_unanchored_pose-none_0095,dram,unanchored,none,medium,True,4,30,-1
dram_unanchored_pose-none_0095,dram,unanchored,none,medium,True,8,30,-1
dram_unanchored_pose-none_0095,dram,unanchored,none,medium,True,16,30,-1
dram_unanchored_pose-none_0096,dram,unanchored,none,medium,False,2,30,-1
dram_unanchored_pose-none_0096,dram,unanchored,none,medium,False,4,30,-1
dram_unanchored_pose-none_0096,dram,unanchored,none,medium,False,8,30,-1
dram_unanchored_pose-none_0096,dram,unanchored,none,medium,False,16,30,-1
dram_unanchored_pose-none_0096,dram,unanchored,none,medium,True,2,30,-1
dram_unanchored_pose-none_0096,dram,unanchored,none,medium,True,4,30,-1
dram_unanchored_pose-none_0096,dram,unanchored,none,medium,True,8,30,-1
dram_unanchored_pose-none_0096,dram,unanchored,none,medium,True,16,30,-1
dram_unanchored_pose-none_0097,dram,unanchored,none,medium,False,2,30,-1
dram_unanchored_pose-none_0097,dram,unanchored,none,medium,False,4,30,-1
dram_unanchored_pose-none_0097,dram,unanchored,none,medium,False,8,30,-1
dram_unanchored_pose-none_0097,dram,unanchored,none,medium,False,16,30,-1
dram_unanchored_pose-none_0097,dram,unanchored,none,medium,True,2,30,-1
dram_unanchored_pose-none_0097,dram,unanchored,none,medium,True,4,30,-1
dram_unanchored_pose-none_0097,dram,unanchored,none,medium,True,8,30,-1
dram_unanchored_pose-none_0097,dram,unanchored,none,medium,True,16,30,-1
dram_unanchored_pose-none_0098,dram,unanchored,none,medium,False,2,30,-1
dram_unanchored_pose-none_0098,dram,unanchored,none,medium,False,4,30,-1
dram_unanchored_pose-none_0098,dram,unanchored,none,medium,False,8,30,-1
dram_unanchored_pose-none_0098,dram,unanchored,none,medium,False,16,30,-1
dram_unanchored_pose-none_0098,dram,unanchored,none,medium,True,2,30,-1
dram_unanchored_pose-none_0098,dram,unanchored,none,medium,True,4,30,-1
dram_unanchored_pose-none_0098,dram,unanchored,none,medium,True,8,30,-1
dram_unanchored_pose-none_0098,dram,unanchored,none,medium,True,16,30,-1
dram_unanchored_pose-none_0099,dram,unanchored,none,high,False,2,30,-1
dram_unanchored_pose-none_0099,dram,unanchored,none,high,False,4,30,-1
dram_unanchored_pose-none_0099,dram,unanchored,none,high,False,8,30,-1
dram_unanchored_pose-none_0099,dram,unanchored,none,high,False,16,30,-1
dram_unanchored_pose-none_0099,dram,unanchored,none,high,True,2,30,-1
dram_unanchored_pose-none_0099,dram,unanchored,none,high,True,4,30,-1
dram_unanchored_pose-none_0099,dram,unanchored,none,high,True,8,30,-1
dram_unanchored_pose-none_0099,dram,unanchored,none,high,True,16,30,-1
dram_unanchored_pose-none_0100,dram,unanchored,none,high,False,2,30,-1
dram_unanchored_pose-none_0100,dram,unanchored,none,high,False,4,30,-1
dram_unanchored_pose-none_0100,dram,unanchored,none,high,False,8,30,-1
dram_unanchored_pose-none_0100,dram,unanchored,none,high,False,16,30,-1
dram_unanchored_pose-none_0100,dram,unanchored,none,high,True,2,30,-1
dram_unanchored_pose-none_0100,dram,unanchored,none,high,True,4,30,-1
dram_unanchored_pose-none_0100,dram,unanchored,none,high,True,8,30,-1
dram_unanchored_pose-none_0100,dram,unanchored,none,high,True,16,30,-1
dram_unanchored_pose-none_0101,dram,unanchored,none,high,False,2,30,-1
dram_unanchored_pose-none_0101,dram,unanchored,none,high,False,4,30,-1
dram_unanchored_pose-none_0101,dram,unanchored,none,high,False,8,30,-1
dram_unanchored_pose-none_0101,dram,unanchored,none,high,False,16,30,-1
dram_unanchored_pose-none_0101,dram,unanchored,none,high,True,2,30,-1
dram_unanchored_pose-none_0101,dram,unanchored,none,high,True,4,30,-1
dram_unanchored_pose-none_0101,dram,unanchored,none,high,True,8,30,-1
dram_unanchored_pose-none_0101,dram,unanchored,none,high,True,16,30,-1
dram_unanchored_pose-none_0102,dram,unanchored,none,high,False,2,30,-1
dram_unanchored_pose-none_0102,dram,unanchored,none,high,False,4,30,-1
dram_unanchored_pose-none_0102,dram,unanchored,none,high,False,8,30,-1
dram_unanchored_pose-none_0102,dram,unanchored,none,high,False,16,30,-1
dram_unanchored_pose-none_0102,dram,unanchored,none,high,True,2,30,-1
dram_unanchored_pose-none_0102,dram,unanchored,none,high,True,4,30,-1
dram_unanchored_pose-none_0102,dram,unanchored,none,high,True,8,30,-1
dram_unanchored_pose-none_0102,dram,unanchored,none,high,True,16,30,-1
dram_unanchored_pose-none_0103,dram,unanchored,none,high,False,2,30,-1
dram_unanchored_pose-none_0103,dram,unanchored,none,high,False,4,30,-1
dram_unanchored_pose-none_0103,dram,unanchored,none,high,False,8,30,-1
dram_unanchored_pose-none_0103,dram,unanchored,none,high,False,16,30,-1
dram_unanchored_pose-none_0103,dram,unanchored,none,high,True,2,30,-1
dram_unanchored_pose-none_0103,dram,unanchored,none,high,True,4,30,-1
dram_unanchored_pose-none_0103,dram,unanchored,none,high,True,8,30,-1
dram_unanchored_pose-none_0103,dram,unanchored,none,high,True,16,30,-1
dram_unanchored_pose-none_0104,dram,unanchored,none,high,False,2,30,-1
dram_unanchored_pose-none_0104,dram,unanchored,none,high,False,4,30,-1
dram_unanchored_pose-none_0104,dram,unanchored,none,high,False,8,30,-1
dram_unanchored_pose-none_0104,dram,unanchored,none,high,False,16,30,-1
dram_unanchored_pose-none_0104,dram,unanchored,none,high,True,2,30,-1
dram_unanchored_pose-none_0104,dram,unanchored,none,high,True,4,30,-1
dram_unanchored_pose-none_0104,dram,unanchored,none,high,True,8,30,-1
dram_unanchored_pose-none_0104,dram,unanchored,none,high,True,16,30,-1
dram_unanchored_pose-none_0105,dram,unanchored,none,high,False,2,30,-1
dram_unanchored_pose-none_0105,dram,unanchored,none,high,False,4,30,-1
dram_unanchored_pose-none_0105,dram,unanchored,none,high,False,8,30,-1
dram_unanchored_pose-none_0105,dram,unanchored,none,high,False,16,30,-1
dram_unanchored_pose-none_0105,dram,unanchored,none,high,True,2,30,-1
dram_unanchored_pose-none_0105,dram,unanchored,none,high,True,4,30,-1
dram_unanchored_pose-none_0105,dram,unanchored,none,high,True,8,30,-1
dram_unanchored_pose-none_0105,dram,unanchored,none,high,True,16,30,-1
dram_unanchored_pose-none_0106,dram,unanchored,none,high,False,2,30,-1
dram_unanchored_pose-none_0106,dram,unanchored,none,high,False,4,30,-1
dram_unanchored_pose-none_0106,dram,unanchored,none,high,False,8,30,-1
dram_unanchored_pose-none_0106,dram,unanchored,none,high,False,16,30,-1
dram_unanchored_pose-none_0106,dram,unanchored,none,high,True,2,30,-1
dram_unanchored_pose-none_0106,dram,unanchored,none,high,True,4,30,-1
dram_unanchored_pose-none_0106,dram,unanchored,none,high,True,8,30,-1
dram_unanchored_pose-none_0106,dram,unanchored,none,high,True,16,30,-1
dram_unanchored_pose-none_0107,dram,unanchored,none,high,False,2,30,-1
dram_unanchored_pose-none_0107,dram,unanchored,none,high,False,4,30,-1
dram_unanchored_pose-none_0107,dram,unanchored,none,high,False,8,30,-1
dram_unanchored_pose-none_0107,dram,unanchored,none,high,False,16,30,-1
dram_unanchored_pose-none_0107,dram,unanchored,none,high,True,2,30,-1
dram_unanchored_pose-none_0107,dram,unanchored,none,high,True,4,30,-1
dram_unanchored_pose-none_0107,dram,unanchored,none,high,True,8,30,-1
dram_unanchored_pose-none_0107,dram,unanchored,none,high,True,16,30,-1
dram_unanchored_pose-small_0108,dram,unanchored,small,low,False,2,30,-1
dram_unanchored_pose-small_0108,dram,unanchored,small,low,False,4,30,-1
dram_unanchored_pose-small_0108,dram,unanchored,small,low,False,8,30,-1
dram_unanchored_pose-small_0108,dram,unanchored,small,low,False,16,30,-1
dram_unanchored_pose-small_0108,dram,unanchored,small,low,True,2,30,-1
dram_unanchored_pose-small_0108,dram,unanchored,small,low,True,4,30,-1
dram_unanchored_pose-small_0108,dram,unanchored,small,low,True,8,30,-1
dram_unanchored_pose-small_0108,dram,unanchored,small,low,True,16,30,-1
dram_unanchored_pose-small_0109,dram,unanchored,small,low,False,2,30,-1
dram_unanchored_pose-small_0109,dram,unanchored,small,low,False,4,30,-1
dram_unanchored_pose-small_0109,dram,unanchored,small,low,False,8,30,-1
dram_unanchored_pose-small_0109,dram,unanchored,small,low,False,16,30,-1
dram_unanchored_pose-small_0109,dram,unanchored,small,low,True,2,30,-1
dram_unanchored_pose-small_0109,dram,unanchored,small,low,True,4,30,-1
dram_unanchored_pose-small_0109,dram,unanchored,small,low,True,8,30,-1
dram_unanchored_pose-small_0109,dram,unanchored,small,low,True,16,30,-1
dram_unanchored_pose-small_0110,dram,unanchored,small,low,False,2,30,-1
dram_unanchored_pose-small_0110,dram,unanchored,small,low,False,4,30,-1
dram_unanchored_pose-small_0110,dram,unanchored,small,low,False,8,30,-1
dram_unanchored_pose-small_0110,dram,unanchored,small,low,False,16,30,-1
dram_unanchored_pose-small_0110,dram,unanchored,small,low,True,2,30,-1
dram_unanchored_pose-small_0110,dram,unanchored,small,low,True,4,30,-1
dram_unanchored_pose-small_0110,dram,unanchored,small,low,True,8,30,-1
dram_unanchored_pose-small_0110,dram,unanchored,small,low,True,16,30,-1
dram_unanchored_pose-small_0111,dram,unanchored,small,low,False,2,30,-1
dram_unanchored_pose-small_0111,dram,unanchored,small,low,False,4,30,-1
dram_unanchored_pose-small_0111,dram,unanchored,small,low,False,8,30,-1
dram_unanchored_pose-small_0111,dram,unanchored,small,low,False,16,30,-1
dram_unanchored_pose-small_0111,dram,unanchored,small,low,True,2,30,-1
dram_unanchored_pose-small_0111,dram,unanchored,small,low,True,4,30,-1
dram_unanchored_pose-small_0111,dram,unanchored,small,low,True,8,30,-1
dram_unanchored_pose-small_0111,dram,unanchored,small,low,True,16,30,-1
dram_unanchored_pose-small_0112,dram,unanchored,small,low,False,2,30,-1
dram_unanchored_pose-small_0112,dram,unanchored,small,low,False,4,30,-1
dram_unanchored_pose-small_0112,dram,unanchored,small,low,False,8,30,-1
dram_unanchored_pose-small_0112,dram,unanchored,small,low,False,16,30,-1
dram_unanchored_pose-small_0112,dram,unanchored,small,low,True,2,30,-1
dram_unanchored_pose-small_0112,dram,unanchored,small,low,True,4,30,-1
dram_unanchored_pose-small_0112,dram,unanchored,small,low,True,8,30,-1
dram_unanchored_pose-small_0112,dram,unanchored,small,low,True,16,30,-1
dram_unanchored_pose-small_0113,dram,unanchored,small,low,False,2,30,-1
dram_unanchored_pose-small_0113,dram,unanchored,small,low,False,4,30,-1
dram_unanchored_pose-small_0113,dram,unanchored,small,low,False,8,30,-1
dram_unanchored_pose-small_0113,dram,unanchored,small,low,False,16,30,-1
dram_unanchored_pose-small_0113,dram,unanchored,small,low,True,2,30,-1
dram_unanchored_pose-small_0113,dram,unanchored,small,low,True,4,30,-1
dram_unanchored_pose-small_0113,dram,unanchored,small,low,True,8,30,-1
dram_unanchored_pose-small_0113,dram,unanchored,small,low,True,16,30,-1
dram_unanchored_pose-small_0114,dram,unanchored,small,low,False,2,30,-1
dram_unanchored_pose-small_0114,dram,unanchored,small,low,False,4,30,-1
dram_unanchored_pose-small_0114,dram,unanchored,small,low,False,8,30,-1
dram_unanchored_pose-small_0114,dram,unanchored,small,low,False,16,30,-1
dram_unanchored_pose-small_0114,dram,unanchored,small,low,True,2,30,-1
dram_unanchored_pose-small_0114,dram,unanchored,small,low,True,4,30,-1
dram_unanchored_pose-small_0114,dram,unanchored,small,low,True,8,30,-1
dram_unanchored_pose-small_0114,dram,unanchored,small,low,True,16,30,-1
dram_unanchored_pose-small_0115,dram,unanchored,small,low,False,2,30,-1
dram_unanchored_pose-small_0115,dram,unanchored,small,low,False,4,30,-1
dram_unanchored_pose-small_0115,dram,unanchored,small,low,False,8,30,-1
dram_unanchored_pose-small_0115,dram,unanchored,small,low,False,16,30,-1
dram_unanchored_pose-small_0115,dram,unanchored,small,low,True,2,30,-1
dram_unanchored_pose-small_0115,dram,unanchored,small,low,True,4,30,-1
dram_unanchored_pose-small_0115,dram,unanchored,small,low,True,8,30,-1
dram_unanchored_pose-small_0115,dram,unanchored,small,low,True,16,30,-1
dram_unanchored_pose-small_0116,dram,unanchored,small,low,False,2,30,-1
dram_unanchored_pose-small_0116,dram,unanchored,small,low,False,4,30,-1
dram_unanchored_pose-small_0116,dram,unanchored,small,low,False,8,30,-1
dram_unanchored_pose-small_0116,dram,unanchored,small,low,False,16,30,-1
dram_unanchored_pose-small_0116,dram,unanchored,small,low,True,2,30,-1
dram_unanchored_pose-small_0116,dram,unanchored,small,low,True,4,30,-1
dram_unanchored_pose-small_0116,dram,unanchored,small,low,True,8,30,-1
dram_unanchored_pose-small_0116,dram,unanchored,small,low,True,16,30,-1
dram_unanchored_pose-small_0117,dram,unanchored,small,medium,False,2,30,-1
dram_unanchored_pose-small_0117,dram,unanchored,small,medium,False,4,30,-1
dram_unanchored_pose-small_0117,dram,unanchored,small,medium,False,8,30,-1
dram_unanchored_pose-small_0117,dram,unanchored,small,medium,False,16,30,-1
dram_unanchored_pose-small_0117,dram,unanchored,small,medium,True,2,30,-1
dram_unanchored_pose-small_0117,dram,unanchored,small,medium,True,4,30,-1
dram_unanchored_pose-small_0117,dram,unanchored,small,medium,True,8,30,-1
dram_unanchored_pose-small_0117,dram,unanchored,small,medium,True,16,30,-1
dram_unanchored_pose-small_0118,dram,unanchored,small,medium,False,2,30,-1
dram_unanchored_pose-small_0118,dram,unanchored,small,medium,False,4,30,-1
dram_unanchored_pose-small_0118,dram,unanchored,small,medium,False,8,30,-1
dram_unanchored_pose-small_0118,dram,unanchored,small,medium,False,16,30,-1
dram_unanchored_pose-small_0118,dram,unanchored,small,medium,True,2,30,-1
dram_unanchored_pose-small_0118,dram,unanchored,small,medium,True,4,30,-1
dram_unanchored_pose-small_0118,dram,unanchored,small,medium,True,8,30,-1
dram_unanchored_pose-small_0118,dram,unanchored,small,medium,True,16,30,-1
dram_unanchored_pose-small_0119,dram,unanchored,small,medium,False,2,30,-1
dram_unanchored_pose-small_0119,dram,unanchored,small,medium,False,4,30,-1
dram_unanchored_pose-small_0119,dram,unanchored,small,medium,False,8,30,-1
dram_unanchored_pose-small_0119,dram,unanchored,small,medium,False,16,30,-1
dram_unanchored_pose-small_0119,dram,unanchored,small,medium,True,2,30,-1
dram_unanchored_pose-small_0119,dram,unanchored,small,medium,True,4,30,-1
dram_unanchored_pose-small_0119,dram,unanchored,small,medium,True,8,30,-1
dram_unanchored_pose-small_0119,dram,unanchored,small,medium,True,16,30,-1
dram_unanchored_pose-small_0120,dram,unanchored,small,medium,False,2,30,-1
dram_unanchored_pose-small_0120,dram,unanchored,small,medium,False,4,30,-1
dram_unanchored_pose-small_0120,dram,unanchored,small,medium,False,8,30,-1
dram_unanchored_pose-small_0120,dram,unanchored,small,medium,False,16,30,-1
dram_unanchored_pose-small_0120,dram,unanchored,small,medium,True,2,30,-1
dram_unanchored_pose-small_0120,dram,unanchored,small,medium,True,4,30,-1
dram_unanchored_pose-small_0120,dram,unanchored,small,medium,True,8,30,-1
dram_unanchored_pose-small_0120,dram,unanchored,small,medium,True,16,30,-1
dram_unanchored_pose-small_0121,dram,unanchored,small,medium,False,2,30,30
dram_unanchored_pose-small_0121,dram,unanchored,small,medium,False,4,30,30
dram_unanchored_pose-small_0121,dram,unanchored,small,medium,False,8,30,30
dram_unanchored_pose-small_0121,dram,unanchored,small,medium,False,16,30,30
dram_unanchored_pose-small_0121,dram,unanchored,small,medium,True,2,30,25
dram_unanchored_pose-small_0121,dram,unanchored,small,medium,True,4,30,25
dram_unanchored_pose-small_0121,dram,unanchored,small,medium,True,8,30,25
dram_unanchored_pose-small_0121,dram,unanchored,small,medium,True,16,30,25
dram_unanchored_pose-small_0122,dram,unanchored,small,medium,False,2,30,-1
dram_unanchored_pose-small_0122,dram,unanchored,small,medium,False,4,30,-1
dram_unanchored_pose-small_0122,dram,unanchored,small,medium,False,8,30,-1
dram_unanchored_pose-small_0122,dram,unanchored,small,medium,False,16,30,-1
dram_unanchored_pose-small_0122,dram,unanchored,small,medium,True,2,30,-1
dram_unanchored_pose-small_0122,dram,unanchored,small,medium,True,4,30,-1
dram_unanchored_pose-small_0122,dram,unanchored,small,medium,True,8,30,-1
dram_unanchored_pose-small_0122,dram,unanchored,small,medium,True,16,30,-1
dram_unanchored_pose-small_0123,dram,unanchored,small,medium,False,2,30,-1
dram_unanchored_pose-small_0123,dram,unanchored,small,medium,False,4,30,-1
dram_unanchored_pose-small_0123,dram,unanchored,small,medium,False,8,30,-1
dram_unanchored_pose-small_0123,dram,unanchored,small,medium,False,16,30,-1
dram_unanchored_pose-small_0123,dram,unanchored,small,medium,True,2,30,-1
dram_unanchored_pose-small_0123,dram,unanchored,small,medium,True,4,30,-1
dram_unanchored_pose-small_0123,dram,unanchored,small,medium,True,8,30,-1
dram_unanchored_pose-small_0123,dram,unanchored,small,medium,True,16,30,-1
dram_unanchored_pose-small_0124,dram,unanchored,small,medium,False,2,30,-1
dram_unanchored_pose-small_0124,dram,unanchored,small,medium,False,4,30,-1
dram_unanchored_pose-small_0124,dram,unanchored,small,medium,False,8,30,-1
dram_unanchored_pose-small_0124,dram,unanchored,small,medium,False,16,30,-1
dram_unanchored_pose-small_0124,dram,unanchored,small,medium,True,2,30,-1
dram_unanchored_pose-small_0124,dram,unanchored,small,medium,True,4,30,-1
dram_unanchored_pose-small_0124,dram,unanchored,small,medium,True,8,30,-1
dram_unanchored_pose-small_0124,dram,unanchored,small,medium,True,16,30,-1
dram_unanchored_pose-small_0125,dram,unanchored,small,medium,False,2,30,-1
dram_unanchored_pose-small_0125,dram,unanchored,small,medium,False,4,30,-1
dram_unanchored_pose-small_0125,dram,unanchored,small,medium,False,8,30,-1
dram_unanchored_pose-small_0125,dram,unanchored,small,medium,False,16,30,-1
dram_unanchored_pose-small_0125,dram,unanchored,small,medium,True,2,30,-1
dram_unanchored_pose-small_0125,dram,unanchored,small,medium,True,4,30,-1
dram_unanchored_pose-small_0125,dram,unanchored,small,medium,True,8,30,-1
dram_unanchored_pose-small_0125,dram,unanchored,small,medium,True,16,30,-1
dram_unanchored_pose-small_0126,dram,unanchored,small,high,False,2,30,-1
dram_unanchored_pose-small_0126,dram,unanchored,small,high,False,4,30,-1
dram_unanchored_pose-small_0126,dram,unanchored,small,high,False,8,30,-1
dram_unanchored_pose-small_0126,dram,unanchored,small,high,False,16,30,-1
dram_unanchored_pose-small_0126,dram,unanchored,small,high,True,2,30,-1
dram_unanchored_pose-small_0126,dram,unanchored,small,high,True,4,30,-1
dram_unanchored_pose-small_0126,dram,unanchored,small,high,True,8,30,-1
dram_unanchored_pose-small_0126,dram,unanchored,small,high,True,16,30,-1
dram_unanchored_pose-small_0127,dram,unanchored,small,high,False,2,30,-1
dram_unanchored_pose-small_0127,dram,unanchored,small,high,False,4,30,-1
dram_unanchored_pose-small_0127,dram,unanchored,small,high,False,8,30,-1
dram_unanchored_pose-small_0127,dram,unanchored,small,high,False,16,30,-1
dram_unanchored_pose-small_0127,dram,unanchored,small,high,True,2,30,-1
dram_unanchored_pose-small_0127,dram,unanchored,small,high,True,4,30,-1
dram_unanchored_pose-small_0127,dram,unanchored,small,high,True,8,30,-1
dram_unanchored_pose-small_0127,dram,unanchored,small,high,True,16,30,-1
dram_unanchored_pose-small_0128,dram,unanchored,small,high,False,2,30,-1
dram_unanchored_pose-small_0128,dram,unanchored,small,high,False,4,30,-1
dram_unanchored_pose-small_0128,dram,unanchored,small,high,False,8,30,-1
dram_unanchored_pose-small_0128,dram,unanchored,small,high,False,16,30,-1
dram_unanchored_pose-small_0128,dram,unanchored,small,high,True,2,30,-1
dram_unanchored_pose-small_0128,dram,unanchored,small,high,True,4,30,-1
dram_unanchored_pose-small_0128,dram,unanchored,small,high,True,8,30,-1
dram_unanchored_pose-small_0128,dram,unanchored,small,high,True,16,30,-1
dram_unanchored_pose-small_0129,dram,unanchored,small,high,False,2,30,-1
dram_unanchored_pose-small_0129,dram,unanchored,small,high,False,4,30,-1
dram_unanchored_pose-small_0129,dram,unanchored,small,high,False,8,30,-1
dram_unanchored_pose-small_0129,dram,unanchored,small,high,False,16,30,-1
dram_unanchored_pose-small_0129,dram,unanchored,small,high,True,2,30,-1
dram_unanchored_pose-small_0129,dram,unanchored,small,high,True,4,30,-1
dram_unanchored_pose-small_0129,dram,unanchored,small,high,True,8,30,-1
dram_unanchored_pose-small_0129,dram,unanchored,small,high,True,16,30,-1
dram_unanchored_pose-small_0130,dram,unanchored,small,high,False,2,30,-1
dram_unanchored_pose-small_0130,dram,unanchored,small,high,False,4,30,-1
dram_unanchored_pose-small_0130,dram,unanchored,small,high,False,8,30,-1
dram_unanchored_pose-small_0130,dram,unanchored,small,high,False,16,30,-1
dram_unanchored_pose-small_0130,dram,unanchored,small,high,True,2,30,-1
dram_unanchored_pose-small_0130,dram,unanchored,small,high,True,4,30,-1
dram_unanchored_pose-small_0130,dram,unanchored,small,high,True,8,30,-1
dram_unanchored_pose-small_0130,dram,unanchored,small,high,True,16,30,-1
dram_unanchored_pose-small_0131,dram,unanchored,small,high,False,2,30,-1
dram_unanchored_pose-small_0131,dram,unanchored,small,high,False,4,30,-1
dram_unanchored_pose-small_0131,dram,unanchored,small,high,False,8,30,-1
dram_unanchored_pose-small_0131,dram,unanchored,small,high,False,16,30,-1
dram_unanchored_pose-small_0131,dram,unanchored,small,high,True,2,30,-1
dram_unanchored_pose-small_0131,dram,unanchored,small,high,True,4,30,-1
dram_unanchored_pose-small_0131,dram,unanchored,small,high,True,8,30,-1
dram_unanchored_pose-small_0131,dram,unanchored,small,high,True,16,30,-1
dram_unanchored_pose-small_0132,dram,unanchored,small,high,False,2,30,-1
dram_unanchored_pose-small_0132,dram,unanchored,small,high,False,4,30,-1
dram_unanchored_pose-small_0132,dram,unanchored,small,high,False,8,30,-1
dram_unanchored_pose-small_0132,dram,unanchored,small,high,False,16,30,-1
dram_unanchored_pose-small_0132,dram,unanchored,small,high,True,2,30,-1
dram_unanchored_pose-small_0132,dram,unanchored,small,high,True,4,30,-1
dram_unanchored_pose-small_0132,dram,unanchored,small,high,True,8,30,-1
dram_unanchored_pose-small_0132,dram,unanchored,small,high,True,16,30,-1
dram_unanchored_pose-small_0133,dram,unanchored,small,high,False,2,30,-1
dram_unanchored_pose-small_0133,dram,unanchored,small,high,False,4,30,-1
dram_unanchored_pose-small_0133,dram,unanchored,small,high,False,8,30,-1
dram_unanchored_pose-small_0133,dram,unanchored,small,high,False,16,30,-1
dram_unanchored_pose-small_0133,dram,unanchored,small,high,True,2,30,-1
dram_unanchored_pose-small_0133,dram,unanchored,small,high,True,4,30,-1
dram_unanchored_pose-small_0133,dram,unanchored,small,high,True,8,30,-1
dram_unanchored_pose-small_0133,dram,unanchored,small,high,True,16,30,-1
dram_unanchored_pose-small_0134,dram,unanchored,small,high,False,2,30,-1
dram_unanchored_pose-small_0134,dram,unanchored,small,high,False,4,30,-1
dram_unanchored_pose-small_0134,dram,unanchored,small,high,False,8,30,-1
dram_unanchored_pose-small_0134,dram,unanchored,small,high,False,16,30,-1
dram_unanchored_pose-small_0134,dram,unanchored,small,high,True,2,30,-1
dram_unanchored_pose-small_0134,dram,unanchored,small,high,True,4,30,-1
dram_unanchored_pose-small_0134,dram,unanchored,small,high,True,8,30,-1
dram_unanchored_pose-small_0134,dram,unanchored,small,high,True,16,30,-1
dram_unanchored_pose-large_0135,dram,unanchored,large,low,False,2,30,-1
dram_unanchored_pose-large_0135,dram,unanchored,large,low,False,4,30,-1
dram_unanchored_pose-large_0135,dram,unanchored,large,low,False,8,30,-1
dram_unanchored_pose-large_0135,dram,unanchored,large,low,False,16,30,-1
dram_unanchored_pose-large_0135,dram,unanchored,large,low,True,2,30,-1
dram_unanchored_pose-large_0135,dram,unanchored,large,low,True,4,30,-1
dram_unanchored_pose-large_0135,dram,unanchored,large,low,True,8,30,-1
dram_unanchored_pose-large_0135,dram,unanchored,large,low,True,16,30,-1
dram_unanchored_pose-large_0136,dram,unanchored,large,low,False,2,30,-1
dram_unanchored_pose-large_0136,dram,unanchored,large,low,False,4,30,-1
dram_unanchored_pose-large_0136,dram,unanchored,large,low,False,8,30,-1
dram_unanchored_pose-large_0136,dram,unanchored,large,low,False,16,30,-1
dram_unanchored_pose-large_0136,dram,unanchored,large,low,True,2,30,-1
dram_unanchored_pose-large_0136,dram,unanchored,large,low,True,4,30,-1
dram_unanchored_pose-large_0136,dram,unanchored,large,low,True,8,30,-1
dram_unanchored_pose-large_0136,dram,unanchored,large,low,True,16,30,-1
dram_unanchored_pose-large_0137,dram,unanchored,large,low,False,2,30,-1
dram_unanchored_pose-large_0137,dram,unanchored,large,low,False,4,30,-1
dram_unanchored_pose-large_0137,dram,unanchored,large,low,False,8,30,-1
dram_unanchored_pose-large_0137,dram,unanchored,large,low,False,16,30,-1
dram_unanchored_pose-large_0137,dram,unanchored,large,low,True,2,30,-1
dram_unanchored_pose-large_0137,dram,unanchored,large,low,True,4,30,-1
dram_unanchored_pose-large_0137,dram,unanchored,large,low,True,8,30,-1
dram_unanchored_pose-large_0137,dram,unanchored,large,low,True,16,30,-1
dram_unanchored_pose-large_0138,dram,unanchored,large,low,False,2,30,-1
dram_unanchored_pose-large_0138,dram,unanchored,large,low,False,4,30,-1
dram_unanchored_pose-large_0138,dram,unanchored,large,low,False,8,30,-1
dram_unanchored_pose-large_0138,dram,unanchored,large,low,False,16,30,-1
dram_unanchored_pose-large_0138,dram,unanchored,large,low,True,2,30,-1
dram_unanchored_pose-large_0138,dram,unanchored,large,low,True,4,30,-1
dram_unanchored_pose-large_0138,dram,unanchored,large,low,True,8,30,-1
dram_unanchored_pose-large_0138,dram,unanchored,large,low,True,16,30,-1
dram_unanchored_pose-large_0139,dram,unanchored,large,low,False,2,30,-1
dram_unanchored_pose-large_0139,dram,unanchored,large,low,False,4,30,-1
dram_unanchored_pose-large_0139,dram,unanchored,large,low,False,8,30,-1
dram_unanchored_pose-large_0139,dram,unanchored,large,low,False,16,30,-1
dram_unanchored_pose-large_0139,dram,unanchored,large,low,True,2,30,-1
dram_unanchored_pose-large_0139,dram,unanchored,large,low,True,4,30,-1
dram_unanchored_pose-large_0139,dram,unanchored,large,low,True,8,30,-1
dram_unanchored_pose-large_0139,dram,unanchored,large,low,True,16,30,-1
dram_unanchored_pose-large_0140,dram,unanchored,large,low,False,2,30,-1
dram_unanchored_pose-large_0140,dram,unanchored,large,low,False,4,30,-1
dram_unanchored_pose-large_0140,dram,unanchored,large,low,False,8,30,-1
dram_unanchored_pose-large_0140,dram,unanchored,large,low,False,16,30,-1
dram_unanchored_pose-large_0140,dram,unanchored,large,low,True,2,30,-1
dram_unanchored_pose-large_0140,dram,unanchored,large,low,True,4,30,-1
dram_unanchored_pose-large_0140,dram,unanchored,large,low,True,8,30,-1
dram_unanchored_pose-large_0140,dram,unanchored,large,low,True,16,30,-1
dram_unanchored_pose-large_0141,dram,unanchored,large,low,False,2,30,-1
dram_unanchored_pose-large_0141,dram,unanchored,large,low,False,4,30,-1
dram_unanchored_pose-large_0141,dram,unanchored,large,low,False,8,30,-1
dram_unanchored_pose-large_0141,dram,unanchored,large,low,False,16,30,-1
dram_unanchored_pose-large_0141,dram,unanchored,large,low,True,2,30,-1
dram_unanchored_pose-large_0141,dram,unanchored,large,low,True,4,30,-1
dram_unanchored_pose-large_0141,dram,unanchored,large,low,True,8,30,-1
dram_unanchored_pose-large_0141,dram,unanchored,large,low,True,16,30,-1
dram_unanchored_pose-large_0142,dram,unanchored,large,low,False,2,30,-1
dram_unanchored_pose-large_0142,dram,unanchored,large,low,False,4,30,-1
dram_unanchored_pose-large_0142,dram,unanchored,large,low,False,8,30,-1
dram_unanchored_pose-large_0142,dram,unanchored,large,low,False,16,30,-1
dram_unanchored_pose-large_0142,dram,unanchored,large,low,True,2,30,-1
dram_unanchored_pose-large_0142,dram,unanchored,large,low,True,4,30,-1
dram_unanchored_pose-large_0142,dram,unanchored,large,low,True,8,30,-1
dram_unanchored_pose-large_0142,dram,unanchored,large,low,True,16,30,-1
dram_unanchored_pose-large_0143,dram,unanchored,large,low,False,2,30,-1
dram_unanchored_pose-large_0143,dram,unanchored,large,low,False,4,30,-1
dram_unanchored_pose-large_0143,dram,unanchored,large,low,False,8,30,-1
dram_unanchored_pose-large_0143,dram,unanchored,large,low,False,16,30,-1
dram_unanchored_pose-large_0143,dram,unanchored,large,low,True,2,30,-1
dram_unanchored_pose-large_0143,dram,unanchored,large,low,True,4,30,-1
dram_unanchored_pose-large_0143,dram,unanchored,large,low,True,8,30,-1
dram_unanchored_pose-large_0143,dram,unanchored,large,low,True,16,30,-1
dram_unanchored_pose-large_0144,dram,unanchored,large,medium,False,2,30,-1
dram_unanchored_pose-large_0144,dram,unanchored,large,medium,False,4,30,-1
dram_unanchored_pose-large_0144,dram,unanchored,large,medium,False,8,30,-1
dram_unanchored_pose-large_0144,dram,unanchored,large,medium,False,16,30,-1
dram_unanchored_pose-large_0144,dram,unanchored,large,medium,True,2,30,-1
dram_unanchored_pose-large_0144,dram,unanchored,large,medium,True,4,30,-1
dram_unanchored_pose-large_0144,dram,unanchored,large,medium,True,8,30,-1
dram_unanchored_pose-large_0144,dram,unanchored,large,medium,True,16,30,-1
dram_unanchored_pose-large_0145,dram,unanchored,large,medium,False,2,30,-1
dram_unanchored_pose-large_0145,dram,unanchored,large,medium,False,4,30,-1
dram_unanchored_pose-large_0145,dram,unanchored,large,medium,False,8,30,-1
dram_unanchored_pose-large_0145,dram,unanchored,large,medium,False,16,30,-1
dram_unanchored_pose-large_0145,dram,unanchored,large,medium,True,2,30,-1
dram_unanchored_pose-large_0145,dram,unanchored,large,medium,True,4,30,-1
dram_unanchored_pose-large_0145,dram,unanchored,large,medium,True,8,30,-1
dram_unanchored_pose-large_0145,dram,unanchored,large,medium,True,16,30,-1
dram_unanchored_pose-large_0146,dram,unanchored,large,medium,False,2,30,-1
dram_unanchored_pose-large_0146,dram,unanchored,large,medium,False,4,30,-1
dram_unanchored_pose-large_0146,dram,unanchored,large,medium,False,8,30,-1
dram_unanchored_pose-large_0146,dram,unanchored,large,medium,False,16,30,-1
dram_unanchored_pose-large_0146,dram,unanchored,large,medium,True,2,30,-1
dram_unanchored_pose-large_0146,dram,unanchored,large,medium,True,4,30,-1
dram_unanchored_pose-large_0146,dram,unanchored,large,medium,True,8,30,-1
dram_unanchored_pose-large_0146,dram,unanchored,large,medium,True,16,30,-1
dram_unanchored_pose-large_0147,dram,unanchored,large,medium,False,2,30,-1
dram_unanchored_pose-large_0147,dram,unanchored,large,medium,False,4,30,-1
dram_unanchored_pose-large_0147,dram,unanchored,large,medium,False,8,30,-1
dram_unanchored_pose-large_0147,dram,unanchored,large,medium,False,16,30,-1
dram_unanchored_pose-large_0147,dram,unanchored,large,medium,True,2,30,-1
dram_unanchored_pose-large_0147,dram,unanchored,large,medium,True,4,30,-1
dram_unanchored_pose-large_0147,dram,unanchored,large,medium,True,8,30,-1
dram_unanchored_pose-large_0147,dram,unanchored,large,medium,True,16,30,-1
dram_unanchored_pose-large_0148,dram,unanchored,large,medium,False,2,30,25
dram_unanchored_pose-large_0148,dram,unanchored,large,medium,False,4,30,25
dram_unanchored_pose-large_0148,dram,unanchored,large,medium,False,8,30,25
dram_unanchored_pose-large_0148,dram,unanchored,large,medium,False,16,30,25
dram_unanchored_pose-large_0148,dram,unanchored,large,medium,True,2,30,22
dram_unanchored_pose-large_0148,dram,unanchored,large,medium,True,4,30,22
dram_unanchored_pose-large_0148,dram,unanchored,large,medium,True,8,30,22
dram_unanchored_pose-large_0148,dram,unanchored,large,medium,True,16,30,22
dram_unanchored_pose-large_0149,dram,unanchored,large,medium,False,2,30,-1
dram_unanchored_pose-large_0149,dram,unanchored,large,medium,False,4,30,-1
dram_unanchored_pose-large_0149,dram,unanchored,large,medium,False,8,30,-1
dram_unanchored_pose-large_0149,dram,unanchored,large,medium,False,16,30,-1
dram_unanchored_pose-large_0149,dram,unanchored,large,medium,True,2,30,-1
dram_unanchored_pose-large_0149,dram,unanchored,large,medium,True,4,30,-1
dram_unanchored_pose-large_0149,dram,unanchored,large,medium,True,8,30,-1
dram_unanchored_pose-large_0149,dram,unanchored,large,medium,True,16,30,-1
dram_unanchored_pose-large_0150,dram,unanchored,large,medium,False,2,30,-1
dram_unanchored_pose-large_0150,dram,unanchored,large,medium,False,4,30,-1
dram_unanchored_pose-large_0150,dram,unanchored,large,medium,False,8,30,-1
dram_unanchored_pose-large_0150,dram,unanchored,large,medium,False,16,30,-1
dram_unanchored_pose-large_0150,dram,unanchored,large,medium,True,2,30,-1
dram_unanchored_pose-large_0150,dram,unanchored,large,medium,True,4,30,-1
dram_unanchored_pose-large_0150,dram,unanchored,large,medium,True,8,30,-1
dram_unanchored_pose-large_0150,dram,unanchored,large,medium,True,16,30,-1
dram_unanchored_pose-large_0151,dram,unanchored,large,medium,False,2,30,-1
dram_unanchored_pose-large_0151,dram,unanchored,large,medium,False,4,30,-1
dram_unanchored_pose-large_0151,dram,unanchored,large,medium,False,8,30,-1
dram_unanchored_pose-large_0151,dram,unanchored,large,medium,False,16,30,-1
dram_unanchored_pose-large_0151,dram,unanchored,large,medium,True,2,30,-1
dram_unanchored_pose-large_0151,dram,unanchored,large,medium,True,4,30,-1
dram_unanchored_pose-large_0151,dram,unanchored,large,medium,True,8,30,-1
dram_unanchored_pose-large_0151,dram,unanchored,large,medium,True,16,30,-1
dram_unanchored_pose-large_0152,dram,unanchored,large,medium,False,2,30,-1
dram_unanchored_pose-large_0152,dram,unanchored,large,medium,False,4,30,-1
dram_unanchored_pose-large_0152,dram,unanchored,large,medium,False,8,30,-1
dram_unanchored_pose-large_0152,dram,unanchored,large,medium,False,16,30,-1
dram_unanchored_pose-large_0152,dram,unanchored,large,medium,True,2,30,-1
dram_unanchored_pose-large_0152,dram,unanchored,large,medium,True,4,30,-1
dram_unanchored_pose-large_0152,dram,unanchored,large,medium,True,8,30,-1
dram_unanchored_pose-large_0152,dram,unanchored,large,medium,True,16,30,-1
dram_unanchored_pose-large_0153,dram,unanchored,large,high,False,2,30,-1
dram_unanchored_pose-large_0153,dram,unanchored,large,high,False,4,30,-1
dram_unanchored_pose-large_0153,dram,unanchored,large,high,False,8,30,-1
dram_unanchored_pose-large_0153,dram,unanchored,large,high,False,16,30,-1
dram_unanchored_pose-large_0153,dram,unanchored,large,high,True,2,30,-1
dram_unanchored_pose-large_0153,dram,unanchored,large,high,True,4,30,-1
dram_unanchored_pose-large_0153,dram,unanchored,large,high,True,8,30,-1
dram_unanchored_pose-large_0153,dram,unanchored,large,high,True,16,30,-1
dram_unanchored_pose-large_0154,dram,unanchored,large,high,False,2,30,-1
dram_unanchored_pose-large_0154,dram,unanchored,large,high,False,4,30,-1
dram_unanchored_pose-large_0154,dram,unanchored,large,high,False,8,30,-1
dram_unanchored_pose-large_0154,dram,unanchored,large,high,False,16,30,-1
dram_unanchored_pose-large_0154,dram,unanchored,large,high,True,2,30,-1
dram_unanchored_pose-large_0154,dram,unanchored,large,high,True,4,30,-1
dram_unanchored_pose-large_0154,dram,unanchored,large,high,True,8,30,-1
dram_unanchored_pose-large_0154,dram,unanchored,large,high,True,16,30,-1
dram_unanchored_pose-large_0155,dram,unanchored,large,high,False,2,30,-1
dram_unanchored_pose-large_0155,dram,unanchored,large,high,False,4,30,-1
dram_unanchored_pose-large_0155,dram,unanchored,large,high,False,8,30,-1
dram_unanchored_pose-large_0155,dram,unanchored,large,high,False,16,30,-1
dram_unanchored_pose-large_0155,dram,unanchored,large,high,True,2,30,-1
dram_unanchored_pose-large_0155,dram,unanchored,large,high,True,4,30,-1
dram_unanchored_pose-large_0155,dram,unanchored,large,high,True,8,30,-1
dram_unanchored_pose-large_0155,dram,unanchored,large,high,True,16,30,-1
dram_unanchored_pose-large_0156,dram,unanchored,large,high,False,2,30,-1
dram_unanchored_pose-large_0156,dram,unanchored,large,high,False,4,30,-1
dram_unanchored_pose-large_0156,dram,unanchored,large,high,False,8,30,-1
dram_unanchored_pose-large_0156,dram,unanchored,large,high,False,16,30,-1
dram_unanchored_pose-large_0156,dram,unanchored,large,high,True,2,30,-1
dram_unanchored_pose-large_0156,dram,unanchored,large,high,True,4,30,-1
dram_unanchored_pose-large_0156,dram,unanchored,large,high,True,8,30,-1
dram_unanchored_pose-large_0156,dram,unanchored,large,high,True,16,30,-1
dram_unanchored_pose-large_0157,dram,unanchored,large,high,False,2,30,-1
dram_unanchored_pose-large_0157,dram,unanchored,large,high,False,4,30,-1
dram_unanchored_pose-large_0157,dram,unanchored,large,high,False,8,30,-1
dram_unanchored_pose-large_0157,dram,unanchored,large,high,False,16,30,-1
dram_unanchored_pose-large_0157,dram,unanchored,large,high,True,2,30,-1
dram_unanchored_pose-large_0157,dram,unanchored,large,high,True,4,30,-1
dram_unanchored_pose-large_0157,dram,unanchored,large,high,True,8,30,-1
dram_unanchored_pose-large_0157,dram,unanchored,large,high,True,16,30,-1
dram_unanchored_pose-large_0158,dram,unanchored,large,high,False,2,30,-1
dram_unanchored_pose-large_0158,dram,unanchored,large,high,False,4,30,-1
dram_unanchored_pose-large_0158,dram,unanchored,large,high,False,8,30,-1
dram_unanchored_pose-large_0158,dram,unanchored,large,high,False,16,30,-1
dram_unanchored_pose-large_0158,dram,unanchored,large,high,True,2,30,-1
dram_unanchored_pose-large_0158,dram,unanchored,large,high,True,4,30,-1
dram_unanchored_pose-large_0158,dram,unanchored,large,high,True,8,30,-1
dram_unanchored_pose-large_0158,dram,unanchored,large,high,True,16,30,-1
dram_unanchored_pose-large_0159,dram,unanchored,large,high,False,2,30,-1
dram_unanchored_pose-large_0159,dram,unanchored,large,high,False,4,30,-1
dram_unanchored_pose-large_0159,dram,unanchored,large,high,False,8,30,-1
dram_unanchored_pose-large_0159,dram,unanchored,large,high,False,16,30,-1
dram_unanchored_pose-large_0159,dram,unanchored,large,high,True,2,30,-1
dram_unanchored_pose-large_0159,dram,unanchored,large,high,True,4,30,-1
dram_unanchored_pose-large_0159,dram,unanchored,large,high,True,8,30,-1
dram_unanchored_pose-large_0159,dram,unanchored,large,high,True,16,30,-1
dram_unanchored_pose-large_0160,dram,unanchored,large,high,False,2,30,-1
dram_unanchored_pose-large_0160,dram,unanchored,large,high,False,4,30,-1
dram_unanchored_pose-large_0160,dram,unanchored,large,high,False,8,30,-1
dram_unanchored_pose-large_0160,dram,unanchored,large,high,False,16,30,-1
dram_unanchored_pose-large_0160,dram,unanchored,large,high,True,2,30,-1
dram_unanchored_pose-large_0160,dram,unanchored,large,high,True,4,30,-1
dram_unanchored_pose-large_0160,dram,unanchored,large,high,True,8,30,-1
dram_unanchored_pose-large_0160,dram,unanchored,large,high,True,16,30,-1
dram_unanchored_pose-large_0161,dram,unanchored,large,high,False,2,30,-1
dram_unanchored_pose-large_0161,dram,unanchored,large,high,False,4,30,-1
dram_unanchored_pose-large_0161,dram,unanchored,large,high,False,8,30,-1
dram_unanchored_pose-large_0161,dram,unanchored,large,high,False,16,30,-1
dram_unanchored_pose-large_0161,dram,unanchored,large,high,True,2,30,-1
dram_unanchored_pose-large_0161,dram,unanchored,large,high,True,4,30,-1
dram_unanchored_pose-large_0161,dram,unanchored,large,high,True,8,30,-1
dram_unanchored_pose-large_0161,dram,unanchored,large,high,True,16,30,-1
finfet_anchored_pose-none_0162,finfet,anchored,none,low,False,2,30,1
finfet_anchored_pose-none_0162,finfet,anchored,none,low,False,4,30,1
finfet_anchored_pose-none_0162,finfet,anchored,none,low,False,8,30,1
finfet_anchored_pose-none_0162,finfet,anchored,none,low,False,16,30,1
finfet_anchored_pose-none_0162,finfet,anchored,none,low,True,2,30,1
finfet_anchored_pose-none_0162,finfet,anchored,none,low,True,4,30,1
finfet_anchored_pose-none_0162,finfet,anchored,none,low,True,8,30,1
finfet_anchored_pose-none_0162,finfet,anchored,none,low,True,16,30,1
finfet_anchored_pose-none_0163,finfet,anchored,none,low,False,2,30,1
finfet_anchored_pose-none_0163,finfet,anchored,none,low,False,4,30,1
finfet_anchored_pose-none_0163,finfet,anchored,none,low,False,8,30,1
finfet_anchored_pose-none_0163,finfet,anchored,none,low,False,16,30,1
finfet_anchored_pose-none_0163,finfet,anchored,none,low,True,2,30,1
finfet_anchored_pose-none_0163,finfet,anchored,none,low,True,4,30,1
finfet_anchored_pose-none_0163,finfet,anchored,none,low,True,8,30,1
finfet_anchored_pose-none_0163,finfet,anchored,none,low,True,16,30,1
finfet_anchored_pose-none_0164,finfet,anchored,none,low,False,2,30,1
finfet_anchored_pose-none_0164,finfet,anchored,none,low,False,4,30,1
finfet_anchored_pose-none_0164,finfet,anchored,none,low,False,8,30,1
finfet_anchored_pose-none_0164,finfet,anchored,none,low,False,16,30,1
finfet_anchored_pose-none_0164,finfet,anchored,none,low,True,2,30,1
finfet_anchored_pose-none_0164,finfet,anchored,none,low,True,4,30,1
finfet_anchored_pose-none_0164,finfet,anchored,none,low,True,8,30,1
finfet_anchored_pose-none_0164,finfet,anchored,none,low,True,16,30,1
finfet_anchored_pose-none_0165,finfet,anchored,none,low,False,2,30,1
finfet_anchored_pose-none_0165,finfet,anchored,none,low,False,4,30,1
finfet_anchored_pose-none_0165,finfet,anchored,none,low,False,8,30,1
finfet_anchored_pose-none_0165,finfet,anchored,none,low,False,16,30,1
finfet_anchored_pose-none_0165,finfet,anchored,none,low,True,2,30,1
finfet_anchored_pose-none_0165,finfet,anchored,none,low,True,4,30,1
finfet_anchored_pose-none_0165,finfet,anchored,none,low,True,8,30,1
finfet_anchored_pose-none_0165,finfet,anchored,none,low,True,16,30,1
finfet_anchored_pose-none_0166,finfet,anchored,none,low,False,2,30,1
finfet_anchored_pose-none_0166,finfet,anchored,none,low,False,4,30,1
finfet_anchored_pose-none_0166,finfet,anchored,none,low,False,8,30,1
finfet_anchored_pose-none_0166,finfet,anchored,none,low,False,16,30,1
finfet_anchored_pose-none_0166,finfet,anchored,none,low,True,2,30,1
finfet_anchored_pose-none_0166,finfet,anchored,none,low,True,4,30,1
finfet_anchored_pose-none_0166,finfet,anchored,none,low,True,8,30,1
finfet_anchored_pose-none_0166,finfet,anchored,none,low,True,16,30,1
finfet_anchored_pose-none_0167,finfet,anchored,none,low,False,2,30,1
finfet_anchored_pose-none_0167,finfet,anchored,none,low,False,4,30,1
finfet_anchored_pose-none_0167,finfet,anchored,none,low,False,8,30,1
finfet_anchored_pose-none_0167,finfet,anchored,none,low,False,16,30,1
finfet_anchored_pose-none_0167,finfet,anchored,none,low,True,2,30,1
finfet_anchored_pose-none_0167,finfet,anchored,none,low,True,4,30,1
finfet_anchored_pose-none_0167,finfet,anchored,none,low,True,8,30,1
finfet_anchored_pose-none_0167,finfet,anchored,none,low,True,16,30,1
finfet_anchored_pose-none_0168,finfet,anchored,none,low,False,2,30,1
finfet_anchored_pose-none_0168,finfet,anchored,none,low,False,4,30,1
finfet_anchored_pose-none_0168,finfet,anchored,none,low,False,8,30,1
finfet_anchored_pose-none_0168,finfet,anchored,none,low,False,16,30,1
finfet_anchored_pose-none_0168,finfet,anchored,none,low,True,2,30,1
finfet_anchored_pose-none_0168,finfet,anchored,none,low,True,4,30,1
finfet_anchored_pose-none_0168,finfet,anchored,none,low,True,8,30,1
finfet_anchored_pose-none_0168,finfet,anchored,none,low,True,16,30,1
finfet_anchored_pose-none_0169,finfet,anchored,none,low,False,2,30,1
finfet_anchored_pose-none_0169,finfet,anchored,none,low,False,4,30,1
finfet_anchored_pose-none_0169,finfet,anchored,none,low,False,8,30,1
finfet_anchored_pose-none_0169,finfet,anchored,none,low,False,16,30,1
finfet_anchored_pose-none_0169,finfet,anchored,none,low,True,2,30,1
finfet_anchored_pose-none_0169,finfet,anchored,none,low,True,4,30,1
finfet_anchored_pose-none_0169,finfet,anchored,none,low,True,8,30,1
finfet_anchored_pose-none_0169,finfet,anchored,none,low,True,16,30,1
finfet_anchored_pose-none_0170,finfet,anchored,none,low,False,2,30,1
finfet_anchored_pose-none_0170,finfet,anchored,none,low,False,4,30,1
finfet_anchored_pose-none_0170,finfet,anchored,none,low,False,8,30,1
finfet_anchored_pose-none_0170,finfet,anchored,none,low,False,16,30,1
finfet_anchored_pose-none_0170,finfet,anchored,none,low,True,2,30,1
finfet_anchored_pose-none_0170,finfet,anchored,none,low,True,4,30,1
finfet_anchored_pose-none_0170,finfet,anchored,none,low,True,8,30,1
finfet_anchored_pose-none_0170,finfet,anchored,none,low,True,16,30,1
finfet_anchored_pose-none_0171,finfet,anchored,none,medium,False,2,30,1
finfet_anchored_pose-none_0171,finfet,anchored,none,medium,False,4,30,1
finfet_anchored_pose-none_0171,finfet,anchored,none,medium,False,8,30,1
finfet_anchored_pose-none_0171,finfet,anchored,none,medium,False,16,30,1
finfet_anchored_pose-none_0171,finfet,anchored,none,medium,True,2,30,1
finfet_anchored_pose-none_0171,finfet,anchored,none,medium,True,4,30,1
finfet_anchored_pose-none_0171,finfet,anchored,none,medium,True,8,30,1
finfet_anchored_pose-none_0171,finfet,anchored,none,medium,True,16,30,1
finfet_anchored_pose-none_0172,finfet,anchored,none,medium,False,2,30,1
finfet_anchored_pose-none_0172,finfet,anchored,none,medium,False,4,30,1
finfet_anchored_pose-none_0172,finfet,anchored,none,medium,False,8,30,1
finfet_anchored_pose-none_0172,finfet,anchored,none,medium,False,16,30,1
finfet_anchored_pose-none_0172,finfet,anchored,none,medium,True,2,30,1
finfet_anchored_pose-none_0172,finfet,anchored,none,medium,True,4,30,1
finfet_anchored_pose-none_0172,finfet,anchored,none,medium,True,8,30,1
finfet_anchored_pose-none_0172,finfet,anchored,none,medium,True,16,30,1
finfet_anchored_pose-none_0173,finfet,anchored,none,medium,False,2,30,1
finfet_anchored_pose-none_0173,finfet,anchored,none,medium,False,4,30,1
finfet_anchored_pose-none_0173,finfet,anchored,none,medium,False,8,30,1
finfet_anchored_pose-none_0173,finfet,anchored,none,medium,False,16,30,1
finfet_anchored_pose-none_0173,finfet,anchored,none,medium,True,2,30,1
finfet_anchored_pose-none_0173,finfet,anchored,none,medium,True,4,30,1
finfet_anchored_pose-none_0173,finfet,anchored,none,medium,True,8,30,1
finfet_anchored_pose-none_0173,finfet,anchored,none,medium,True,16,30,1
finfet_anchored_pose-none_0174,finfet,anchored,none,medium,False,2,30,1
finfet_anchored_pose-none_0174,finfet,anchored,none,medium,False,4,30,1
finfet_anchored_pose-none_0174,finfet,anchored,none,medium,False,8,30,1
finfet_anchored_pose-none_0174,finfet,anchored,none,medium,False,16,30,1
finfet_anchored_pose-none_0174,finfet,anchored,none,medium,True,2,30,1
finfet_anchored_pose-none_0174,finfet,anchored,none,medium,True,4,30,1
finfet_anchored_pose-none_0174,finfet,anchored,none,medium,True,8,30,1
finfet_anchored_pose-none_0174,finfet,anchored,none,medium,True,16,30,1
finfet_anchored_pose-none_0175,finfet,anchored,none,medium,False,2,30,1
finfet_anchored_pose-none_0175,finfet,anchored,none,medium,False,4,30,1
finfet_anchored_pose-none_0175,finfet,anchored,none,medium,False,8,30,1
finfet_anchored_pose-none_0175,finfet,anchored,none,medium,False,16,30,1
finfet_anchored_pose-none_0175,finfet,anchored,none,medium,True,2,30,1
finfet_anchored_pose-none_0175,finfet,anchored,none,medium,True,4,30,1
finfet_anchored_pose-none_0175,finfet,anchored,none,medium,True,8,30,1
finfet_anchored_pose-none_0175,finfet,anchored,none,medium,True,16,30,1
finfet_anchored_pose-none_0176,finfet,anchored,none,medium,False,2,30,1
finfet_anchored_pose-none_0176,finfet,anchored,none,medium,False,4,30,1
finfet_anchored_pose-none_0176,finfet,anchored,none,medium,False,8,30,1
finfet_anchored_pose-none_0176,finfet,anchored,none,medium,False,16,30,1
finfet_anchored_pose-none_0176,finfet,anchored,none,medium,True,2,30,1
finfet_anchored_pose-none_0176,finfet,anchored,none,medium,True,4,30,1
finfet_anchored_pose-none_0176,finfet,anchored,none,medium,True,8,30,1
finfet_anchored_pose-none_0176,finfet,anchored,none,medium,True,16,30,1
finfet_anchored_pose-none_0177,finfet,anchored,none,medium,False,2,30,1
finfet_anchored_pose-none_0177,finfet,anchored,none,medium,False,4,30,1
finfet_anchored_pose-none_0177,finfet,anchored,none,medium,False,8,30,1
finfet_anchored_pose-none_0177,finfet,anchored,none,medium,False,16,30,1
finfet_anchored_pose-none_0177,finfet,anchored,none,medium,True,2,30,1
finfet_anchored_pose-none_0177,finfet,anchored,none,medium,True,4,30,1
finfet_anchored_pose-none_0177,finfet,anchored,none,medium,True,8,30,1
finfet_anchored_pose-none_0177,finfet,anchored,none,medium,True,16,30,1
finfet_anchored_pose-none_0178,finfet,anchored,none,medium,False,2,30,1
finfet_anchored_pose-none_0178,finfet,anchored,none,medium,False,4,30,1
finfet_anchored_pose-none_0178,finfet,anchored,none,medium,False,8,30,1
finfet_anchored_pose-none_0178,finfet,anchored,none,medium,False,16,30,1
finfet_anchored_pose-none_0178,finfet,anchored,none,medium,True,2,30,1
finfet_anchored_pose-none_0178,finfet,anchored,none,medium,True,4,30,1
finfet_anchored_pose-none_0178,finfet,anchored,none,medium,True,8,30,1
finfet_anchored_pose-none_0178,finfet,anchored,none,medium,True,16,30,1
finfet_anchored_pose-none_0179,finfet,anchored,none,medium,False,2,30,1
finfet_anchored_pose-none_0179,finfet,anchored,none,medium,False,4,30,1
finfet_anchored_pose-none_0179,finfet,anchored,none,medium,False,8,30,1
finfet_anchored_pose-none_0179,finfet,anchored,none,medium,False,16,30,1
finfet_anchored_pose-none_0179,finfet,anchored,none,medium,True,2,30,1
finfet_anchored_pose-none_0179,finfet,anchored,none,medium,True,4,30,1
finfet_anchored_pose-none_0179,finfet,anchored,none,medium,True,8,30,1
finfet_anchored_pose-none_0179,finfet,anchored,none,medium,True,16,30,1
finfet_anchored_pose-none_0180,finfet,anchored,none,high,False,2,30,1
finfet_anchored_pose-none_0180,finfet,anchored,none,high,False,4,30,1
finfet_anchored_pose-none_0180,finfet,anchored,none,high,False,8,30,1
finfet_anchored_pose-none_0180,finfet,anchored,none,high,False,16,30,1
finfet_anchored_pose-none_0180,finfet,anchored,none,high,True,2,30,1
finfet_anchored_pose-none_0180,finfet,anchored,none,high,True,4,30,1
finfet_anchored_pose-none_0180,finfet,anchored,none,high,True,8,30,1
finfet_anchored_pose-none_0180,finfet,anchored,none,high,True,16,30,1
finfet_anchored_pose-none_0181,finfet,anchored,none,high,False,2,30,1
finfet_anchored_pose-none_0181,finfet,anchored,none,high,False,4,30,1
finfet_anchored_pose-none_0181,finfet,anchored,none,high,False,8,30,1
finfet_anchored_pose-none_0181,finfet,anchored,none,high,False,16,30,1
finfet_anchored_pose-none_0181,finfet,anchored,none,high,True,2,30,1
finfet_anchored_pose-none_0181,finfet,anchored,none,high,True,4,30,1
finfet_anchored_pose-none_0181,finfet,anchored,none,high,True,8,30,1
finfet_anchored_pose-none_0181,finfet,anchored,none,high,True,16,30,1
finfet_anchored_pose-none_0182,finfet,anchored,none,high,False,2,30,1
finfet_anchored_pose-none_0182,finfet,anchored,none,high,False,4,30,1
finfet_anchored_pose-none_0182,finfet,anchored,none,high,False,8,30,1
finfet_anchored_pose-none_0182,finfet,anchored,none,high,False,16,30,1
finfet_anchored_pose-none_0182,finfet,anchored,none,high,True,2,30,1
finfet_anchored_pose-none_0182,finfet,anchored,none,high,True,4,30,1
finfet_anchored_pose-none_0182,finfet,anchored,none,high,True,8,30,1
finfet_anchored_pose-none_0182,finfet,anchored,none,high,True,16,30,1
finfet_anchored_pose-none_0183,finfet,anchored,none,high,False,2,30,1
finfet_anchored_pose-none_0183,finfet,anchored,none,high,False,4,30,1
finfet_anchored_pose-none_0183,finfet,anchored,none,high,False,8,30,1
finfet_anchored_pose-none_0183,finfet,anchored,none,high,False,16,30,1
finfet_anchored_pose-none_0183,finfet,anchored,none,high,True,2,30,1
finfet_anchored_pose-none_0183,finfet,anchored,none,high,True,4,30,1
finfet_anchored_pose-none_0183,finfet,anchored,none,high,True,8,30,1
finfet_anchored_pose-none_0183,finfet,anchored,none,high,True,16,30,1
finfet_anchored_pose-none_0184,finfet,anchored,none,high,False,2,30,1
finfet_anchored_pose-none_0184,finfet,anchored,none,high,False,4,30,1
finfet_anchored_pose-none_0184,finfet,anchored,none,high,False,8,30,1
finfet_anchored_pose-none_0184,finfet,anchored,none,high,False,16,30,1
finfet_anchored_pose-none_0184,finfet,anchored,none,high,True,2,30,1
finfet_anchored_pose-none_0184,finfet,anchored,none,high,True,4,30,1
finfet_anchored_pose-none_0184,finfet,anchored,none,high,True,8,30,1
finfet_anchored_pose-none_0184,finfet,anchored,none,high,True,16,30,1
finfet_anchored_pose-none_0185,finfet,anchored,none,high,False,2,30,1
finfet_anchored_pose-none_0185,finfet,anchored,none,high,False,4,30,1
finfet_anchored_pose-none_0185,finfet,anchored,none,high,False,8,30,1
finfet_anchored_pose-none_0185,finfet,anchored,none,high,False,16,30,1
finfet_anchored_pose-none_0185,finfet,anchored,none,high,True,2,30,1
finfet_anchored_pose-none_0185,finfet,anchored,none,high,True,4,30,1
finfet_anchored_pose-none_0185,finfet,anchored,none,high,True,8,30,1
finfet_anchored_pose-none_0185,finfet,anchored,none,high,True,16,30,1
finfet_anchored_pose-none_0186,finfet,anchored,none,high,False,2,30,1
finfet_anchored_pose-none_0186,finfet,anchored,none,high,False,4,30,1
finfet_anchored_pose-none_0186,finfet,anchored,none,high,False,8,30,1
finfet_anchored_pose-none_0186,finfet,anchored,none,high,False,16,30,1
finfet_anchored_pose-none_0186,finfet,anchored,none,high,True,2,30,1
finfet_anchored_pose-none_0186,finfet,anchored,none,high,True,4,30,1
finfet_anchored_pose-none_0186,finfet,anchored,none,high,True,8,30,1
finfet_anchored_pose-none_0186,finfet,anchored,none,high,True,16,30,1
finfet_anchored_pose-none_0187,finfet,anchored,none,high,False,2,30,1
finfet_anchored_pose-none_0187,finfet,anchored,none,high,False,4,30,1
finfet_anchored_pose-none_0187,finfet,anchored,none,high,False,8,30,1
finfet_anchored_pose-none_0187,finfet,anchored,none,high,False,16,30,1
finfet_anchored_pose-none_0187,finfet,anchored,none,high,True,2,30,1
finfet_anchored_pose-none_0187,finfet,anchored,none,high,True,4,30,1
finfet_anchored_pose-none_0187,finfet,anchored,none,high,True,8,30,1
finfet_anchored_pose-none_0187,finfet,anchored,none,high,True,16,30,1
finfet_anchored_pose-none_0188,finfet,anchored,none,high,False,2,30,1
finfet_anchored_pose-none_0188,finfet,anchored,none,high,False,4,30,1
finfet_anchored_pose-none_0188,finfet,anchored,none,high,False,8,30,1
finfet_anchored_pose-none_0188,finfet,anchored,none,high,False,16,30,1
finfet_anchored_pose-none_0188,finfet,anchored,none,high,True,2,30,1
finfet_anchored_pose-none_0188,finfet,anchored,none,high,True,4,30,1
finfet_anchored_pose-none_0188,finfet,anchored,none,high,True,8,30,1
finfet_anchored_pose-none_0188,finfet,anchored,none,high,True,16,30,1
finfet_anchored_pose-small_0189,finfet,anchored,small,low,False,2,30,1
finfet_anchored_pose-small_0189,finfet,anchored,small,low,False,4,30,1
finfet_anchored_pose-small_0189,finfet,anchored,small,low,False,8,30,1
finfet_anchored_pose-small_0189,finfet,anchored,small,low,False,16,30,1
finfet_anchored_pose-small_0189,finfet,anchored,small,low,True,2,30,1
finfet_anchored_pose-small_0189,finfet,anchored,small,low,True,4,30,1
finfet_anchored_pose-small_0189,finfet,anchored,small,low,True,8,30,1
finfet_anchored_pose-small_0189,finfet,anchored,small,low,True,16,30,1
finfet_anchored_pose-small_0190,finfet,anchored,small,low,False,2,30,-1
finfet_anchored_pose-small_0190,finfet,anchored,small,low,False,4,30,-1
finfet_anchored_pose-small_0190,finfet,anchored,small,low,False,8,30,-1
finfet_anchored_pose-small_0190,finfet,anchored,small,low,False,16,30,-1
finfet_anchored_pose-small_0190,finfet,anchored,small,low,True,2,30,-1
finfet_anchored_pose-small_0190,finfet,anchored,small,low,True,4,30,-1
finfet_anchored_pose-small_0190,finfet,anchored,small,low,True,8,30,-1
finfet_anchored_pose-small_0190,finfet,anchored,small,low,True,16,30,-1
finfet_anchored_pose-small_0191,finfet,anchored,small,low,False,2,30,1
finfet_anchored_pose-small_0191,finfet,anchored,small,low,False,4,30,1
finfet_anchored_pose-small_0191,finfet,anchored,small,low,False,8,30,1
finfet_anchored_pose-small_0191,finfet,anchored,small,low,False,16,30,1
finfet_anchored_pose-small_0191,finfet,anchored,small,low,True,2,30,1
finfet_anchored_pose-small_0191,finfet,anchored,small,low,True,4,30,1
finfet_anchored_pose-small_0191,finfet,anchored,small,low,True,8,30,1
finfet_anchored_pose-small_0191,finfet,anchored,small,low,True,16,30,1
finfet_anchored_pose-small_0192,finfet,anchored,small,low,False,2,30,1
finfet_anchored_pose-small_0192,finfet,anchored,small,low,False,4,30,1
finfet_anchored_pose-small_0192,finfet,anchored,small,low,False,8,30,1
finfet_anchored_pose-small_0192,finfet,anchored,small,low,False,16,30,1
finfet_anchored_pose-small_0192,finfet,anchored,small,low,True,2,30,1
finfet_anchored_pose-small_0192,finfet,anchored,small,low,True,4,30,1
finfet_anchored_pose-small_0192,finfet,anchored,small,low,True,8,30,1
finfet_anchored_pose-small_0192,finfet,anchored,small,low,True,16,30,1
finfet_anchored_pose-small_0193,finfet,anchored,small,low,False,2,30,-1
finfet_anchored_pose-small_0193,finfet,anchored,small,low,False,4,30,-1
finfet_anchored_pose-small_0193,finfet,anchored,small,low,False,8,30,-1
finfet_anchored_pose-small_0193,finfet,anchored,small,low,False,16,30,-1
finfet_anchored_pose-small_0193,finfet,anchored,small,low,True,2,30,-1
finfet_anchored_pose-small_0193,finfet,anchored,small,low,True,4,30,-1
finfet_anchored_pose-small_0193,finfet,anchored,small,low,True,8,30,-1
finfet_anchored_pose-small_0193,finfet,anchored,small,low,True,16,30,-1
finfet_anchored_pose-small_0194,finfet,anchored,small,low,False,2,30,6
finfet_anchored_pose-small_0194,finfet,anchored,small,low,False,4,30,6
finfet_anchored_pose-small_0194,finfet,anchored,small,low,False,8,30,6
finfet_anchored_pose-small_0194,finfet,anchored,small,low,False,16,30,6
finfet_anchored_pose-small_0194,finfet,anchored,small,low,True,2,30,1
finfet_anchored_pose-small_0194,finfet,anchored,small,low,True,4,30,1
finfet_anchored_pose-small_0194,finfet,anchored,small,low,True,8,30,1
finfet_anchored_pose-small_0194,finfet,anchored,small,low,True,16,30,1
finfet_anchored_pose-small_0195,finfet,anchored,small,low,False,2,30,-1
finfet_anchored_pose-small_0195,finfet,anchored,small,low,False,4,30,-1
finfet_anchored_pose-small_0195,finfet,anchored,small,low,False,8,30,-1
finfet_anchored_pose-small_0195,finfet,anchored,small,low,False,16,30,-1
finfet_anchored_pose-small_0195,finfet,anchored,small,low,True,2,30,1
finfet_anchored_pose-small_0195,finfet,anchored,small,low,True,4,30,1
finfet_anchored_pose-small_0195,finfet,anchored,small,low,True,8,30,1
finfet_anchored_pose-small_0195,finfet,anchored,small,low,True,16,30,1
finfet_anchored_pose-small_0196,finfet,anchored,small,low,False,2,30,1
finfet_anchored_pose-small_0196,finfet,anchored,small,low,False,4,30,1
finfet_anchored_pose-small_0196,finfet,anchored,small,low,False,8,30,1
finfet_anchored_pose-small_0196,finfet,anchored,small,low,False,16,30,1
finfet_anchored_pose-small_0196,finfet,anchored,small,low,True,2,30,1
finfet_anchored_pose-small_0196,finfet,anchored,small,low,True,4,30,1
finfet_anchored_pose-small_0196,finfet,anchored,small,low,True,8,30,1
finfet_anchored_pose-small_0196,finfet,anchored,small,low,True,16,30,1
finfet_anchored_pose-small_0197,finfet,anchored,small,low,False,2,30,1
finfet_anchored_pose-small_0197,finfet,anchored,small,low,False,4,30,1
finfet_anchored_pose-small_0197,finfet,anchored,small,low,False,8,30,1
finfet_anchored_pose-small_0197,finfet,anchored,small,low,False,16,30,1
finfet_anchored_pose-small_0197,finfet,anchored,small,low,True,2,30,1
finfet_anchored_pose-small_0197,finfet,anchored,small,low,True,4,30,1
finfet_anchored_pose-small_0197,finfet,anchored,small,low,True,8,30,1
finfet_anchored_pose-small_0197,finfet,anchored,small,low,True,16,30,1
finfet_anchored_pose-small_0198,finfet,anchored,small,medium,False,2,30,1
finfet_anchored_pose-small_0198,finfet,anchored,small,medium,False,4,30,1
finfet_anchored_pose-small_0198,finfet,anchored,small,medium,False,8,30,1
finfet_anchored_pose-small_0198,finfet,anchored,small,medium,False,16,30,1
finfet_anchored_pose-small_0198,finfet,anchored,small,medium,True,2,30,1
finfet_anchored_pose-small_0198,finfet,anchored,small,medium,True,4,30,1
finfet_anchored_pose-small_0198,finfet,anchored,small,medium,True,8,30,1
finfet_anchored_pose-small_0198,finfet,anchored,small,medium,True,16,30,1
finfet_anchored_pose-small_0199,finfet,anchored,small,medium,False,2,30,1
finfet_anchored_pose-small_0199,finfet,anchored,small,medium,False,4,30,1
finfet_anchored_pose-small_0199,finfet,anchored,small,medium,False,8,30,1
finfet_anchored_pose-small_0199,finfet,anchored,small,medium,False,16,30,1
finfet_anchored_pose-small_0199,finfet,anchored,small,medium,True,2,30,1
finfet_anchored_pose-small_0199,finfet,anchored,small,medium,True,4,30,1
finfet_anchored_pose-small_0199,finfet,anchored,small,medium,True,8,30,1
finfet_anchored_pose-small_0199,finfet,anchored,small,medium,True,16,30,1
finfet_anchored_pose-small_0200,finfet,anchored,small,medium,False,2,30,1
finfet_anchored_pose-small_0200,finfet,anchored,small,medium,False,4,30,1
finfet_anchored_pose-small_0200,finfet,anchored,small,medium,False,8,30,1
finfet_anchored_pose-small_0200,finfet,anchored,small,medium,False,16,30,1
finfet_anchored_pose-small_0200,finfet,anchored,small,medium,True,2,30,1
finfet_anchored_pose-small_0200,finfet,anchored,small,medium,True,4,30,1
finfet_anchored_pose-small_0200,finfet,anchored,small,medium,True,8,30,1
finfet_anchored_pose-small_0200,finfet,anchored,small,medium,True,16,30,1
finfet_anchored_pose-small_0201,finfet,anchored,small,medium,False,2,30,1
finfet_anchored_pose-small_0201,finfet,anchored,small,medium,False,4,30,1
finfet_anchored_pose-small_0201,finfet,anchored,small,medium,False,8,30,1
finfet_anchored_pose-small_0201,finfet,anchored,small,medium,False,16,30,1
finfet_anchored_pose-small_0201,finfet,anchored,small,medium,True,2,30,1
finfet_anchored_pose-small_0201,finfet,anchored,small,medium,True,4,30,1
finfet_anchored_pose-small_0201,finfet,anchored,small,medium,True,8,30,1
finfet_anchored_pose-small_0201,finfet,anchored,small,medium,True,16,30,1
finfet_anchored_pose-small_0202,finfet,anchored,small,medium,False,2,30,1
finfet_anchored_pose-small_0202,finfet,anchored,small,medium,False,4,30,1
finfet_anchored_pose-small_0202,finfet,anchored,small,medium,False,8,30,1
finfet_anchored_pose-small_0202,finfet,anchored,small,medium,False,16,30,1
finfet_anchored_pose-small_0202,finfet,anchored,small,medium,True,2,30,1
finfet_anchored_pose-small_0202,finfet,anchored,small,medium,True,4,30,1
finfet_anchored_pose-small_0202,finfet,anchored,small,medium,True,8,30,1
finfet_anchored_pose-small_0202,finfet,anchored,small,medium,True,16,30,1
finfet_anchored_pose-small_0203,finfet,anchored,small,medium,False,2,30,1
finfet_anchored_pose-small_0203,finfet,anchored,small,medium,False,4,30,1
finfet_anchored_pose-small_0203,finfet,anchored,small,medium,False,8,30,1
finfet_anchored_pose-small_0203,finfet,anchored,small,medium,False,16,30,1
finfet_anchored_pose-small_0203,finfet,anchored,small,medium,True,2,30,1
finfet_anchored_pose-small_0203,finfet,anchored,small,medium,True,4,30,1
finfet_anchored_pose-small_0203,finfet,anchored,small,medium,True,8,30,1
finfet_anchored_pose-small_0203,finfet,anchored,small,medium,True,16,30,1
finfet_anchored_pose-small_0204,finfet,anchored,small,medium,False,2,30,-1
finfet_anchored_pose-small_0204,finfet,anchored,small,medium,False,4,30,-1
finfet_anchored_pose-small_0204,finfet,anchored,small,medium,False,8,30,-1
finfet_anchored_pose-small_0204,finfet,anchored,small,medium,False,16,30,-1
finfet_anchored_pose-small_0204,finfet,anchored,small,medium,True,2,30,1
finfet_anchored_pose-small_0204,finfet,anchored,small,medium,True,4,30,1
finfet_anchored_pose-small_0204,finfet,anchored,small,medium,True,8,30,1
finfet_anchored_pose-small_0204,finfet,anchored,small,medium,True,16,30,1
finfet_anchored_pose-small_0205,finfet,anchored,small,medium,False,2,30,1
finfet_anchored_pose-small_0205,finfet,anchored,small,medium,False,4,30,1
finfet_anchored_pose-small_0205,finfet,anchored,small,medium,False,8,30,1
finfet_anchored_pose-small_0205,finfet,anchored,small,medium,False,16,30,1
finfet_anchored_pose-small_0205,finfet,anchored,small,medium,True,2,30,1
finfet_anchored_pose-small_0205,finfet,anchored,small,medium,True,4,30,1
finfet_anchored_pose-small_0205,finfet,anchored,small,medium,True,8,30,1
finfet_anchored_pose-small_0205,finfet,anchored,small,medium,True,16,30,1
finfet_anchored_pose-small_0206,finfet,anchored,small,medium,False,2,30,1
finfet_anchored_pose-small_0206,finfet,anchored,small,medium,False,4,30,1
finfet_anchored_pose-small_0206,finfet,anchored,small,medium,False,8,30,1
finfet_anchored_pose-small_0206,finfet,anchored,small,medium,False,16,30,1
finfet_anchored_pose-small_0206,finfet,anchored,small,medium,True,2,30,1
finfet_anchored_pose-small_0206,finfet,anchored,small,medium,True,4,30,1
finfet_anchored_pose-small_0206,finfet,anchored,small,medium,True,8,30,1
finfet_anchored_pose-small_0206,finfet,anchored,small,medium,True,16,30,1
finfet_anchored_pose-small_0207,finfet,anchored,small,high,False,2,30,1
finfet_anchored_pose-small_0207,finfet,anchored,small,high,False,4,30,1
finfet_anchored_pose-small_0207,finfet,anchored,small,high,False,8,30,1
finfet_anchored_pose-small_0207,finfet,anchored,small,high,False,16,30,1
finfet_anchored_pose-small_0207,finfet,anchored,small,high,True,2,30,1
finfet_anchored_pose-small_0207,finfet,anchored,small,high,True,4,30,1
finfet_anchored_pose-small_0207,finfet,anchored,small,high,True,8,30,1
finfet_anchored_pose-small_0207,finfet,anchored,small,high,True,16,30,1
finfet_anchored_pose-small_0208,finfet,anchored,small,high,False,2,30,1
finfet_anchored_pose-small_0208,finfet,anchored,small,high,False,4,30,1
finfet_anchored_pose-small_0208,finfet,anchored,small,high,False,8,30,1
finfet_anchored_pose-small_0208,finfet,anchored,small,high,False,16,30,1
finfet_anchored_pose-small_0208,finfet,anchored,small,high,True,2,30,1
finfet_anchored_pose-small_0208,finfet,anchored,small,high,True,4,30,1
finfet_anchored_pose-small_0208,finfet,anchored,small,high,True,8,30,1
finfet_anchored_pose-small_0208,finfet,anchored,small,high,True,16,30,1
finfet_anchored_pose-small_0209,finfet,anchored,small,high,False,2,30,1
finfet_anchored_pose-small_0209,finfet,anchored,small,high,False,4,30,1
finfet_anchored_pose-small_0209,finfet,anchored,small,high,False,8,30,1
finfet_anchored_pose-small_0209,finfet,anchored,small,high,False,16,30,1
finfet_anchored_pose-small_0209,finfet,anchored,small,high,True,2,30,1
finfet_anchored_pose-small_0209,finfet,anchored,small,high,True,4,30,1
finfet_anchored_pose-small_0209,finfet,anchored,small,high,True,8,30,1
finfet_anchored_pose-small_0209,finfet,anchored,small,high,True,16,30,1
finfet_anchored_pose-small_0210,finfet,anchored,small,high,False,2,30,1
finfet_anchored_pose-small_0210,finfet,anchored,small,high,False,4,30,1
finfet_anchored_pose-small_0210,finfet,anchored,small,high,False,8,30,1
finfet_anchored_pose-small_0210,finfet,anchored,small,high,False,16,30,1
finfet_anchored_pose-small_0210,finfet,anchored,small,high,True,2,30,1
finfet_anchored_pose-small_0210,finfet,anchored,small,high,True,4,30,1
finfet_anchored_pose-small_0210,finfet,anchored,small,high,True,8,30,1
finfet_anchored_pose-small_0210,finfet,anchored,small,high,True,16,30,1
finfet_anchored_pose-small_0211,finfet,anchored,small,high,False,2,30,-1
finfet_anchored_pose-small_0211,finfet,anchored,small,high,False,4,30,-1
finfet_anchored_pose-small_0211,finfet,anchored,small,high,False,8,30,-1
finfet_anchored_pose-small_0211,finfet,anchored,small,high,False,16,30,-1
finfet_anchored_pose-small_0211,finfet,anchored,small,high,True,2,30,1
finfet_anchored_pose-small_0211,finfet,anchored,small,high,True,4,30,1
finfet_anchored_pose-small_0211,finfet,anchored,small,high,True,8,30,1
finfet_anchored_pose-small_0211,finfet,anchored,small,high,True,16,30,1
finfet_anchored_pose-small_0212,finfet,anchored,small,high,False,2,30,1
finfet_anchored_pose-small_0212,finfet,anchored,small,high,False,4,30,1
finfet_anchored_pose-small_0212,finfet,anchored,small,high,False,8,30,1
finfet_anchored_pose-small_0212,finfet,anchored,small,high,False,16,30,1
finfet_anchored_pose-small_0212,finfet,anchored,small,high,True,2,30,1
finfet_anchored_pose-small_0212,finfet,anchored,small,high,True,4,30,1
finfet_anchored_pose-small_0212,finfet,anchored,small,high,True,8,30,1
finfet_anchored_pose-small_0212,finfet,anchored,small,high,True,16,30,1
finfet_anchored_pose-small_0213,finfet,anchored,small,high,False,2,30,1
finfet_anchored_pose-small_0213,finfet,anchored,small,high,False,4,30,1
finfet_anchored_pose-small_0213,finfet,anchored,small,high,False,8,30,1
finfet_anchored_pose-small_0213,finfet,anchored,small,high,False,16,30,1
finfet_anchored_pose-small_0213,finfet,anchored,small,high,True,2,30,1
finfet_anchored_pose-small_0213,finfet,anchored,small,high,True,4,30,1
finfet_anchored_pose-small_0213,finfet,anchored,small,high,True,8,30,1
finfet_anchored_pose-small_0213,finfet,anchored,small,high,True,16,30,1
finfet_anchored_pose-small_0214,finfet,anchored,small,high,False,2,30,1
finfet_anchored_pose-small_0214,finfet,anchored,small,high,False,4,30,1
finfet_anchored_pose-small_0214,finfet,anchored,small,high,False,8,30,1
finfet_anchored_pose-small_0214,finfet,anchored,small,high,False,16,30,1
finfet_anchored_pose-small_0214,finfet,anchored,small,high,True,2,30,1
finfet_anchored_pose-small_0214,finfet,anchored,small,high,True,4,30,1
finfet_anchored_pose-small_0214,finfet,anchored,small,high,True,8,30,1
finfet_anchored_pose-small_0214,finfet,anchored,small,high,True,16,30,1
finfet_anchored_pose-small_0215,finfet,anchored,small,high,False,2,30,1
finfet_anchored_pose-small_0215,finfet,anchored,small,high,False,4,30,1
finfet_anchored_pose-small_0215,finfet,anchored,small,high,False,8,30,1
finfet_anchored_pose-small_0215,finfet,anchored,small,high,False,16,30,1
finfet_anchored_pose-small_0215,finfet,anchored,small,high,True,2,30,1
finfet_anchored_pose-small_0215,finfet,anchored,small,high,True,4,30,1
finfet_anchored_pose-small_0215,finfet,anchored,small,high,True,8,30,1
finfet_anchored_pose-small_0215,finfet,anchored,small,high,True,16,30,1
finfet_anchored_pose-large_0216,finfet,anchored,large,low,False,2,30,1
finfet_anchored_pose-large_0216,finfet,anchored,large,low,False,4,30,1
finfet_anchored_pose-large_0216,finfet,anchored,large,low,False,8,30,1
finfet_anchored_pose-large_0216,finfet,anchored,large,low,False,16,30,1
finfet_anchored_pose-large_0216,finfet,anchored,large,low,True,2,30,1
finfet_anchored_pose-large_0216,finfet,anchored,large,low,True,4,30,1
finfet_anchored_pose-large_0216,finfet,anchored,large,low,True,8,30,1
finfet_anchored_pose-large_0216,finfet,anchored,large,low,True,16,30,1
finfet_anchored_pose-large_0217,finfet,anchored,large,low,False,2,30,-1
finfet_anchored_pose-large_0217,finfet,anchored,large,low,False,4,30,-1
finfet_anchored_pose-large_0217,finfet,anchored,large,low,False,8,30,-1
finfet_anchored_pose-large_0217,finfet,anchored,large,low,False,16,30,-1
finfet_anchored_pose-large_0217,finfet,anchored,large,low,True,2,30,-1
finfet_anchored_pose-large_0217,finfet,anchored,large,low,True,4,30,-1
finfet_anchored_pose-large_0217,finfet,anchored,large,low,True,8,30,-1
finfet_anchored_pose-large_0217,finfet,anchored,large,low,True,16,30,-1
finfet_anchored_pose-large_0218,finfet,anchored,large,low,False,2,30,-1
finfet_anchored_pose-large_0218,finfet,anchored,large,low,False,4,30,-1
finfet_anchored_pose-large_0218,finfet,anchored,large,low,False,8,30,-1
finfet_anchored_pose-large_0218,finfet,anchored,large,low,False,16,30,-1
finfet_anchored_pose-large_0218,finfet,anchored,large,low,True,2,30,-1
finfet_anchored_pose-large_0218,finfet,anchored,large,low,True,4,30,-1
finfet_anchored_pose-large_0218,finfet,anchored,large,low,True,8,30,-1
finfet_anchored_pose-large_0218,finfet,anchored,large,low,True,16,30,-1
finfet_anchored_pose-large_0219,finfet,anchored,large,low,False,2,30,-1
finfet_anchored_pose-large_0219,finfet,anchored,large,low,False,4,30,-1
finfet_anchored_pose-large_0219,finfet,anchored,large,low,False,8,30,-1
finfet_anchored_pose-large_0219,finfet,anchored,large,low,False,16,30,-1
finfet_anchored_pose-large_0219,finfet,anchored,large,low,True,2,30,-1
finfet_anchored_pose-large_0219,finfet,anchored,large,low,True,4,30,-1
finfet_anchored_pose-large_0219,finfet,anchored,large,low,True,8,30,-1
finfet_anchored_pose-large_0219,finfet,anchored,large,low,True,16,30,-1
finfet_anchored_pose-large_0220,finfet,anchored,large,low,False,2,30,-1
finfet_anchored_pose-large_0220,finfet,anchored,large,low,False,4,30,-1
finfet_anchored_pose-large_0220,finfet,anchored,large,low,False,8,30,-1
finfet_anchored_pose-large_0220,finfet,anchored,large,low,False,16,30,-1
finfet_anchored_pose-large_0220,finfet,anchored,large,low,True,2,30,-1
finfet_anchored_pose-large_0220,finfet,anchored,large,low,True,4,30,-1
finfet_anchored_pose-large_0220,finfet,anchored,large,low,True,8,30,-1
finfet_anchored_pose-large_0220,finfet,anchored,large,low,True,16,30,-1
finfet_anchored_pose-large_0221,finfet,anchored,large,low,False,2,30,-1
finfet_anchored_pose-large_0221,finfet,anchored,large,low,False,4,30,-1
finfet_anchored_pose-large_0221,finfet,anchored,large,low,False,8,30,-1
finfet_anchored_pose-large_0221,finfet,anchored,large,low,False,16,30,-1
finfet_anchored_pose-large_0221,finfet,anchored,large,low,True,2,30,-1
finfet_anchored_pose-large_0221,finfet,anchored,large,low,True,4,30,-1
finfet_anchored_pose-large_0221,finfet,anchored,large,low,True,8,30,-1
finfet_anchored_pose-large_0221,finfet,anchored,large,low,True,16,30,-1
finfet_anchored_pose-large_0222,finfet,anchored,large,low,False,2,30,1
finfet_anchored_pose-large_0222,finfet,anchored,large,low,False,4,30,1
finfet_anchored_pose-large_0222,finfet,anchored,large,low,False,8,30,1
finfet_anchored_pose-large_0222,finfet,anchored,large,low,False,16,30,1
finfet_anchored_pose-large_0222,finfet,anchored,large,low,True,2,30,1
finfet_anchored_pose-large_0222,finfet,anchored,large,low,True,4,30,1
finfet_anchored_pose-large_0222,finfet,anchored,large,low,True,8,30,1
finfet_anchored_pose-large_0222,finfet,anchored,large,low,True,16,30,1
finfet_anchored_pose-large_0223,finfet,anchored,large,low,False,2,30,1
finfet_anchored_pose-large_0223,finfet,anchored,large,low,False,4,30,1
finfet_anchored_pose-large_0223,finfet,anchored,large,low,False,8,30,1
finfet_anchored_pose-large_0223,finfet,anchored,large,low,False,16,30,1
finfet_anchored_pose-large_0223,finfet,anchored,large,low,True,2,30,1
finfet_anchored_pose-large_0223,finfet,anchored,large,low,True,4,30,1
finfet_anchored_pose-large_0223,finfet,anchored,large,low,True,8,30,1
finfet_anchored_pose-large_0223,finfet,anchored,large,low,True,16,30,1
finfet_anchored_pose-large_0224,finfet,anchored,large,low,False,2,30,1
finfet_anchored_pose-large_0224,finfet,anchored,large,low,False,4,30,1
finfet_anchored_pose-large_0224,finfet,anchored,large,low,False,8,30,1
finfet_anchored_pose-large_0224,finfet,anchored,large,low,False,16,30,1
finfet_anchored_pose-large_0224,finfet,anchored,large,low,True,2,30,1
finfet_anchored_pose-large_0224,finfet,anchored,large,low,True,4,30,1
finfet_anchored_pose-large_0224,finfet,anchored,large,low,True,8,30,1
finfet_anchored_pose-large_0224,finfet,anchored,large,low,True,16,30,1
finfet_anchored_pose-large_0225,finfet,anchored,large,medium,False,2,30,-1
finfet_anchored_pose-large_0225,finfet,anchored,large,medium,False,4,30,-1
finfet_anchored_pose-large_0225,finfet,anchored,large,medium,False,8,30,-1
finfet_anchored_pose-large_0225,finfet,anchored,large,medium,False,16,30,-1
finfet_anchored_pose-large_0225,finfet,anchored,large,medium,True,2,30,-1
finfet_anchored_pose-large_0225,finfet,anchored,large,medium,True,4,30,-1
finfet_anchored_pose-large_0225,finfet,anchored,large,medium,True,8,30,-1
finfet_anchored_pose-large_0225,finfet,anchored,large,medium,True,16,30,-1
finfet_anchored_pose-large_0226,finfet,anchored,large,medium,False,2,30,-1
finfet_anchored_pose-large_0226,finfet,anchored,large,medium,False,4,30,-1
finfet_anchored_pose-large_0226,finfet,anchored,large,medium,False,8,30,-1
finfet_anchored_pose-large_0226,finfet,anchored,large,medium,False,16,30,-1
finfet_anchored_pose-large_0226,finfet,anchored,large,medium,True,2,30,-1
finfet_anchored_pose-large_0226,finfet,anchored,large,medium,True,4,30,-1
finfet_anchored_pose-large_0226,finfet,anchored,large,medium,True,8,30,-1
finfet_anchored_pose-large_0226,finfet,anchored,large,medium,True,16,30,-1
finfet_anchored_pose-large_0227,finfet,anchored,large,medium,False,2,30,-1
finfet_anchored_pose-large_0227,finfet,anchored,large,medium,False,4,30,-1
finfet_anchored_pose-large_0227,finfet,anchored,large,medium,False,8,30,-1
finfet_anchored_pose-large_0227,finfet,anchored,large,medium,False,16,30,-1
finfet_anchored_pose-large_0227,finfet,anchored,large,medium,True,2,30,-1
finfet_anchored_pose-large_0227,finfet,anchored,large,medium,True,4,30,-1
finfet_anchored_pose-large_0227,finfet,anchored,large,medium,True,8,30,-1
finfet_anchored_pose-large_0227,finfet,anchored,large,medium,True,16,30,-1
finfet_anchored_pose-large_0228,finfet,anchored,large,medium,False,2,30,-1
finfet_anchored_pose-large_0228,finfet,anchored,large,medium,False,4,30,-1
finfet_anchored_pose-large_0228,finfet,anchored,large,medium,False,8,30,-1
finfet_anchored_pose-large_0228,finfet,anchored,large,medium,False,16,30,-1
finfet_anchored_pose-large_0228,finfet,anchored,large,medium,True,2,30,-1
finfet_anchored_pose-large_0228,finfet,anchored,large,medium,True,4,30,-1
finfet_anchored_pose-large_0228,finfet,anchored,large,medium,True,8,30,-1
finfet_anchored_pose-large_0228,finfet,anchored,large,medium,True,16,30,-1
finfet_anchored_pose-large_0229,finfet,anchored,large,medium,False,2,30,1
finfet_anchored_pose-large_0229,finfet,anchored,large,medium,False,4,30,1
finfet_anchored_pose-large_0229,finfet,anchored,large,medium,False,8,30,1
finfet_anchored_pose-large_0229,finfet,anchored,large,medium,False,16,30,1
finfet_anchored_pose-large_0229,finfet,anchored,large,medium,True,2,30,1
finfet_anchored_pose-large_0229,finfet,anchored,large,medium,True,4,30,1
finfet_anchored_pose-large_0229,finfet,anchored,large,medium,True,8,30,1
finfet_anchored_pose-large_0229,finfet,anchored,large,medium,True,16,30,1
finfet_anchored_pose-large_0230,finfet,anchored,large,medium,False,2,30,-1
finfet_anchored_pose-large_0230,finfet,anchored,large,medium,False,4,30,-1
finfet_anchored_pose-large_0230,finfet,anchored,large,medium,False,8,30,-1
finfet_anchored_pose-large_0230,finfet,anchored,large,medium,False,16,30,-1
finfet_anchored_pose-large_0230,finfet,anchored,large,medium,True,2,30,-1
finfet_anchored_pose-large_0230,finfet,anchored,large,medium,True,4,30,-1
finfet_anchored_pose-large_0230,finfet,anchored,large,medium,True,8,30,-1
finfet_anchored_pose-large_0230,finfet,anchored,large,medium,True,16,30,-1
finfet_anchored_pose-large_0231,finfet,anchored,large,medium,False,2,30,-1
finfet_anchored_pose-large_0231,finfet,anchored,large,medium,False,4,30,-1
finfet_anchored_pose-large_0231,finfet,anchored,large,medium,False,8,30,-1
finfet_anchored_pose-large_0231,finfet,anchored,large,medium,False,16,30,-1
finfet_anchored_pose-large_0231,finfet,anchored,large,medium,True,2,30,-1
finfet_anchored_pose-large_0231,finfet,anchored,large,medium,True,4,30,-1
finfet_anchored_pose-large_0231,finfet,anchored,large,medium,True,8,30,-1
finfet_anchored_pose-large_0231,finfet,anchored,large,medium,True,16,30,-1
finfet_anchored_pose-large_0232,finfet,anchored,large,medium,False,2,30,-1
finfet_anchored_pose-large_0232,finfet,anchored,large,medium,False,4,30,-1
finfet_anchored_pose-large_0232,finfet,anchored,large,medium,False,8,30,-1
finfet_anchored_pose-large_0232,finfet,anchored,large,medium,False,16,30,-1
finfet_anchored_pose-large_0232,finfet,anchored,large,medium,True,2,30,1
finfet_anchored_pose-large_0232,finfet,anchored,large,medium,True,4,30,1
finfet_anchored_pose-large_0232,finfet,anchored,large,medium,True,8,30,1
finfet_anchored_pose-large_0232,finfet,anchored,large,medium,True,16,30,1
finfet_anchored_pose-large_0233,finfet,anchored,large,medium,False,2,30,1
finfet_anchored_pose-large_0233,finfet,anchored,large,medium,False,4,30,1
finfet_anchored_pose-large_0233,finfet,anchored,large,medium,False,8,30,1
finfet_anchored_pose-large_0233,finfet,anchored,large,medium,False,16,30,1
finfet_anchored_pose-large_0233,finfet,anchored,large,medium,True,2,30,1
finfet_anchored_pose-large_0233,finfet,anchored,large,medium,True,4,30,1
finfet_anchored_pose-large_0233,finfet,anchored,large,medium,True,8,30,1
finfet_anchored_pose-large_0233,finfet,anchored,large,medium,True,16,30,1
finfet_anchored_pose-large_0234,finfet,anchored,large,high,False,2,30,-1
finfet_anchored_pose-large_0234,finfet,anchored,large,high,False,4,30,-1
finfet_anchored_pose-large_0234,finfet,anchored,large,high,False,8,30,-1
finfet_anchored_pose-large_0234,finfet,anchored,large,high,False,16,30,-1
finfet_anchored_pose-large_0234,finfet,anchored,large,high,True,2,30,-1
finfet_anchored_pose-large_0234,finfet,anchored,large,high,True,4,30,-1
finfet_anchored_pose-large_0234,finfet,anchored,large,high,True,8,30,-1
finfet_anchored_pose-large_0234,finfet,anchored,large,high,True,16,30,-1
finfet_anchored_pose-large_0235,finfet,anchored,large,high,False,2,30,1
finfet_anchored_pose-large_0235,finfet,anchored,large,high,False,4,30,1
finfet_anchored_pose-large_0235,finfet,anchored,large,high,False,8,30,1
finfet_anchored_pose-large_0235,finfet,anchored,large,high,False,16,30,1
finfet_anchored_pose-large_0235,finfet,anchored,large,high,True,2,30,1
finfet_anchored_pose-large_0235,finfet,anchored,large,high,True,4,30,1
finfet_anchored_pose-large_0235,finfet,anchored,large,high,True,8,30,1
finfet_anchored_pose-large_0235,finfet,anchored,large,high,True,16,30,1
finfet_anchored_pose-large_0236,finfet,anchored,large,high,False,2,30,1
finfet_anchored_pose-large_0236,finfet,anchored,large,high,False,4,30,1
finfet_anchored_pose-large_0236,finfet,anchored,large,high,False,8,30,1
finfet_anchored_pose-large_0236,finfet,anchored,large,high,False,16,30,1
finfet_anchored_pose-large_0236,finfet,anchored,large,high,True,2,30,1
finfet_anchored_pose-large_0236,finfet,anchored,large,high,True,4,30,1
finfet_anchored_pose-large_0236,finfet,anchored,large,high,True,8,30,1
finfet_anchored_pose-large_0236,finfet,anchored,large,high,True,16,30,1
finfet_anchored_pose-large_0237,finfet,anchored,large,high,False,2,30,-1
finfet_anchored_pose-large_0237,finfet,anchored,large,high,False,4,30,-1
finfet_anchored_pose-large_0237,finfet,anchored,large,high,False,8,30,-1
finfet_anchored_pose-large_0237,finfet,anchored,large,high,False,16,30,-1
finfet_anchored_pose-large_0237,finfet,anchored,large,high,True,2,30,-1
finfet_anchored_pose-large_0237,finfet,anchored,large,high,True,4,30,-1
finfet_anchored_pose-large_0237,finfet,anchored,large,high,True,8,30,-1
finfet_anchored_pose-large_0237,finfet,anchored,large,high,True,16,30,-1
finfet_anchored_pose-large_0238,finfet,anchored,large,high,False,2,30,-1
finfet_anchored_pose-large_0238,finfet,anchored,large,high,False,4,30,-1
finfet_anchored_pose-large_0238,finfet,anchored,large,high,False,8,30,-1
finfet_anchored_pose-large_0238,finfet,anchored,large,high,False,16,30,-1
finfet_anchored_pose-large_0238,finfet,anchored,large,high,True,2,30,-1
finfet_anchored_pose-large_0238,finfet,anchored,large,high,True,4,30,-1
finfet_anchored_pose-large_0238,finfet,anchored,large,high,True,8,30,-1
finfet_anchored_pose-large_0238,finfet,anchored,large,high,True,16,30,-1
finfet_anchored_pose-large_0239,finfet,anchored,large,high,False,2,30,1
finfet_anchored_pose-large_0239,finfet,anchored,large,high,False,4,30,1
finfet_anchored_pose-large_0239,finfet,anchored,large,high,False,8,30,1
finfet_anchored_pose-large_0239,finfet,anchored,large,high,False,16,30,1
finfet_anchored_pose-large_0239,finfet,anchored,large,high,True,2,30,1
finfet_anchored_pose-large_0239,finfet,anchored,large,high,True,4,30,1
finfet_anchored_pose-large_0239,finfet,anchored,large,high,True,8,30,1
finfet_anchored_pose-large_0239,finfet,anchored,large,high,True,16,30,1
finfet_anchored_pose-large_0240,finfet,anchored,large,high,False,2,30,1
finfet_anchored_pose-large_0240,finfet,anchored,large,high,False,4,30,1
finfet_anchored_pose-large_0240,finfet,anchored,large,high,False,8,30,1
finfet_anchored_pose-large_0240,finfet,anchored,large,high,False,16,30,1
finfet_anchored_pose-large_0240,finfet,anchored,large,high,True,2,30,1
finfet_anchored_pose-large_0240,finfet,anchored,large,high,True,4,30,1
finfet_anchored_pose-large_0240,finfet,anchored,large,high,True,8,30,1
finfet_anchored_pose-large_0240,finfet,anchored,large,high,True,16,30,1
finfet_anchored_pose-large_0241,finfet,anchored,large,high,False,2,30,-1
finfet_anchored_pose-large_0241,finfet,anchored,large,high,False,4,30,-1
finfet_anchored_pose-large_0241,finfet,anchored,large,high,False,8,30,-1
finfet_anchored_pose-large_0241,finfet,anchored,large,high,False,16,30,-1
finfet_anchored_pose-large_0241,finfet,anchored,large,high,True,2,30,-1
finfet_anchored_pose-large_0241,finfet,anchored,large,high,True,4,30,-1
finfet_anchored_pose-large_0241,finfet,anchored,large,high,True,8,30,-1
finfet_anchored_pose-large_0241,finfet,anchored,large,high,True,16,30,-1
finfet_anchored_pose-large_0242,finfet,anchored,large,high,False,2,30,1
finfet_anchored_pose-large_0242,finfet,anchored,large,high,False,4,30,1
finfet_anchored_pose-large_0242,finfet,anchored,large,high,False,8,30,1
finfet_anchored_pose-large_0242,finfet,anchored,large,high,False,16,30,1
finfet_anchored_pose-large_0242,finfet,anchored,large,high,True,2,30,1
finfet_anchored_pose-large_0242,finfet,anchored,large,high,True,4,30,1
finfet_anchored_pose-large_0242,finfet,anchored,large,high,True,8,30,1
finfet_anchored_pose-large_0242,finfet,anchored,large,high,True,16,30,1
finfet_unanchored_pose-none_0243,finfet,unanchored,none,low,False,2,30,-1
finfet_unanchored_pose-none_0243,finfet,unanchored,none,low,False,4,30,-1
finfet_unanchored_pose-none_0243,finfet,unanchored,none,low,False,8,30,-1
finfet_unanchored_pose-none_0243,finfet,unanchored,none,low,False,16,30,-1
finfet_unanchored_pose-none_0243,finfet,unanchored,none,low,True,2,30,-1
finfet_unanchored_pose-none_0243,finfet,unanchored,none,low,True,4,30,-1
finfet_unanchored_pose-none_0243,finfet,unanchored,none,low,True,8,30,-1
finfet_unanchored_pose-none_0243,finfet,unanchored,none,low,True,16,30,-1
finfet_unanchored_pose-none_0244,finfet,unanchored,none,low,False,2,30,-1
finfet_unanchored_pose-none_0244,finfet,unanchored,none,low,False,4,30,-1
finfet_unanchored_pose-none_0244,finfet,unanchored,none,low,False,8,30,-1
finfet_unanchored_pose-none_0244,finfet,unanchored,none,low,False,16,30,-1
finfet_unanchored_pose-none_0244,finfet,unanchored,none,low,True,2,30,-1
finfet_unanchored_pose-none_0244,finfet,unanchored,none,low,True,4,30,-1
finfet_unanchored_pose-none_0244,finfet,unanchored,none,low,True,8,30,-1
finfet_unanchored_pose-none_0244,finfet,unanchored,none,low,True,16,30,-1
finfet_unanchored_pose-none_0245,finfet,unanchored,none,low,False,2,30,-1
finfet_unanchored_pose-none_0245,finfet,unanchored,none,low,False,4,30,-1
finfet_unanchored_pose-none_0245,finfet,unanchored,none,low,False,8,30,-1
finfet_unanchored_pose-none_0245,finfet,unanchored,none,low,False,16,30,-1
finfet_unanchored_pose-none_0245,finfet,unanchored,none,low,True,2,30,-1
finfet_unanchored_pose-none_0245,finfet,unanchored,none,low,True,4,30,-1
finfet_unanchored_pose-none_0245,finfet,unanchored,none,low,True,8,30,-1
finfet_unanchored_pose-none_0245,finfet,unanchored,none,low,True,16,30,-1
finfet_unanchored_pose-none_0246,finfet,unanchored,none,low,False,2,30,-1
finfet_unanchored_pose-none_0246,finfet,unanchored,none,low,False,4,30,-1
finfet_unanchored_pose-none_0246,finfet,unanchored,none,low,False,8,30,-1
finfet_unanchored_pose-none_0246,finfet,unanchored,none,low,False,16,30,-1
finfet_unanchored_pose-none_0246,finfet,unanchored,none,low,True,2,30,-1
finfet_unanchored_pose-none_0246,finfet,unanchored,none,low,True,4,30,-1
finfet_unanchored_pose-none_0246,finfet,unanchored,none,low,True,8,30,-1
finfet_unanchored_pose-none_0246,finfet,unanchored,none,low,True,16,30,-1
finfet_unanchored_pose-none_0247,finfet,unanchored,none,low,False,2,30,-1
finfet_unanchored_pose-none_0247,finfet,unanchored,none,low,False,4,30,-1
finfet_unanchored_pose-none_0247,finfet,unanchored,none,low,False,8,30,-1
finfet_unanchored_pose-none_0247,finfet,unanchored,none,low,False,16,30,-1
finfet_unanchored_pose-none_0247,finfet,unanchored,none,low,True,2,30,-1
finfet_unanchored_pose-none_0247,finfet,unanchored,none,low,True,4,30,-1
finfet_unanchored_pose-none_0247,finfet,unanchored,none,low,True,8,30,-1
finfet_unanchored_pose-none_0247,finfet,unanchored,none,low,True,16,30,-1
finfet_unanchored_pose-none_0248,finfet,unanchored,none,low,False,2,30,-1
finfet_unanchored_pose-none_0248,finfet,unanchored,none,low,False,4,30,-1
finfet_unanchored_pose-none_0248,finfet,unanchored,none,low,False,8,30,-1
finfet_unanchored_pose-none_0248,finfet,unanchored,none,low,False,16,30,-1
finfet_unanchored_pose-none_0248,finfet,unanchored,none,low,True,2,30,-1
finfet_unanchored_pose-none_0248,finfet,unanchored,none,low,True,4,30,-1
finfet_unanchored_pose-none_0248,finfet,unanchored,none,low,True,8,30,-1
finfet_unanchored_pose-none_0248,finfet,unanchored,none,low,True,16,30,-1
finfet_unanchored_pose-none_0249,finfet,unanchored,none,low,False,2,30,-1
finfet_unanchored_pose-none_0249,finfet,unanchored,none,low,False,4,30,-1
finfet_unanchored_pose-none_0249,finfet,unanchored,none,low,False,8,30,-1
finfet_unanchored_pose-none_0249,finfet,unanchored,none,low,False,16,30,-1
finfet_unanchored_pose-none_0249,finfet,unanchored,none,low,True,2,30,-1
finfet_unanchored_pose-none_0249,finfet,unanchored,none,low,True,4,30,-1
finfet_unanchored_pose-none_0249,finfet,unanchored,none,low,True,8,30,-1
finfet_unanchored_pose-none_0249,finfet,unanchored,none,low,True,16,30,-1
finfet_unanchored_pose-none_0250,finfet,unanchored,none,low,False,2,30,-1
finfet_unanchored_pose-none_0250,finfet,unanchored,none,low,False,4,30,-1
finfet_unanchored_pose-none_0250,finfet,unanchored,none,low,False,8,30,-1
finfet_unanchored_pose-none_0250,finfet,unanchored,none,low,False,16,30,-1
finfet_unanchored_pose-none_0250,finfet,unanchored,none,low,True,2,30,-1
finfet_unanchored_pose-none_0250,finfet,unanchored,none,low,True,4,30,-1
finfet_unanchored_pose-none_0250,finfet,unanchored,none,low,True,8,30,-1
finfet_unanchored_pose-none_0250,finfet,unanchored,none,low,True,16,30,-1
finfet_unanchored_pose-none_0251,finfet,unanchored,none,low,False,2,30,-1
finfet_unanchored_pose-none_0251,finfet,unanchored,none,low,False,4,30,-1
finfet_unanchored_pose-none_0251,finfet,unanchored,none,low,False,8,30,-1
finfet_unanchored_pose-none_0251,finfet,unanchored,none,low,False,16,30,-1
finfet_unanchored_pose-none_0251,finfet,unanchored,none,low,True,2,30,-1
finfet_unanchored_pose-none_0251,finfet,unanchored,none,low,True,4,30,-1
finfet_unanchored_pose-none_0251,finfet,unanchored,none,low,True,8,30,-1
finfet_unanchored_pose-none_0251,finfet,unanchored,none,low,True,16,30,-1
finfet_unanchored_pose-none_0252,finfet,unanchored,none,medium,False,2,30,-1
finfet_unanchored_pose-none_0252,finfet,unanchored,none,medium,False,4,30,-1
finfet_unanchored_pose-none_0252,finfet,unanchored,none,medium,False,8,30,-1
finfet_unanchored_pose-none_0252,finfet,unanchored,none,medium,False,16,30,-1
finfet_unanchored_pose-none_0252,finfet,unanchored,none,medium,True,2,30,-1
finfet_unanchored_pose-none_0252,finfet,unanchored,none,medium,True,4,30,-1
finfet_unanchored_pose-none_0252,finfet,unanchored,none,medium,True,8,30,-1
finfet_unanchored_pose-none_0252,finfet,unanchored,none,medium,True,16,30,-1
finfet_unanchored_pose-none_0253,finfet,unanchored,none,medium,False,2,30,-1
finfet_unanchored_pose-none_0253,finfet,unanchored,none,medium,False,4,30,-1
finfet_unanchored_pose-none_0253,finfet,unanchored,none,medium,False,8,30,-1
finfet_unanchored_pose-none_0253,finfet,unanchored,none,medium,False,16,30,-1
finfet_unanchored_pose-none_0253,finfet,unanchored,none,medium,True,2,30,-1
finfet_unanchored_pose-none_0253,finfet,unanchored,none,medium,True,4,30,-1
finfet_unanchored_pose-none_0253,finfet,unanchored,none,medium,True,8,30,-1
finfet_unanchored_pose-none_0253,finfet,unanchored,none,medium,True,16,30,-1
finfet_unanchored_pose-none_0254,finfet,unanchored,none,medium,False,2,30,-1
finfet_unanchored_pose-none_0254,finfet,unanchored,none,medium,False,4,30,-1
finfet_unanchored_pose-none_0254,finfet,unanchored,none,medium,False,8,30,-1
finfet_unanchored_pose-none_0254,finfet,unanchored,none,medium,False,16,30,-1
finfet_unanchored_pose-none_0254,finfet,unanchored,none,medium,True,2,30,-1
finfet_unanchored_pose-none_0254,finfet,unanchored,none,medium,True,4,30,-1
finfet_unanchored_pose-none_0254,finfet,unanchored,none,medium,True,8,30,-1
finfet_unanchored_pose-none_0254,finfet,unanchored,none,medium,True,16,30,-1
finfet_unanchored_pose-none_0255,finfet,unanchored,none,medium,False,2,30,-1
finfet_unanchored_pose-none_0255,finfet,unanchored,none,medium,False,4,30,-1
finfet_unanchored_pose-none_0255,finfet,unanchored,none,medium,False,8,30,-1
finfet_unanchored_pose-none_0255,finfet,unanchored,none,medium,False,16,30,-1
finfet_unanchored_pose-none_0255,finfet,unanchored,none,medium,True,2,30,-1
finfet_unanchored_pose-none_0255,finfet,unanchored,none,medium,True,4,30,-1
finfet_unanchored_pose-none_0255,finfet,unanchored,none,medium,True,8,30,-1
finfet_unanchored_pose-none_0255,finfet,unanchored,none,medium,True,16,30,-1
finfet_unanchored_pose-none_0256,finfet,unanchored,none,medium,False,2,30,-1
finfet_unanchored_pose-none_0256,finfet,unanchored,none,medium,False,4,30,-1
finfet_unanchored_pose-none_0256,finfet,unanchored,none,medium,False,8,30,-1
finfet_unanchored_pose-none_0256,finfet,unanchored,none,medium,False,16,30,-1
finfet_unanchored_pose-none_0256,finfet,unanchored,none,medium,True,2,30,-1
finfet_unanchored_pose-none_0256,finfet,unanchored,none,medium,True,4,30,-1
finfet_unanchored_pose-none_0256,finfet,unanchored,none,medium,True,8,30,-1
finfet_unanchored_pose-none_0256,finfet,unanchored,none,medium,True,16,30,-1
finfet_unanchored_pose-none_0257,finfet,unanchored,none,medium,False,2,30,-1
finfet_unanchored_pose-none_0257,finfet,unanchored,none,medium,False,4,30,-1
finfet_unanchored_pose-none_0257,finfet,unanchored,none,medium,False,8,30,-1
finfet_unanchored_pose-none_0257,finfet,unanchored,none,medium,False,16,30,-1
finfet_unanchored_pose-none_0257,finfet,unanchored,none,medium,True,2,30,-1
finfet_unanchored_pose-none_0257,finfet,unanchored,none,medium,True,4,30,-1
finfet_unanchored_pose-none_0257,finfet,unanchored,none,medium,True,8,30,-1
finfet_unanchored_pose-none_0257,finfet,unanchored,none,medium,True,16,30,-1
finfet_unanchored_pose-none_0258,finfet,unanchored,none,medium,False,2,30,-1
finfet_unanchored_pose-none_0258,finfet,unanchored,none,medium,False,4,30,-1
finfet_unanchored_pose-none_0258,finfet,unanchored,none,medium,False,8,30,-1
finfet_unanchored_pose-none_0258,finfet,unanchored,none,medium,False,16,30,-1
finfet_unanchored_pose-none_0258,finfet,unanchored,none,medium,True,2,30,-1
finfet_unanchored_pose-none_0258,finfet,unanchored,none,medium,True,4,30,-1
finfet_unanchored_pose-none_0258,finfet,unanchored,none,medium,True,8,30,-1
finfet_unanchored_pose-none_0258,finfet,unanchored,none,medium,True,16,30,-1
finfet_unanchored_pose-none_0259,finfet,unanchored,none,medium,False,2,30,-1
finfet_unanchored_pose-none_0259,finfet,unanchored,none,medium,False,4,30,-1
finfet_unanchored_pose-none_0259,finfet,unanchored,none,medium,False,8,30,-1
finfet_unanchored_pose-none_0259,finfet,unanchored,none,medium,False,16,30,-1
finfet_unanchored_pose-none_0259,finfet,unanchored,none,medium,True,2,30,-1
finfet_unanchored_pose-none_0259,finfet,unanchored,none,medium,True,4,30,-1
finfet_unanchored_pose-none_0259,finfet,unanchored,none,medium,True,8,30,-1
finfet_unanchored_pose-none_0259,finfet,unanchored,none,medium,True,16,30,-1
finfet_unanchored_pose-none_0260,finfet,unanchored,none,medium,False,2,30,-1
finfet_unanchored_pose-none_0260,finfet,unanchored,none,medium,False,4,30,-1
finfet_unanchored_pose-none_0260,finfet,unanchored,none,medium,False,8,30,-1
finfet_unanchored_pose-none_0260,finfet,unanchored,none,medium,False,16,30,-1
finfet_unanchored_pose-none_0260,finfet,unanchored,none,medium,True,2,30,-1
finfet_unanchored_pose-none_0260,finfet,unanchored,none,medium,True,4,30,-1
finfet_unanchored_pose-none_0260,finfet,unanchored,none,medium,True,8,30,-1
finfet_unanchored_pose-none_0260,finfet,unanchored,none,medium,True,16,30,-1
finfet_unanchored_pose-none_0261,finfet,unanchored,none,high,False,2,30,-1
finfet_unanchored_pose-none_0261,finfet,unanchored,none,high,False,4,30,-1
finfet_unanchored_pose-none_0261,finfet,unanchored,none,high,False,8,30,-1
finfet_unanchored_pose-none_0261,finfet,unanchored,none,high,False,16,30,-1
finfet_unanchored_pose-none_0261,finfet,unanchored,none,high,True,2,30,-1
finfet_unanchored_pose-none_0261,finfet,unanchored,none,high,True,4,30,-1
finfet_unanchored_pose-none_0261,finfet,unanchored,none,high,True,8,30,-1
finfet_unanchored_pose-none_0261,finfet,unanchored,none,high,True,16,30,-1
finfet_unanchored_pose-none_0262,finfet,unanchored,none,high,False,2,30,-1
finfet_unanchored_pose-none_0262,finfet,unanchored,none,high,False,4,30,-1
finfet_unanchored_pose-none_0262,finfet,unanchored,none,high,False,8,30,-1
finfet_unanchored_pose-none_0262,finfet,unanchored,none,high,False,16,30,-1
finfet_unanchored_pose-none_0262,finfet,unanchored,none,high,True,2,30,-1
finfet_unanchored_pose-none_0262,finfet,unanchored,none,high,True,4,30,-1
finfet_unanchored_pose-none_0262,finfet,unanchored,none,high,True,8,30,-1
finfet_unanchored_pose-none_0262,finfet,unanchored,none,high,True,16,30,-1
finfet_unanchored_pose-none_0263,finfet,unanchored,none,high,False,2,30,-1
finfet_unanchored_pose-none_0263,finfet,unanchored,none,high,False,4,30,-1
finfet_unanchored_pose-none_0263,finfet,unanchored,none,high,False,8,30,-1
finfet_unanchored_pose-none_0263,finfet,unanchored,none,high,False,16,30,-1
finfet_unanchored_pose-none_0263,finfet,unanchored,none,high,True,2,30,-1
finfet_unanchored_pose-none_0263,finfet,unanchored,none,high,True,4,30,-1
finfet_unanchored_pose-none_0263,finfet,unanchored,none,high,True,8,30,-1
finfet_unanchored_pose-none_0263,finfet,unanchored,none,high,True,16,30,-1
finfet_unanchored_pose-none_0264,finfet,unanchored,none,high,False,2,30,-1
finfet_unanchored_pose-none_0264,finfet,unanchored,none,high,False,4,30,-1
finfet_unanchored_pose-none_0264,finfet,unanchored,none,high,False,8,30,-1
finfet_unanchored_pose-none_0264,finfet,unanchored,none,high,False,16,30,-1
finfet_unanchored_pose-none_0264,finfet,unanchored,none,high,True,2,30,-1
finfet_unanchored_pose-none_0264,finfet,unanchored,none,high,True,4,30,-1
finfet_unanchored_pose-none_0264,finfet,unanchored,none,high,True,8,30,-1
finfet_unanchored_pose-none_0264,finfet,unanchored,none,high,True,16,30,-1
finfet_unanchored_pose-none_0265,finfet,unanchored,none,high,False,2,30,-1
finfet_unanchored_pose-none_0265,finfet,unanchored,none,high,False,4,30,-1
finfet_unanchored_pose-none_0265,finfet,unanchored,none,high,False,8,30,-1
finfet_unanchored_pose-none_0265,finfet,unanchored,none,high,False,16,30,-1
finfet_unanchored_pose-none_0265,finfet,unanchored,none,high,True,2,30,-1
finfet_unanchored_pose-none_0265,finfet,unanchored,none,high,True,4,30,-1
finfet_unanchored_pose-none_0265,finfet,unanchored,none,high,True,8,30,-1
finfet_unanchored_pose-none_0265,finfet,unanchored,none,high,True,16,30,-1
finfet_unanchored_pose-none_0266,finfet,unanchored,none,high,False,2,30,-1
finfet_unanchored_pose-none_0266,finfet,unanchored,none,high,False,4,30,-1
finfet_unanchored_pose-none_0266,finfet,unanchored,none,high,False,8,30,-1
finfet_unanchored_pose-none_0266,finfet,unanchored,none,high,False,16,30,-1
finfet_unanchored_pose-none_0266,finfet,unanchored,none,high,True,2,30,-1
finfet_unanchored_pose-none_0266,finfet,unanchored,none,high,True,4,30,-1
finfet_unanchored_pose-none_0266,finfet,unanchored,none,high,True,8,30,-1
finfet_unanchored_pose-none_0266,finfet,unanchored,none,high,True,16,30,-1
finfet_unanchored_pose-none_0267,finfet,unanchored,none,high,False,2,30,-1
finfet_unanchored_pose-none_0267,finfet,unanchored,none,high,False,4,30,-1
finfet_unanchored_pose-none_0267,finfet,unanchored,none,high,False,8,30,-1
finfet_unanchored_pose-none_0267,finfet,unanchored,none,high,False,16,30,-1
finfet_unanchored_pose-none_0267,finfet,unanchored,none,high,True,2,30,-1
finfet_unanchored_pose-none_0267,finfet,unanchored,none,high,True,4,30,-1
finfet_unanchored_pose-none_0267,finfet,unanchored,none,high,True,8,30,-1
finfet_unanchored_pose-none_0267,finfet,unanchored,none,high,True,16,30,-1
finfet_unanchored_pose-none_0268,finfet,unanchored,none,high,False,2,30,-1
finfet_unanchored_pose-none_0268,finfet,unanchored,none,high,False,4,30,-1
finfet_unanchored_pose-none_0268,finfet,unanchored,none,high,False,8,30,-1
finfet_unanchored_pose-none_0268,finfet,unanchored,none,high,False,16,30,-1
finfet_unanchored_pose-none_0268,finfet,unanchored,none,high,True,2,30,-1
finfet_unanchored_pose-none_0268,finfet,unanchored,none,high,True,4,30,-1
finfet_unanchored_pose-none_0268,finfet,unanchored,none,high,True,8,30,-1
finfet_unanchored_pose-none_0268,finfet,unanchored,none,high,True,16,30,-1
finfet_unanchored_pose-none_0269,finfet,unanchored,none,high,False,2,30,-1
finfet_unanchored_pose-none_0269,finfet,unanchored,none,high,False,4,30,-1
finfet_unanchored_pose-none_0269,finfet,unanchored,none,high,False,8,30,-1
finfet_unanchored_pose-none_0269,finfet,unanchored,none,high,False,16,30,-1
finfet_unanchored_pose-none_0269,finfet,unanchored,none,high,True,2,30,-1
finfet_unanchored_pose-none_0269,finfet,unanchored,none,high,True,4,30,-1
finfet_unanchored_pose-none_0269,finfet,unanchored,none,high,True,8,30,-1
finfet_unanchored_pose-none_0269,finfet,unanchored,none,high,True,16,30,-1
finfet_unanchored_pose-small_0270,finfet,unanchored,small,low,False,2,30,-1
finfet_unanchored_pose-small_0270,finfet,unanchored,small,low,False,4,30,-1
finfet_unanchored_pose-small_0270,finfet,unanchored,small,low,False,8,30,-1
finfet_unanchored_pose-small_0270,finfet,unanchored,small,low,False,16,30,-1
finfet_unanchored_pose-small_0270,finfet,unanchored,small,low,True,2,30,-1
finfet_unanchored_pose-small_0270,finfet,unanchored,small,low,True,4,30,-1
finfet_unanchored_pose-small_0270,finfet,unanchored,small,low,True,8,30,-1
finfet_unanchored_pose-small_0270,finfet,unanchored,small,low,True,16,30,-1
finfet_unanchored_pose-small_0271,finfet,unanchored,small,low,False,2,30,-1
finfet_unanchored_pose-small_0271,finfet,unanchored,small,low,False,4,30,-1
finfet_unanchored_pose-small_0271,finfet,unanchored,small,low,False,8,30,-1
finfet_unanchored_pose-small_0271,finfet,unanchored,small,low,False,16,30,-1
finfet_unanchored_pose-small_0271,finfet,unanchored,small,low,True,2,30,-1
finfet_unanchored_pose-small_0271,finfet,unanchored,small,low,True,4,30,-1
finfet_unanchored_pose-small_0271,finfet,unanchored,small,low,True,8,30,-1
finfet_unanchored_pose-small_0271,finfet,unanchored,small,low,True,16,30,-1
finfet_unanchored_pose-small_0272,finfet,unanchored,small,low,False,2,30,-1
finfet_unanchored_pose-small_0272,finfet,unanchored,small,low,False,4,30,-1
finfet_unanchored_pose-small_0272,finfet,unanchored,small,low,False,8,30,-1
finfet_unanchored_pose-small_0272,finfet,unanchored,small,low,False,16,30,-1
finfet_unanchored_pose-small_0272,finfet,unanchored,small,low,True,2,30,-1
finfet_unanchored_pose-small_0272,finfet,unanchored,small,low,True,4,30,-1
finfet_unanchored_pose-small_0272,finfet,unanchored,small,low,True,8,30,-1
finfet_unanchored_pose-small_0272,finfet,unanchored,small,low,True,16,30,-1
finfet_unanchored_pose-small_0273,finfet,unanchored,small,low,False,2,30,-1
finfet_unanchored_pose-small_0273,finfet,unanchored,small,low,False,4,30,-1
finfet_unanchored_pose-small_0273,finfet,unanchored,small,low,False,8,30,-1
finfet_unanchored_pose-small_0273,finfet,unanchored,small,low,False,16,30,-1
finfet_unanchored_pose-small_0273,finfet,unanchored,small,low,True,2,30,-1
finfet_unanchored_pose-small_0273,finfet,unanchored,small,low,True,4,30,-1
finfet_unanchored_pose-small_0273,finfet,unanchored,small,low,True,8,30,-1
finfet_unanchored_pose-small_0273,finfet,unanchored,small,low,True,16,30,-1
finfet_unanchored_pose-small_0274,finfet,unanchored,small,low,False,2,30,-1
finfet_unanchored_pose-small_0274,finfet,unanchored,small,low,False,4,30,-1
finfet_unanchored_pose-small_0274,finfet,unanchored,small,low,False,8,30,-1
finfet_unanchored_pose-small_0274,finfet,unanchored,small,low,False,16,30,-1
finfet_unanchored_pose-small_0274,finfet,unanchored,small,low,True,2,30,-1
finfet_unanchored_pose-small_0274,finfet,unanchored,small,low,True,4,30,-1
finfet_unanchored_pose-small_0274,finfet,unanchored,small,low,True,8,30,-1
finfet_unanchored_pose-small_0274,finfet,unanchored,small,low,True,16,30,-1
finfet_unanchored_pose-small_0275,finfet,unanchored,small,low,False,2,30,-1
finfet_unanchored_pose-small_0275,finfet,unanchored,small,low,False,4,30,-1
finfet_unanchored_pose-small_0275,finfet,unanchored,small,low,False,8,30,-1
finfet_unanchored_pose-small_0275,finfet,unanchored,small,low,False,16,30,-1
finfet_unanchored_pose-small_0275,finfet,unanchored,small,low,True,2,30,-1
finfet_unanchored_pose-small_0275,finfet,unanchored,small,low,True,4,30,-1
finfet_unanchored_pose-small_0275,finfet,unanchored,small,low,True,8,30,-1
finfet_unanchored_pose-small_0275,finfet,unanchored,small,low,True,16,30,-1
finfet_unanchored_pose-small_0276,finfet,unanchored,small,low,False,2,30,-1
finfet_unanchored_pose-small_0276,finfet,unanchored,small,low,False,4,30,-1
finfet_unanchored_pose-small_0276,finfet,unanchored,small,low,False,8,30,-1
finfet_unanchored_pose-small_0276,finfet,unanchored,small,low,False,16,30,-1
finfet_unanchored_pose-small_0276,finfet,unanchored,small,low,True,2,30,-1
finfet_unanchored_pose-small_0276,finfet,unanchored,small,low,True,4,30,-1
finfet_unanchored_pose-small_0276,finfet,unanchored,small,low,True,8,30,-1
finfet_unanchored_pose-small_0276,finfet,unanchored,small,low,True,16,30,-1
finfet_unanchored_pose-small_0277,finfet,unanchored,small,low,False,2,30,-1
finfet_unanchored_pose-small_0277,finfet,unanchored,small,low,False,4,30,-1
finfet_unanchored_pose-small_0277,finfet,unanchored,small,low,False,8,30,-1
finfet_unanchored_pose-small_0277,finfet,unanchored,small,low,False,16,30,-1
finfet_unanchored_pose-small_0277,finfet,unanchored,small,low,True,2,30,-1
finfet_unanchored_pose-small_0277,finfet,unanchored,small,low,True,4,30,-1
finfet_unanchored_pose-small_0277,finfet,unanchored,small,low,True,8,30,-1
finfet_unanchored_pose-small_0277,finfet,unanchored,small,low,True,16,30,-1
finfet_unanchored_pose-small_0278,finfet,unanchored,small,low,False,2,30,-1
finfet_unanchored_pose-small_0278,finfet,unanchored,small,low,False,4,30,-1
finfet_unanchored_pose-small_0278,finfet,unanchored,small,low,False,8,30,-1
finfet_unanchored_pose-small_0278,finfet,unanchored,small,low,False,16,30,-1
finfet_unanchored_pose-small_0278,finfet,unanchored,small,low,True,2,30,-1
finfet_unanchored_pose-small_0278,finfet,unanchored,small,low,True,4,30,-1
finfet_unanchored_pose-small_0278,finfet,unanchored,small,low,True,8,30,-1
finfet_unanchored_pose-small_0278,finfet,unanchored,small,low,True,16,30,-1
finfet_unanchored_pose-small_0279,finfet,unanchored,small,medium,False,2,30,-1
finfet_unanchored_pose-small_0279,finfet,unanchored,small,medium,False,4,30,-1
finfet_unanchored_pose-small_0279,finfet,unanchored,small,medium,False,8,30,-1
finfet_unanchored_pose-small_0279,finfet,unanchored,small,medium,False,16,30,-1
finfet_unanchored_pose-small_0279,finfet,unanchored,small,medium,True,2,30,-1
finfet_unanchored_pose-small_0279,finfet,unanchored,small,medium,True,4,30,-1
finfet_unanchored_pose-small_0279,finfet,unanchored,small,medium,True,8,30,-1
finfet_unanchored_pose-small_0279,finfet,unanchored,small,medium,True,16,30,-1
finfet_unanchored_pose-small_0280,finfet,unanchored,small,medium,False,2,30,-1
finfet_unanchored_pose-small_0280,finfet,unanchored,small,medium,False,4,30,-1
finfet_unanchored_pose-small_0280,finfet,unanchored,small,medium,False,8,30,-1
finfet_unanchored_pose-small_0280,finfet,unanchored,small,medium,False,16,30,-1
finfet_unanchored_pose-small_0280,finfet,unanchored,small,medium,True,2,30,-1
finfet_unanchored_pose-small_0280,finfet,unanchored,small,medium,True,4,30,-1
finfet_unanchored_pose-small_0280,finfet,unanchored,small,medium,True,8,30,-1
finfet_unanchored_pose-small_0280,finfet,unanchored,small,medium,True,16,30,-1
finfet_unanchored_pose-small_0281,finfet,unanchored,small,medium,False,2,30,-1
finfet_unanchored_pose-small_0281,finfet,unanchored,small,medium,False,4,30,-1
finfet_unanchored_pose-small_0281,finfet,unanchored,small,medium,False,8,30,-1
finfet_unanchored_pose-small_0281,finfet,unanchored,small,medium,False,16,30,-1
finfet_unanchored_pose-small_0281,finfet,unanchored,small,medium,True,2,30,-1
finfet_unanchored_pose-small_0281,finfet,unanchored,small,medium,True,4,30,-1
finfet_unanchored_pose-small_0281,finfet,unanchored,small,medium,True,8,30,-1
finfet_unanchored_pose-small_0281,finfet,unanchored,small,medium,True,16,30,-1
finfet_unanchored_pose-small_0282,finfet,unanchored,small,medium,False,2,30,-1
finfet_unanchored_pose-small_0282,finfet,unanchored,small,medium,False,4,30,-1
finfet_unanchored_pose-small_0282,finfet,unanchored,small,medium,False,8,30,-1
finfet_unanchored_pose-small_0282,finfet,unanchored,small,medium,False,16,30,-1
finfet_unanchored_pose-small_0282,finfet,unanchored,small,medium,True,2,30,-1
finfet_unanchored_pose-small_0282,finfet,unanchored,small,medium,True,4,30,-1
finfet_unanchored_pose-small_0282,finfet,unanchored,small,medium,True,8,30,-1
finfet_unanchored_pose-small_0282,finfet,unanchored,small,medium,True,16,30,-1
finfet_unanchored_pose-small_0283,finfet,unanchored,small,medium,False,2,30,-1
finfet_unanchored_pose-small_0283,finfet,unanchored,small,medium,False,4,30,-1
finfet_unanchored_pose-small_0283,finfet,unanchored,small,medium,False,8,30,-1
finfet_unanchored_pose-small_0283,finfet,unanchored,small,medium,False,16,30,-1
finfet_unanchored_pose-small_0283,finfet,unanchored,small,medium,True,2,30,-1
finfet_unanchored_pose-small_0283,finfet,unanchored,small,medium,True,4,30,-1
finfet_unanchored_pose-small_0283,finfet,unanchored,small,medium,True,8,30,-1
finfet_unanchored_pose-small_0283,finfet,unanchored,small,medium,True,16,30,-1
finfet_unanchored_pose-small_0284,finfet,unanchored,small,medium,False,2,30,-1
finfet_unanchored_pose-small_0284,finfet,unanchored,small,medium,False,4,30,-1
finfet_unanchored_pose-small_0284,finfet,unanchored,small,medium,False,8,30,-1
finfet_unanchored_pose-small_0284,finfet,unanchored,small,medium,False,16,30,-1
finfet_unanchored_pose-small_0284,finfet,unanchored,small,medium,True,2,30,-1
finfet_unanchored_pose-small_0284,finfet,unanchored,small,medium,True,4,30,-1
finfet_unanchored_pose-small_0284,finfet,unanchored,small,medium,True,8,30,-1
finfet_unanchored_pose-small_0284,finfet,unanchored,small,medium,True,16,30,-1
finfet_unanchored_pose-small_0285,finfet,unanchored,small,medium,False,2,30,-1
finfet_unanchored_pose-small_0285,finfet,unanchored,small,medium,False,4,30,-1
finfet_unanchored_pose-small_0285,finfet,unanchored,small,medium,False,8,30,-1
finfet_unanchored_pose-small_0285,finfet,unanchored,small,medium,False,16,30,-1
finfet_unanchored_pose-small_0285,finfet,unanchored,small,medium,True,2,30,-1
finfet_unanchored_pose-small_0285,finfet,unanchored,small,medium,True,4,30,-1
finfet_unanchored_pose-small_0285,finfet,unanchored,small,medium,True,8,30,-1
finfet_unanchored_pose-small_0285,finfet,unanchored,small,medium,True,16,30,-1
finfet_unanchored_pose-small_0286,finfet,unanchored,small,medium,False,2,30,-1
finfet_unanchored_pose-small_0286,finfet,unanchored,small,medium,False,4,30,-1
finfet_unanchored_pose-small_0286,finfet,unanchored,small,medium,False,8,30,-1
finfet_unanchored_pose-small_0286,finfet,unanchored,small,medium,False,16,30,-1
finfet_unanchored_pose-small_0286,finfet,unanchored,small,medium,True,2,30,-1
finfet_unanchored_pose-small_0286,finfet,unanchored,small,medium,True,4,30,-1
finfet_unanchored_pose-small_0286,finfet,unanchored,small,medium,True,8,30,-1
finfet_unanchored_pose-small_0286,finfet,unanchored,small,medium,True,16,30,-1
finfet_unanchored_pose-small_0287,finfet,unanchored,small,medium,False,2,30,-1
finfet_unanchored_pose-small_0287,finfet,unanchored,small,medium,False,4,30,-1
finfet_unanchored_pose-small_0287,finfet,unanchored,small,medium,False,8,30,-1
finfet_unanchored_pose-small_0287,finfet,unanchored,small,medium,False,16,30,-1
finfet_unanchored_pose-small_0287,finfet,unanchored,small,medium,True,2,30,-1
finfet_unanchored_pose-small_0287,finfet,unanchored,small,medium,True,4,30,-1
finfet_unanchored_pose-small_0287,finfet,unanchored,small,medium,True,8,30,-1
finfet_unanchored_pose-small_0287,finfet,unanchored,small,medium,True,16,30,-1
finfet_unanchored_pose-small_0288,finfet,unanchored,small,high,False,2,30,-1
finfet_unanchored_pose-small_0288,finfet,unanchored,small,high,False,4,30,-1
finfet_unanchored_pose-small_0288,finfet,unanchored,small,high,False,8,30,-1
finfet_unanchored_pose-small_0288,finfet,unanchored,small,high,False,16,30,-1
finfet_unanchored_pose-small_0288,finfet,unanchored,small,high,True,2,30,-1
finfet_unanchored_pose-small_0288,finfet,unanchored,small,high,True,4,30,-1
finfet_unanchored_pose-small_0288,finfet,unanchored,small,high,True,8,30,-1
finfet_unanchored_pose-small_0288,finfet,unanchored,small,high,True,16,30,-1
finfet_unanchored_pose-small_0289,finfet,unanchored,small,high,False,2,30,-1
finfet_unanchored_pose-small_0289,finfet,unanchored,small,high,False,4,30,-1
finfet_unanchored_pose-small_0289,finfet,unanchored,small,high,False,8,30,-1
finfet_unanchored_pose-small_0289,finfet,unanchored,small,high,False,16,30,-1
finfet_unanchored_pose-small_0289,finfet,unanchored,small,high,True,2,30,-1
finfet_unanchored_pose-small_0289,finfet,unanchored,small,high,True,4,30,-1
finfet_unanchored_pose-small_0289,finfet,unanchored,small,high,True,8,30,-1
finfet_unanchored_pose-small_0289,finfet,unanchored,small,high,True,16,30,-1
finfet_unanchored_pose-small_0290,finfet,unanchored,small,high,False,2,30,-1
finfet_unanchored_pose-small_0290,finfet,unanchored,small,high,False,4,30,-1
finfet_unanchored_pose-small_0290,finfet,unanchored,small,high,False,8,30,-1
finfet_unanchored_pose-small_0290,finfet,unanchored,small,high,False,16,30,-1
finfet_unanchored_pose-small_0290,finfet,unanchored,small,high,True,2,30,-1
finfet_unanchored_pose-small_0290,finfet,unanchored,small,high,True,4,30,-1
finfet_unanchored_pose-small_0290,finfet,unanchored,small,high,True,8,30,-1
finfet_unanchored_pose-small_0290,finfet,unanchored,small,high,True,16,30,-1
finfet_unanchored_pose-small_0291,finfet,unanchored,small,high,False,2,30,-1
finfet_unanchored_pose-small_0291,finfet,unanchored,small,high,False,4,30,-1
finfet_unanchored_pose-small_0291,finfet,unanchored,small,high,False,8,30,-1
finfet_unanchored_pose-small_0291,finfet,unanchored,small,high,False,16,30,-1
finfet_unanchored_pose-small_0291,finfet,unanchored,small,high,True,2,30,-1
finfet_unanchored_pose-small_0291,finfet,unanchored,small,high,True,4,30,-1
finfet_unanchored_pose-small_0291,finfet,unanchored,small,high,True,8,30,-1
finfet_unanchored_pose-small_0291,finfet,unanchored,small,high,True,16,30,-1
finfet_unanchored_pose-small_0292,finfet,unanchored,small,high,False,2,30,-1
finfet_unanchored_pose-small_0292,finfet,unanchored,small,high,False,4,30,-1
finfet_unanchored_pose-small_0292,finfet,unanchored,small,high,False,8,30,-1
finfet_unanchored_pose-small_0292,finfet,unanchored,small,high,False,16,30,-1
finfet_unanchored_pose-small_0292,finfet,unanchored,small,high,True,2,30,-1
finfet_unanchored_pose-small_0292,finfet,unanchored,small,high,True,4,30,-1
finfet_unanchored_pose-small_0292,finfet,unanchored,small,high,True,8,30,-1
finfet_unanchored_pose-small_0292,finfet,unanchored,small,high,True,16,30,-1
finfet_unanchored_pose-small_0293,finfet,unanchored,small,high,False,2,30,-1
finfet_unanchored_pose-small_0293,finfet,unanchored,small,high,False,4,30,-1
finfet_unanchored_pose-small_0293,finfet,unanchored,small,high,False,8,30,-1
finfet_unanchored_pose-small_0293,finfet,unanchored,small,high,False,16,30,-1
finfet_unanchored_pose-small_0293,finfet,unanchored,small,high,True,2,30,-1
finfet_unanchored_pose-small_0293,finfet,unanchored,small,high,True,4,30,-1
finfet_unanchored_pose-small_0293,finfet,unanchored,small,high,True,8,30,-1
finfet_unanchored_pose-small_0293,finfet,unanchored,small,high,True,16,30,-1
finfet_unanchored_pose-small_0294,finfet,unanchored,small,high,False,2,30,-1
finfet_unanchored_pose-small_0294,finfet,unanchored,small,high,False,4,30,-1
finfet_unanchored_pose-small_0294,finfet,unanchored,small,high,False,8,30,-1
finfet_unanchored_pose-small_0294,finfet,unanchored,small,high,False,16,30,-1
finfet_unanchored_pose-small_0294,finfet,unanchored,small,high,True,2,30,-1
finfet_unanchored_pose-small_0294,finfet,unanchored,small,high,True,4,30,-1
finfet_unanchored_pose-small_0294,finfet,unanchored,small,high,True,8,30,-1
finfet_unanchored_pose-small_0294,finfet,unanchored,small,high,True,16,30,-1
finfet_unanchored_pose-small_0295,finfet,unanchored,small,high,False,2,30,-1
finfet_unanchored_pose-small_0295,finfet,unanchored,small,high,False,4,30,-1
finfet_unanchored_pose-small_0295,finfet,unanchored,small,high,False,8,30,-1
finfet_unanchored_pose-small_0295,finfet,unanchored,small,high,False,16,30,-1
finfet_unanchored_pose-small_0295,finfet,unanchored,small,high,True,2,30,-1
finfet_unanchored_pose-small_0295,finfet,unanchored,small,high,True,4,30,-1
finfet_unanchored_pose-small_0295,finfet,unanchored,small,high,True,8,30,-1
finfet_unanchored_pose-small_0295,finfet,unanchored,small,high,True,16,30,-1
finfet_unanchored_pose-small_0296,finfet,unanchored,small,high,False,2,30,-1
finfet_unanchored_pose-small_0296,finfet,unanchored,small,high,False,4,30,-1
finfet_unanchored_pose-small_0296,finfet,unanchored,small,high,False,8,30,-1
finfet_unanchored_pose-small_0296,finfet,unanchored,small,high,False,16,30,-1
finfet_unanchored_pose-small_0296,finfet,unanchored,small,high,True,2,30,-1
finfet_unanchored_pose-small_0296,finfet,unanchored,small,high,True,4,30,-1
finfet_unanchored_pose-small_0296,finfet,unanchored,small,high,True,8,30,-1
finfet_unanchored_pose-small_0296,finfet,unanchored,small,high,True,16,30,-1
finfet_unanchored_pose-large_0297,finfet,unanchored,large,low,False,2,30,-1
finfet_unanchored_pose-large_0297,finfet,unanchored,large,low,False,4,30,-1
finfet_unanchored_pose-large_0297,finfet,unanchored,large,low,False,8,30,-1
finfet_unanchored_pose-large_0297,finfet,unanchored,large,low,False,16,30,-1
finfet_unanchored_pose-large_0297,finfet,unanchored,large,low,True,2,30,-1
finfet_unanchored_pose-large_0297,finfet,unanchored,large,low,True,4,30,-1
finfet_unanchored_pose-large_0297,finfet,unanchored,large,low,True,8,30,-1
finfet_unanchored_pose-large_0297,finfet,unanchored,large,low,True,16,30,-1
finfet_unanchored_pose-large_0298,finfet,unanchored,large,low,False,2,30,-1
finfet_unanchored_pose-large_0298,finfet,unanchored,large,low,False,4,30,-1
finfet_unanchored_pose-large_0298,finfet,unanchored,large,low,False,8,30,-1
finfet_unanchored_pose-large_0298,finfet,unanchored,large,low,False,16,30,-1
finfet_unanchored_pose-large_0298,finfet,unanchored,large,low,True,2,30,-1
finfet_unanchored_pose-large_0298,finfet,unanchored,large,low,True,4,30,-1
finfet_unanchored_pose-large_0298,finfet,unanchored,large,low,True,8,30,-1
finfet_unanchored_pose-large_0298,finfet,unanchored,large,low,True,16,30,-1
finfet_unanchored_pose-large_0299,finfet,unanchored,large,low,False,2,30,-1
finfet_unanchored_pose-large_0299,finfet,unanchored,large,low,False,4,30,-1
finfet_unanchored_pose-large_0299,finfet,unanchored,large,low,False,8,30,-1
finfet_unanchored_pose-large_0299,finfet,unanchored,large,low,False,16,30,-1
finfet_unanchored_pose-large_0299,finfet,unanchored,large,low,True,2,30,-1
finfet_unanchored_pose-large_0299,finfet,unanchored,large,low,True,4,30,-1
finfet_unanchored_pose-large_0299,finfet,unanchored,large,low,True,8,30,-1
finfet_unanchored_pose-large_0299,finfet,unanchored,large,low,True,16,30,-1
finfet_unanchored_pose-large_0300,finfet,unanchored,large,low,False,2,30,-1
finfet_unanchored_pose-large_0300,finfet,unanchored,large,low,False,4,30,-1
finfet_unanchored_pose-large_0300,finfet,unanchored,large,low,False,8,30,-1
finfet_unanchored_pose-large_0300,finfet,unanchored,large,low,False,16,30,-1
finfet_unanchored_pose-large_0300,finfet,unanchored,large,low,True,2,30,-1
finfet_unanchored_pose-large_0300,finfet,unanchored,large,low,True,4,30,-1
finfet_unanchored_pose-large_0300,finfet,unanchored,large,low,True,8,30,-1
finfet_unanchored_pose-large_0300,finfet,unanchored,large,low,True,16,30,-1
finfet_unanchored_pose-large_0301,finfet,unanchored,large,low,False,2,30,-1
finfet_unanchored_pose-large_0301,finfet,unanchored,large,low,False,4,30,-1
finfet_unanchored_pose-large_0301,finfet,unanchored,large,low,False,8,30,-1
finfet_unanchored_pose-large_0301,finfet,unanchored,large,low,False,16,30,-1
finfet_unanchored_pose-large_0301,finfet,unanchored,large,low,True,2,30,-1
finfet_unanchored_pose-large_0301,finfet,unanchored,large,low,True,4,30,-1
finfet_unanchored_pose-large_0301,finfet,unanchored,large,low,True,8,30,-1
finfet_unanchored_pose-large_0301,finfet,unanchored,large,low,True,16,30,-1
finfet_unanchored_pose-large_0302,finfet,unanchored,large,low,False,2,30,-1
finfet_unanchored_pose-large_0302,finfet,unanchored,large,low,False,4,30,-1
finfet_unanchored_pose-large_0302,finfet,unanchored,large,low,False,8,30,-1
finfet_unanchored_pose-large_0302,finfet,unanchored,large,low,False,16,30,-1
finfet_unanchored_pose-large_0302,finfet,unanchored,large,low,True,2,30,-1
finfet_unanchored_pose-large_0302,finfet,unanchored,large,low,True,4,30,-1
finfet_unanchored_pose-large_0302,finfet,unanchored,large,low,True,8,30,-1
finfet_unanchored_pose-large_0302,finfet,unanchored,large,low,True,16,30,-1
finfet_unanchored_pose-large_0303,finfet,unanchored,large,low,False,2,30,-1
finfet_unanchored_pose-large_0303,finfet,unanchored,large,low,False,4,30,-1
finfet_unanchored_pose-large_0303,finfet,unanchored,large,low,False,8,30,-1
finfet_unanchored_pose-large_0303,finfet,unanchored,large,low,False,16,30,-1
finfet_unanchored_pose-large_0303,finfet,unanchored,large,low,True,2,30,-1
finfet_unanchored_pose-large_0303,finfet,unanchored,large,low,True,4,30,-1
finfet_unanchored_pose-large_0303,finfet,unanchored,large,low,True,8,30,-1
finfet_unanchored_pose-large_0303,finfet,unanchored,large,low,True,16,30,-1
finfet_unanchored_pose-large_0304,finfet,unanchored,large,low,False,2,30,-1
finfet_unanchored_pose-large_0304,finfet,unanchored,large,low,False,4,30,-1
finfet_unanchored_pose-large_0304,finfet,unanchored,large,low,False,8,30,-1
finfet_unanchored_pose-large_0304,finfet,unanchored,large,low,False,16,30,-1
finfet_unanchored_pose-large_0304,finfet,unanchored,large,low,True,2,30,-1
finfet_unanchored_pose-large_0304,finfet,unanchored,large,low,True,4,30,-1
finfet_unanchored_pose-large_0304,finfet,unanchored,large,low,True,8,30,-1
finfet_unanchored_pose-large_0304,finfet,unanchored,large,low,True,16,30,-1
finfet_unanchored_pose-large_0305,finfet,unanchored,large,low,False,2,30,-1
finfet_unanchored_pose-large_0305,finfet,unanchored,large,low,False,4,30,-1
finfet_unanchored_pose-large_0305,finfet,unanchored,large,low,False,8,30,-1
finfet_unanchored_pose-large_0305,finfet,unanchored,large,low,False,16,30,-1
finfet_unanchored_pose-large_0305,finfet,unanchored,large,low,True,2,30,-1
finfet_unanchored_pose-large_0305,finfet,unanchored,large,low,True,4,30,-1
finfet_unanchored_pose-large_0305,finfet,unanchored,large,low,True,8,30,-1
finfet_unanchored_pose-large_0305,finfet,unanchored,large,low,True,16,30,-1
finfet_unanchored_pose-large_0306,finfet,unanchored,large,medium,False,2,30,-1
finfet_unanchored_pose-large_0306,finfet,unanchored,large,medium,False,4,30,-1
finfet_unanchored_pose-large_0306,finfet,unanchored,large,medium,False,8,30,-1
finfet_unanchored_pose-large_0306,finfet,unanchored,large,medium,False,16,30,-1
finfet_unanchored_pose-large_0306,finfet,unanchored,large,medium,True,2,30,-1
finfet_unanchored_pose-large_0306,finfet,unanchored,large,medium,True,4,30,-1
finfet_unanchored_pose-large_0306,finfet,unanchored,large,medium,True,8,30,-1
finfet_unanchored_pose-large_0306,finfet,unanchored,large,medium,True,16,30,-1
finfet_unanchored_pose-large_0307,finfet,unanchored,large,medium,False,2,30,-1
finfet_unanchored_pose-large_0307,finfet,unanchored,large,medium,False,4,30,-1
finfet_unanchored_pose-large_0307,finfet,unanchored,large,medium,False,8,30,-1
finfet_unanchored_pose-large_0307,finfet,unanchored,large,medium,False,16,30,-1
finfet_unanchored_pose-large_0307,finfet,unanchored,large,medium,True,2,30,-1
finfet_unanchored_pose-large_0307,finfet,unanchored,large,medium,True,4,30,-1
finfet_unanchored_pose-large_0307,finfet,unanchored,large,medium,True,8,30,-1
finfet_unanchored_pose-large_0307,finfet,unanchored,large,medium,True,16,30,-1
finfet_unanchored_pose-large_0308,finfet,unanchored,large,medium,False,2,30,-1
finfet_unanchored_pose-large_0308,finfet,unanchored,large,medium,False,4,30,-1
finfet_unanchored_pose-large_0308,finfet,unanchored,large,medium,False,8,30,-1
finfet_unanchored_pose-large_0308,finfet,unanchored,large,medium,False,16,30,-1
finfet_unanchored_pose-large_0308,finfet,unanchored,large,medium,True,2,30,-1
finfet_unanchored_pose-large_0308,finfet,unanchored,large,medium,True,4,30,-1
finfet_unanchored_pose-large_0308,finfet,unanchored,large,medium,True,8,30,-1
finfet_unanchored_pose-large_0308,finfet,unanchored,large,medium,True,16,30,-1
finfet_unanchored_pose-large_0309,finfet,unanchored,large,medium,False,2,30,-1
finfet_unanchored_pose-large_0309,finfet,unanchored,large,medium,False,4,30,-1
finfet_unanchored_pose-large_0309,finfet,unanchored,large,medium,False,8,30,-1
finfet_unanchored_pose-large_0309,finfet,unanchored,large,medium,False,16,30,-1
finfet_unanchored_pose-large_0309,finfet,unanchored,large,medium,True,2,30,-1
finfet_unanchored_pose-large_0309,finfet,unanchored,large,medium,True,4,30,-1
finfet_unanchored_pose-large_0309,finfet,unanchored,large,medium,True,8,30,-1
finfet_unanchored_pose-large_0309,finfet,unanchored,large,medium,True,16,30,-1
finfet_unanchored_pose-large_0310,finfet,unanchored,large,medium,False,2,30,-1
finfet_unanchored_pose-large_0310,finfet,unanchored,large,medium,False,4,30,-1
finfet_unanchored_pose-large_0310,finfet,unanchored,large,medium,False,8,30,-1
finfet_unanchored_pose-large_0310,finfet,unanchored,large,medium,False,16,30,-1
finfet_unanchored_pose-large_0310,finfet,unanchored,large,medium,True,2,30,-1
finfet_unanchored_pose-large_0310,finfet,unanchored,large,medium,True,4,30,-1
finfet_unanchored_pose-large_0310,finfet,unanchored,large,medium,True,8,30,-1
finfet_unanchored_pose-large_0310,finfet,unanchored,large,medium,True,16,30,-1
finfet_unanchored_pose-large_0311,finfet,unanchored,large,medium,False,2,30,-1
finfet_unanchored_pose-large_0311,finfet,unanchored,large,medium,False,4,30,-1
finfet_unanchored_pose-large_0311,finfet,unanchored,large,medium,False,8,30,-1
finfet_unanchored_pose-large_0311,finfet,unanchored,large,medium,False,16,30,-1
finfet_unanchored_pose-large_0311,finfet,unanchored,large,medium,True,2,30,-1
finfet_unanchored_pose-large_0311,finfet,unanchored,large,medium,True,4,30,-1
finfet_unanchored_pose-large_0311,finfet,unanchored,large,medium,True,8,30,-1
finfet_unanchored_pose-large_0311,finfet,unanchored,large,medium,True,16,30,-1
finfet_unanchored_pose-large_0312,finfet,unanchored,large,medium,False,2,30,-1
finfet_unanchored_pose-large_0312,finfet,unanchored,large,medium,False,4,30,-1
finfet_unanchored_pose-large_0312,finfet,unanchored,large,medium,False,8,30,-1
finfet_unanchored_pose-large_0312,finfet,unanchored,large,medium,False,16,30,-1
finfet_unanchored_pose-large_0312,finfet,unanchored,large,medium,True,2,30,-1
finfet_unanchored_pose-large_0312,finfet,unanchored,large,medium,True,4,30,-1
finfet_unanchored_pose-large_0312,finfet,unanchored,large,medium,True,8,30,-1
finfet_unanchored_pose-large_0312,finfet,unanchored,large,medium,True,16,30,-1
finfet_unanchored_pose-large_0313,finfet,unanchored,large,medium,False,2,30,-1
finfet_unanchored_pose-large_0313,finfet,unanchored,large,medium,False,4,30,-1
finfet_unanchored_pose-large_0313,finfet,unanchored,large,medium,False,8,30,-1
finfet_unanchored_pose-large_0313,finfet,unanchored,large,medium,False,16,30,-1
finfet_unanchored_pose-large_0313,finfet,unanchored,large,medium,True,2,30,-1
finfet_unanchored_pose-large_0313,finfet,unanchored,large,medium,True,4,30,-1
finfet_unanchored_pose-large_0313,finfet,unanchored,large,medium,True,8,30,-1
finfet_unanchored_pose-large_0313,finfet,unanchored,large,medium,True,16,30,-1
finfet_unanchored_pose-large_0314,finfet,unanchored,large,medium,False,2,30,-1
finfet_unanchored_pose-large_0314,finfet,unanchored,large,medium,False,4,30,-1
finfet_unanchored_pose-large_0314,finfet,unanchored,large,medium,False,8,30,-1
finfet_unanchored_pose-large_0314,finfet,unanchored,large,medium,False,16,30,-1
finfet_unanchored_pose-large_0314,finfet,unanchored,large,medium,True,2,30,-1
finfet_unanchored_pose-large_0314,finfet,unanchored,large,medium,True,4,30,-1
finfet_unanchored_pose-large_0314,finfet,unanchored,large,medium,True,8,30,-1
finfet_unanchored_pose-large_0314,finfet,unanchored,large,medium,True,16,30,-1
finfet_unanchored_pose-large_0315,finfet,unanchored,large,high,False,2,30,-1
finfet_unanchored_pose-large_0315,finfet,unanchored,large,high,False,4,30,-1
finfet_unanchored_pose-large_0315,finfet,unanchored,large,high,False,8,30,-1
finfet_unanchored_pose-large_0315,finfet,unanchored,large,high,False,16,30,-1
finfet_unanchored_pose-large_0315,finfet,unanchored,large,high,True,2,30,-1
finfet_unanchored_pose-large_0315,finfet,unanchored,large,high,True,4,30,-1
finfet_unanchored_pose-large_0315,finfet,unanchored,large,high,True,8,30,-1
finfet_unanchored_pose-large_0315,finfet,unanchored,large,high,True,16,30,-1
finfet_unanchored_pose-large_0316,finfet,unanchored,large,high,False,2,30,-1
finfet_unanchored_pose-large_0316,finfet,unanchored,large,high,False,4,30,-1
finfet_unanchored_pose-large_0316,finfet,unanchored,large,high,False,8,30,-1
finfet_unanchored_pose-large_0316,finfet,unanchored,large,high,False,16,30,-1
finfet_unanchored_pose-large_0316,finfet,unanchored,large,high,True,2,30,-1
finfet_unanchored_pose-large_0316,finfet,unanchored,large,high,True,4,30,-1
finfet_unanchored_pose-large_0316,finfet,unanchored,large,high,True,8,30,-1
finfet_unanchored_pose-large_0316,finfet,unanchored,large,high,True,16,30,-1
finfet_unanchored_pose-large_0317,finfet,unanchored,large,high,False,2,30,-1
finfet_unanchored_pose-large_0317,finfet,unanchored,large,high,False,4,30,-1
finfet_unanchored_pose-large_0317,finfet,unanchored,large,high,False,8,30,-1
finfet_unanchored_pose-large_0317,finfet,unanchored,large,high,False,16,30,-1
finfet_unanchored_pose-large_0317,finfet,unanchored,large,high,True,2,30,-1
finfet_unanchored_pose-large_0317,finfet,unanchored,large,high,True,4,30,-1
finfet_unanchored_pose-large_0317,finfet,unanchored,large,high,True,8,30,-1
finfet_unanchored_pose-large_0317,finfet,unanchored,large,high,True,16,30,-1
finfet_unanchored_pose-large_0318,finfet,unanchored,large,high,False,2,30,-1
finfet_unanchored_pose-large_0318,finfet,unanchored,large,high,False,4,30,-1
finfet_unanchored_pose-large_0318,finfet,unanchored,large,high,False,8,30,-1
finfet_unanchored_pose-large_0318,finfet,unanchored,large,high,False,16,30,-1
finfet_unanchored_pose-large_0318,finfet,unanchored,large,high,True,2,30,-1
finfet_unanchored_pose-large_0318,finfet,unanchored,large,high,True,4,30,-1
finfet_unanchored_pose-large_0318,finfet,unanchored,large,high,True,8,30,-1
finfet_unanchored_pose-large_0318,finfet,unanchored,large,high,True,16,30,-1
finfet_unanchored_pose-large_0319,finfet,unanchored,large,high,False,2,30,-1
finfet_unanchored_pose-large_0319,finfet,unanchored,large,high,False,4,30,-1
finfet_unanchored_pose-large_0319,finfet,unanchored,large,high,False,8,30,-1
finfet_unanchored_pose-large_0319,finfet,unanchored,large,high,False,16,30,-1
finfet_unanchored_pose-large_0319,finfet,unanchored,large,high,True,2,30,-1
finfet_unanchored_pose-large_0319,finfet,unanchored,large,high,True,4,30,-1
finfet_unanchored_pose-large_0319,finfet,unanchored,large,high,True,8,30,-1
finfet_unanchored_pose-large_0319,finfet,unanchored,large,high,True,16,30,-1
finfet_unanchored_pose-large_0320,finfet,unanchored,large,high,False,2,30,-1
finfet_unanchored_pose-large_0320,finfet,unanchored,large,high,False,4,30,-1
finfet_unanchored_pose-large_0320,finfet,unanchored,large,high,False,8,30,-1
finfet_unanchored_pose-large_0320,finfet,unanchored,large,high,False,16,30,-1
finfet_unanchored_pose-large_0320,finfet,unanchored,large,high,True,2,30,-1
finfet_unanchored_pose-large_0320,finfet,unanchored,large,high,True,4,30,-1
finfet_unanchored_pose-large_0320,finfet,unanchored,large,high,True,8,30,-1
finfet_unanchored_pose-large_0320,finfet,unanchored,large,high,True,16,30,-1
finfet_unanchored_pose-large_0321,finfet,unanchored,large,high,False,2,30,-1
finfet_unanchored_pose-large_0321,finfet,unanchored,large,high,False,4,30,-1
finfet_unanchored_pose-large_0321,finfet,unanchored,large,high,False,8,30,-1
finfet_unanchored_pose-large_0321,finfet,unanchored,large,high,False,16,30,-1
finfet_unanchored_pose-large_0321,finfet,unanchored,large,high,True,2,30,-1
finfet_unanchored_pose-large_0321,finfet,unanchored,large,high,True,4,30,-1
finfet_unanchored_pose-large_0321,finfet,unanchored,large,high,True,8,30,-1
finfet_unanchored_pose-large_0321,finfet,unanchored,large,high,True,16,30,-1
finfet_unanchored_pose-large_0322,finfet,unanchored,large,high,False,2,30,-1
finfet_unanchored_pose-large_0322,finfet,unanchored,large,high,False,4,30,-1
finfet_unanchored_pose-large_0322,finfet,unanchored,large,high,False,8,30,-1
finfet_unanchored_pose-large_0322,finfet,unanchored,large,high,False,16,30,-1
finfet_unanchored_pose-large_0322,finfet,unanchored,large,high,True,2,30,-1
finfet_unanchored_pose-large_0322,finfet,unanchored,large,high,True,4,30,-1
finfet_unanchored_pose-large_0322,finfet,unanchored,large,high,True,8,30,-1
finfet_unanchored_pose-large_0322,finfet,unanchored,large,high,True,16,30,-1
finfet_unanchored_pose-large_0323,finfet,unanchored,large,high,False,2,30,-1
finfet_unanchored_pose-large_0323,finfet,unanchored,large,high,False,4,30,-1
finfet_unanchored_pose-large_0323,finfet,unanchored,large,high,False,8,30,-1
finfet_unanchored_pose-large_0323,finfet,unanchored,large,high,False,16,30,-1
finfet_unanchored_pose-large_0323,finfet,unanchored,large,high,True,2,30,-1
finfet_unanchored_pose-large_0323,finfet,unanchored,large,high,True,4,30,-1
finfet_unanchored_pose-large_0323,finfet,unanchored,large,high,True,8,30,-1
finfet_unanchored_pose-large_0323,finfet,unanchored,large,high,True,16,30,-1
