pair_id,reference_path,search_path,gt_x,gt_y,gt_rotation_deg,gt_scale,pred_x,pred_y,err_px,confidence,low_confidence_flag,mode_used,elapsed_ms,seed,architecture,anchor,noise_level,pose_condition,anchors_in_reference,layout_params_json,physics_params_json
dram_anchored_pose-none_0000,dataset/reference/dram_anchored_pose-none_0000.png,dataset/search/dram_anchored_pose-none_0000.png,531.8194732184452,446.266375344203,0.0,10.0,531.8199999928474,446.2800000011921,0.013634836608498804,0.07090277423955525,1,ambiguous,234.5303750007588,20260807,dram,anchored,low,none,3,"{""extent_nm"": 12000.0, ""kind"": ""dram"", ""line_width_nm"": 35.76149699446879, ""pitch_nm"": 185.54899640951288, ""staggered"": false, ""via_nm"": 61.87956374323208}","{""chain"": ""src.sem_physics.apply_sem_chain"", ""noise_level"": ""low"", ""presets"": {""reference"": ""reference"", ""search"": ""search""}}"
dram_anchored_pose-none_0001,dataset/reference/dram_anchored_pose-none_0001.png,dataset/search/dram_anchored_pose-none_0001.png,127.76712372639233,709.0552582342465,0.0,10.0,127.75999999046326,709.0500000119209,0.008854180685532502,0.06934730865361094,1,ambiguous,207.65437500085682,20260808,dram,anchored,low,none,3,"{""extent_nm"": 12000.0, ""kind"": ""dram"", ""line_width_nm"": 41.820690992865295, ""pitch_nm"": 182.4415335176713, ""staggered"": false, ""via_nm"": 67.20385487700722}","{""chain"": ""src.sem_physics.apply_sem_chain"", ""noise_level"": ""low"", ""presets"": {""reference"": ""reference"", ""search"": ""search""}}"
dram_anchored_pose-none_0002,dataset/reference/dram_anchored_pose-none_0002.png,dataset/search/dram_anchored_pose-none_0002.png,863.977595873166,497.1548480905214,0.0,10.0,863.9799999892712,497.1599999964237,0.00568523602618127,0.07585429690360229,1,ambiguous,206.81762499953038,20260809,dram,anchored,low,none,3,"{""extent_nm"": 12000.0, ""kind"": ""dram"", ""line_width_nm"": 34.70510717672982, ""pitch_nm"": 205.8931362132583, ""staggered"": false, ""via_nm"": 67.37722158226306}","{""chain"": ""src.sem_physics.apply_sem_chain"", ""noise_level"": ""low"", ""presets"": {""reference"": ""reference"", ""search"": ""search""}}"
dram_anchored_pose-none_0003,dataset/reference/dram_anchored_pose-none_0003.png,dataset/search/dram_anchored_pose-none_0003.png,232.65846231244757,735.5809719729891,0.0,10.0,232.65999999642372,735.5799999982119,0.0018191225846937854,0.07202128043833199,1,ambiguous,206.1371660020086,20260810,dram,anchored,low,none,3,"{""extent_nm"": 12000.0, ""kind"": ""dram"", ""line_width_nm"": 40.230883947649886, ""pitch_nm"": 183.3779477140068, ""staggered"": true, ""via_nm"": 66.67591670482716}","{""chain"": ""src.sem_physics.apply_sem_chain"", ""noise_level"": ""low"", ""presets"": {""reference"": ""reference"", ""search"": ""search""}}"
dram_anchored_pose-none_0004,dataset/reference/dram_anchored_pose-none_0004.png,dataset/search/dram_anchored_pose-none_0004.png,503.24196628643364,564.1423323810495,0.0,10.0,503.22999998927116,564.1500000059605,0.014212133532784443,0.06982186010622944,1,ambiguous,207.0977090006636,20260811,dram,anchored,low,none,3,"{""extent_nm"": 12000.0, ""kind"": ""dram"", ""line_width_nm"": 34.50465261834568, ""pitch_nm"": 190.4955978598132, ""staggered"": false, ""via_nm"": 68.83413441329307}","{""chain"": ""src.sem_physics.apply_sem_chain"", ""noise_level"": ""low"", ""presets"": {""reference"": ""reference"", ""search"": ""search""}}"
dram_anchored_pose-none_0005,dataset/reference/dram_anchored_pose-none_0005.png,dataset/search/dram_anchored_pose-none_0005.png,422.4269067090371,119.43962208882553,0.0,10.0,422.429999999702,119.44999999925494,0.010829103010777366,0.06687229203259944,1,ambiguous,207.04304199898615,20260812,dram,anchored,low,none,3,"{""extent_nm"": 12000.0, ""kind"": ""dram"", ""line_width_nm"": 40.18618159941539, ""pitch_nm"": 163.38275833896472, ""staggered"": false, ""via_nm"": 52.52421921250851}","{""chain"": ""src.sem_physics.apply_sem_chain"", ""noise_level"": ""low"", ""presets"": {""reference"": ""reference"", ""search"": ""search""}}"
dram_anchored_pose-none_0006,dataset/reference/dram_anchored_pose-none_0006.png,dataset/search/dram_anchored_pose-none_0006.png,822.5367760836219,100.19993813258807,0.0,10.0,822.5399999991059,100.21000000834465,0.010565745349405247,0.07344291111115685,1,ambiguous,206.43054200263578,20260813,dram,anchored,low,none,3,"{""extent_nm"": 12000.0, ""kind"": ""dram"", ""line_width_nm"": 40.28340267911225, ""pitch_nm"": 193.46002884623766, ""staggered"": false, ""via_nm"": 51.34420289118927}","{""chain"": ""src.sem_physics.apply_sem_chain"", ""noise_level"": ""low"", ""presets"": {""reference"": ""reference"", ""search"": ""search""}}"
dram_anchored_pose-none_0007,dataset/reference/dram_anchored_pose-none_0007.png,dataset/search/dram_anchored_pose-none_0007.png,856.699548287331,361.4823588129435,0.0,10.0,856.7000000029802,361.48000000044703,0.002401675128175263,0.08232734303642575,1,ambiguous,209.54970800084993,20260814,dram,anchored,low,none,3,"{""extent_nm"": 12000.0, ""kind"": ""dram"", ""line_width_nm"": 36.02219737539123, ""pitch_nm"": 214.56126065076378, ""staggered"": true, ""via_nm"": 60.39912996908313}","{""chain"": ""src.sem_physics.apply_sem_chain"", ""noise_level"": ""low"", ""presets"": {""reference"": ""reference"", ""search"": ""search""}}"
dram_anchored_pose-none_0008,dataset/reference/dram_anchored_pose-none_0008.png,dataset/search/dram_anchored_pose-none_0008.png,91.47238092668637,905.5914305352696,0.0,10.0,91.47000000067055,905.5900000035763,0.002777630216299483,0.06950853779185695,1,ambiguous,206.74466700074845,20260815,dram,anchored,low,none,3,"{""extent_nm"": 12000.0, ""kind"": ""dram"", ""line_width_nm"": 35.91443952625986, ""pitch_nm"": 169.86399109386417, ""staggered"": true, ""via_nm"": 65.75882492880352}","{""chain"": ""src.sem_physics.apply_sem_chain"", ""noise_level"": ""low"", ""presets"": {""reference"": ""reference"", ""search"": ""search""}}"
dram_anchored_pose-none_0009,dataset/reference/dram_anchored_pose-none_0009.png,dataset/search/dram_anchored_pose-none_0009.png,533.321272010387,472.6861558680793,0.0,10.0,533.3199999928474,472.68000000715256,0.006285909032950053,0.0684553980576048,1,ambiguous,206.68174999809708,20260816,dram,anchored,medium,none,3,"{""extent_nm"": 12000.0, ""kind"": ""dram"", ""line_width_nm"": 39.79179940148582, ""pitch_nm"": 174.87321362238075, ""staggered"": true, ""via_nm"": 65.76627481674241}","{""chain"": ""src.sem_physics.apply_sem_chain"", ""noise_level"": ""medium"", ""presets"": {""reference"": ""reference"", ""search"": ""search""}}"
dram_anchored_pose-none_0010,dataset/reference/dram_anchored_pose-none_0010.png,dataset/search/dram_anchored_pose-none_0010.png,158.01080438142,695.1538958053641,0.0,10.0,296.55000000074506,79.4400000013411,631.107526661675,0.06181341155037345,1,ambiguous,213.19820899952902,20260817,dram,anchored,medium,none,3,"{""extent_nm"": 12000.0, ""kind"": ""dram"", ""line_width_nm"": 45.67322846136745, ""pitch_nm"": 153.92728704854616, ""staggered"": false, ""via_nm"": 58.53290300177565}","{""chain"": ""src.sem_physics.apply_sem_chain"", ""noise_level"": ""medium"", ""presets"": {""reference"": ""reference"", ""search"": ""search""}}"
dram_anchored_pose-none_0011,dataset/reference/dram_anchored_pose-none_0011.png,dataset/search/dram_anchored_pose-none_0011.png,140.26158646501844,277.55975036708935,0.0,10.0,140.26000000536442,277.5599999986589,0.0016059794999871383,0.07764587569631667,1,ambiguous,209.14899999843328,20260818,dram,anchored,medium,none,3,"{""extent_nm"": 12000.0, ""kind"": ""dram"", ""line_width_nm"": 39.60755965209102, ""pitch_nm"": 215.27866290723875, ""staggered"": false, ""via_nm"": 66.53504169594085}","{""chain"": ""src.sem_physics.apply_sem_chain"", ""noise_level"": ""medium"", ""presets"": {""reference"": ""reference"", ""search"": ""search""}}"
dram_anchored_pose-none_0012,dataset/reference/dram_anchored_pose-none_0012.png,dataset/search/dram_anchored_pose-none_0012.png,684.7645661116504,752.0587068180689,0.0,10.0,684.7599999904633,752.0600000023842,0.004745712630276657,0.07551210013187562,1,ambiguous,208.64416699987487,20260819,dram,anchored,medium,none,3,"{""extent_nm"": 12000.0, ""kind"": ""dram"", ""line_width_nm"": 40.61692760446495, ""pitch_nm"": 214.2791748683298, ""staggered"": false, ""via_nm"": 60.32923334855391}","{""chain"": ""src.sem_physics.apply_sem_chain"", ""noise_level"": ""medium"", ""presets"": {""reference"": ""reference"", ""search"": ""search""}}"
dram_anchored_pose-none_0013,dataset/reference/dram_anchored_pose-none_0013.png,dataset/search/dram_anchored_pose-none_0013.png,160.2351067517593,299.2561096088492,0.0,10.0,160.24000000953674,299.2600000053644,0.006251332395735778,0.062284753504227054,1,ambiguous,207.71945899832644,20260820,dram,anchored,medium,none,3,"{""extent_nm"": 12000.0, ""kind"": ""dram"", ""line_width_nm"": 35.56777691418474, ""pitch_nm"": 146.29445692901075, ""staggered"": false, ""via_nm"": 52.530140384200614}","{""chain"": ""src.sem_physics.apply_sem_chain"", ""noise_level"": ""medium"", ""presets"": {""reference"": ""reference"", ""search"": ""search""}}"
dram_anchored_pose-none_0014,dataset/reference/dram_anchored_pose-none_0014.png,dataset/search/dram_anchored_pose-none_0014.png,547.4593473261813,590.3574518625045,0.0,10.0,547.4600000008941,590.3499999940395,0.007480396239485605,0.06697927809730897,1,ambiguous,208.07445800164714,20260821,dram,anchored,medium,none,3,"{""extent_nm"": 12000.0, ""kind"": ""dram"", ""line_width_nm"": 41.18689888578786, ""pitch_nm"": 162.12440886042953, ""staggered"": false, ""via_nm"": 59.27385953497846}","{""chain"": ""src.sem_physics.apply_sem_chain"", ""noise_level"": ""medium"", ""presets"": {""reference"": ""reference"", ""search"": ""search""}}"
dram_anchored_pose-none_0015,dataset/reference/dram_anchored_pose-none_0015.png,dataset/search/dram_anchored_pose-none_0015.png,295.38384333105387,167.43571485295206,0.0,10.0,295.3800000026822,167.42999999970198,0.006886996489185833,0.06457901593959586,1,ambiguous,209.48800000041956,20260822,dram,anchored,medium,none,3,"{""extent_nm"": 12000.0, ""kind"": ""dram"", ""line_width_nm"": 44.37100626027541, ""pitch_nm"": 159.3698806898824, ""staggered"": true, ""via_nm"": 62.90815349814758}","{""chain"": ""src.sem_physics.apply_sem_chain"", ""noise_level"": ""medium"", ""presets"": {""reference"": ""reference"", ""search"": ""search""}}"
dram_anchored_pose-none_0016,dataset/reference/dram_anchored_pose-none_0016.png,dataset/search/dram_anchored_pose-none_0016.png,891.0634355628795,225.2081604976576,0.0,10.0,891.0699999928474,225.21000000834465,0.006817297145654579,0.06476524360302613,1,ambiguous,210.05262499966193,20260823,dram,anchored,medium,none,3,"{""extent_nm"": 12000.0, ""kind"": ""dram"", ""line_width_nm"": 43.92258123762063, ""pitch_nm"": 165.39542838624362, ""staggered"": false, ""via_nm"": 66.902326475347}","{""chain"": ""src.sem_physics.apply_sem_chain"", ""noise_level"": ""medium"", ""presets"": {""reference"": ""reference"", ""search"": ""search""}}"
dram_anchored_pose-none_0017,dataset/reference/dram_anchored_pose-none_0017.png,dataset/search/dram_anchored_pose-none_0017.png,90.6062556598273,124.00079407296602,0.0,10.0,90.61999999731779,124.0,0.013767256986340373,0.07499514522314661,1,ambiguous,210.27858299930813,20260824,dram,anchored,medium,none,3,"{""extent_nm"": 12000.0, ""kind"": ""dram"", ""line_width_nm"": 41.15844814450275, ""pitch_nm"": 210.70890925641982, ""staggered"": true, ""via_nm"": 66.32763971528193}","{""chain"": ""src.sem_physics.apply_sem_chain"", ""noise_level"": ""medium"", ""presets"": {""reference"": ""reference"", ""search"": ""search""}}"
dram_anchored_pose-none_0018,dataset/reference/dram_anchored_pose-none_0018.png,dataset/search/dram_anchored_pose-none_0018.png,109.54818884074346,174.14884068610644,0.0,10.0,109.55000000074506,174.15999999642372,0.011305330924365318,0.06904677114028178,1,ambiguous,210.0509170013538,20260825,dram,anchored,high,none,3,"{""extent_nm"": 12000.0, ""kind"": ""dram"", ""line_width_nm"": 44.682229445292506, ""pitch_nm"": 209.57223408259262, ""staggered"": false, ""via_nm"": 53.86335524738719}","{""chain"": ""src.sem_physics.apply_sem_chain"", ""noise_level"": ""high"", ""presets"": {""reference"": ""reference"", ""search"": ""search""}}"
dram_anchored_pose-none_0019,dataset/reference/dram_anchored_pose-none_0019.png,dataset/search/dram_anchored_pose-none_0019.png,231.23683679779344,180.29016024682034,0.0,10.0,231.22999998927116,180.2800000011921,0.012246327694314529,0.06582617403232471,1,ambiguous,209.49908300099196,20260826,dram,anchored,high,none,3,"{""extent_nm"": 12000.0, ""kind"": ""dram"", ""line_width_nm"": 41.431070494655174, ""pitch_nm"": 180.589783101588, ""staggered"": false, ""via_nm"": 60.499942284353686}","{""chain"": ""src.sem_physics.apply_sem_chain"", ""noise_level"": ""high"", ""presets"": {""reference"": ""reference"", ""search"": ""search""}}"
dram_anchored_pose-none_0020,dataset/reference/dram_anchored_pose-none_0020.png,dataset/search/dram_anchored_pose-none_0020.png,678.5219564311266,677.7955254860101,0.0,10.0,678.519999999553,677.7899999916553,0.005861630521150504,0.0749162005334377,1,ambiguous,211.1988750002638,20260827,dram,anchored,high,none,3,"{""extent_nm"": 12000.0, ""kind"": ""dram"", ""line_width_nm"": 35.24531061848845, ""pitch_nm"": 187.39328535453643, ""staggered"": true, ""via_nm"": 65.75249169970373}","{""chain"": ""src.sem_physics.apply_sem_chain"", ""noise_level"": ""high"", ""presets"": {""reference"": ""reference"", ""search"": ""search""}}"
dram_anchored_pose-none_0021,dataset/reference/dram_anchored_pose-none_0021.png,dataset/search/dram_anchored_pose-none_0021.png,827.729954021984,494.08618833762546,0.0,10.0,813.2199999988079,450.55000000074506,45.89050512534161,0.06048766797210225,1,ambiguous,210.36199999798555,20260828,dram,anchored,high,none,3,"{""extent_nm"": 12000.0, ""kind"": ""dram"", ""line_width_nm"": 43.069481187345794, ""pitch_nm"": 145.0674427868027, ""staggered"": false, ""via_nm"": 57.64991803094273}","{""chain"": ""src.sem_physics.apply_sem_chain"", ""noise_level"": ""high"", ""presets"": {""reference"": ""reference"", ""search"": ""search""}}"
dram_anchored_pose-none_0022,dataset/reference/dram_anchored_pose-none_0022.png,dataset/search/dram_anchored_pose-none_0022.png,662.9662488192854,419.7652230076761,0.0,10.0,662.9499999880791,419.7399999946356,0.03000374813944388,0.07420563614072948,1,ambiguous,208.6415420017147,20260829,dram,anchored,high,none,3,"{""extent_nm"": 12000.0, ""kind"": ""dram"", ""line_width_nm"": 39.02652863686153, ""pitch_nm"": 210.92680049775583, ""staggered"": false, ""via_nm"": 67.48065397269332}","{""chain"": ""src.sem_physics.apply_sem_chain"", ""noise_level"": ""high"", ""presets"": {""reference"": ""reference"", ""search"": ""search""}}"
dram_anchored_pose-none_0023,dataset/reference/dram_anchored_pose-none_0023.png,dataset/search/dram_anchored_pose-none_0023.png,213.50529312651278,378.59888955464135,0.0,10.0,213.50999999977648,378.5900000035763,0.010058766030630885,0.06662664812276264,1,ambiguous,209.68904199980898,20260830,dram,anchored,high,none,3,"{""extent_nm"": 12000.0, ""kind"": ""dram"", ""line_width_nm"": 38.63137585759479, ""pitch_nm"": 175.82205024029224, ""staggered"": false, ""via_nm"": 59.573560893452786}","{""chain"": ""src.sem_physics.apply_sem_chain"", ""noise_level"": ""high"", ""presets"": {""reference"": ""reference"", ""search"": ""search""}}"
dram_anchored_pose-none_0024,dataset/reference/dram_anchored_pose-none_0024.png,dataset/search/dram_anchored_pose-none_0024.png,499.15651337698955,907.5884994850786,0.0,10.0,499.169999986887,907.5900000035763,0.013569826907046828,0.06876684129328299,1,ambiguous,210.05874999900698,20260831,dram,anchored,high,none,3,"{""extent_nm"": 12000.0, ""kind"": ""dram"", ""line_width_nm"": 38.145228754755195, ""pitch_nm"": 188.44062443469892, ""staggered"": false, ""via_nm"": 58.39041927717835}","{""chain"": ""src.sem_physics.apply_sem_chain"", ""noise_level"": ""high"", ""presets"": {""reference"": ""reference"", ""search"": ""search""}}"
dram_anchored_pose-none_0025,dataset/reference/dram_anchored_pose-none_0025.png,dataset/search/dram_anchored_pose-none_0025.png,546.4402498790027,512.5697836871215,0.0,10.0,546.4400000013411,512.5799999982119,0.010219366474575631,0.06727997507717046,1,ambiguous,209.38737499818671,20260832,dram,anchored,high,none,3,"{""extent_nm"": 12000.0, ""kind"": ""dram"", ""line_width_nm"": 45.09568313583286, ""pitch_nm"": 188.0918129991878, ""staggered"": true, ""via_nm"": 57.02430000485519}","{""chain"": ""src.sem_physics.apply_sem_chain"", ""noise_level"": ""high"", ""presets"": {""reference"": ""reference"", ""search"": ""search""}}"
dram_anchored_pose-none_0026,dataset/reference/dram_anchored_pose-none_0026.png,dataset/search/dram_anchored_pose-none_0026.png,483.36777765861353,86.48143187212058,0.0,10.0,483.35999999940395,86.48000000044703,0.007908365145203572,0.06404392510211603,1,ambiguous,208.149374997447,20260833,dram,anchored,high,none,3,"{""extent_nm"": 12000.0, ""kind"": ""dram"", ""line_width_nm"": 39.570079194424444, ""pitch_nm"": 153.55431419713153, ""staggered"": true, ""via_nm"": 60.16817486528981}","{""chain"": ""src.sem_physics.apply_sem_chain"", ""noise_level"": ""high"", ""presets"": {""reference"": ""reference"", ""search"": ""search""}}"
dram_anchored_pose-small_0027,dataset/reference/dram_anchored_pose-small_0027.png,dataset/search/dram_anchored_pose-small_0027.png,224.03936116841504,86.535944556148,-2.7797748775584195,9.844988656233628,224.03999999165535,86.52999999932945,0.005978783396422812,0.06029659073558021,1,ambiguous,209.6686660006526,20260834,dram,anchored,low,small,3,"{""extent_nm"": 12000.0, ""kind"": ""dram"", ""line_width_nm"": 34.85605414287729, ""pitch_nm"": 173.0957269577091, ""staggered"": false, ""via_nm"": 66.21826673908352}","{""chain"": ""src.sem_physics.apply_sem_chain"", ""noise_level"": ""low"", ""presets"": {""reference"": ""reference"", ""search"": ""search""}}"
dram_anchored_pose-small_0028,dataset/reference/dram_anchored_pose-small_0028.png,dataset/search/dram_anchored_pose-small_0028.png,134.3098489097896,145.70598015778063,1.6028967935379779,10.023207269057611,134.3100000023842,145.7099999934435,0.00402267420114238,0.06254763478441751,1,ambiguous,209.37366600264795,20260835,dram,anchored,low,small,3,"{""extent_nm"": 12000.0, ""kind"": ""dram"", ""line_width_nm"": 42.58324535533095, ""pitch_nm"": 153.41083356678556, ""staggered"": true, ""via_nm"": 63.34552500826229}","{""chain"": ""src.sem_physics.apply_sem_chain"", ""noise_level"": ""low"", ""presets"": {""reference"": ""reference"", ""search"": ""search""}}"
dram_anchored_pose-small_0029,dataset/reference/dram_anchored_pose-small_0029.png,dataset/search/dram_anchored_pose-small_0029.png,694.5492442621132,808.474642587429,4.446616184227077,10.211057888570638,694.5500000007451,808.4499999992549,0.024654173942684744,0.059205914227615314,1,ambiguous,209.0451670010225,20260836,dram,anchored,low,small,3,"{""extent_nm"": 12000.0, ""kind"": ""dram"", ""line_width_nm"": 44.835638153045394, ""pitch_nm"": 214.29753010998334, ""staggered"": true, ""via_nm"": 65.978274916191}","{""chain"": ""src.sem_physics.apply_sem_chain"", ""noise_level"": ""low"", ""presets"": {""reference"": ""reference"", ""search"": ""search""}}"
dram_anchored_pose-small_0030,dataset/reference/dram_anchored_pose-small_0030.png,dataset/search/dram_anchored_pose-small_0030.png,424.7729807558094,745.5237709618124,4.887330447429575,10.058791155105183,424.75999999046326,745.5799999982119,0.05770792669446032,0.050724421536056906,1,ambiguous,209.00737500051036,20260837,dram,anchored,low,small,3,"{""extent_nm"": 12000.0, ""kind"": ""dram"", ""line_width_nm"": 38.48538467321978, ""pitch_nm"": 193.88152364379337, ""staggered"": false, ""via_nm"": 57.119086513758255}","{""chain"": ""src.sem_physics.apply_sem_chain"", ""noise_level"": ""low"", ""presets"": {""reference"": ""reference"", ""search"": ""search""}}"
dram_anchored_pose-small_0031,dataset/reference/dram_anchored_pose-small_0031.png,dataset/search/dram_anchored_pose-small_0031.png,666.2059866841,667.0144132874726,-0.5226799112253442,10.106292226927351,666.1999999880791,667.0099999904633,0.007437588301336523,0.07153268199895964,1,ambiguous,208.48108299833257,20260838,dram,anchored,low,small,3,"{""extent_nm"": 12000.0, ""kind"": ""dram"", ""line_width_nm"": 39.57157296460954, ""pitch_nm"": 188.05160478944316, ""staggered"": false, ""via_nm"": 61.80688653128914}","{""chain"": ""src.sem_physics.apply_sem_chain"", ""noise_level"": ""low"", ""presets"": {""reference"": ""reference"", ""search"": ""search""}}"
dram_anchored_pose-small_0032,dataset/reference/dram_anchored_pose-small_0032.png,dataset/search/dram_anchored_pose-small_0032.png,570.4252362077422,476.15252164997924,-1.4858458586059675,9.731363135798347,570.4400000013411,476.1599999964237,0.016549781478195198,0.06663099072398579,1,ambiguous,209.844000000885,20260839,dram,anchored,low,small,3,"{""extent_nm"": 12000.0, ""kind"": ""dram"", ""line_width_nm"": 38.62497397466241, ""pitch_nm"": 194.55249420800033, ""staggered"": false, ""via_nm"": 53.914041177622686}","{""chain"": ""src.sem_physics.apply_sem_chain"", ""noise_level"": ""low"", ""presets"": {""reference"": ""reference"", ""search"": ""search""}}"
dram_anchored_pose-small_0033,dataset/reference/dram_anchored_pose-small_0033.png,dataset/search/dram_anchored_pose-small_0033.png,458.6866462973992,255.1685343678363,3.874951741806486,9.842178617086539,458.68000000715256,255.18000000715256,0.013252700063508906,0.05647424951831617,1,ambiguous,210.74366700122482,20260840,dram,anchored,low,small,3,"{""extent_nm"": 12000.0, ""kind"": ""dram"", ""line_width_nm"": 40.5453804933488, ""pitch_nm"": 189.43548167854792, ""staggered"": false, ""via_nm"": 52.69147394199937}","{""chain"": ""src.sem_physics.apply_sem_chain"", ""noise_level"": ""low"", ""presets"": {""reference"": ""reference"", ""search"": ""search""}}"
dram_anchored_pose-small_0034,dataset/reference/dram_anchored_pose-small_0034.png,dataset/search/dram_anchored_pose-small_0034.png,328.8916297670787,887.2243572961602,-3.7707462559711558,10.228771505722474,328.90000000596046,887.2199999988079,0.009436468574298229,0.05766699597754788,1,ambiguous,209.14025000092806,20260841,dram,anchored,low,small,3,"{""extent_nm"": 12000.0, ""kind"": ""dram"", ""line_width_nm"": 41.706467491906515, ""pitch_nm"": 207.08134166224752, ""staggered"": false, ""via_nm"": 64.90556042921006}","{""chain"": ""src.sem_physics.apply_sem_chain"", ""noise_level"": ""low"", ""presets"": {""reference"": ""reference"", ""search"": ""search""}}"
dram_anchored_pose-small_0035,dataset/reference/dram_anchored_pose-small_0035.png,dataset/search/dram_anchored_pose-small_0035.png,609.8846431407513,660.9969200914933,2.1010640289073486,9.788442304986468,482.4900000002235,844.4200000017881,223.3235799119315,0.05667063457814154,1,ambiguous,209.21108399852528,20260842,dram,anchored,low,small,3,"{""extent_nm"": 12000.0, ""kind"": ""dram"", ""line_width_nm"": 43.96683988973864, ""pitch_nm"": 145.7359219816487, ""staggered"": false, ""via_nm"": 52.155222696520745}","{""chain"": ""src.sem_physics.apply_sem_chain"", ""noise_level"": ""low"", ""presets"": {""reference"": ""reference"", ""search"": ""search""}}"
dram_anchored_pose-small_0036,dataset/reference/dram_anchored_pose-small_0036.png,dataset/search/dram_anchored_pose-small_0036.png,135.7974844777869,673.6411714540866,1.1823380954244147,9.991311236288338,135.78999999165535,673.640000000596,0.007575607958077854,0.06875934615494145,1,ambiguous,208.9874579978641,20260843,dram,anchored,medium,small,3,"{""extent_nm"": 12000.0, ""kind"": ""dram"", ""line_width_nm"": 34.90331015545948, ""pitch_nm"": 169.7015980899086, ""staggered"": true, ""via_nm"": 57.74939199469875}","{""chain"": ""src.sem_physics.apply_sem_chain"", ""noise_level"": ""medium"", ""presets"": {""reference"": ""reference"", ""search"": ""search""}}"
dram_anchored_pose-small_0037,dataset/reference/dram_anchored_pose-small_0037.png,dataset/search/dram_anchored_pose-small_0037.png,547.6301665186737,438.904490983071,3.1968253801898676,10.017599045219745,547.6199999973178,438.90000000596046,0.011114271540960403,0.05897636384994884,1,ambiguous,210.50654200007557,20260844,dram,anchored,medium,small,3,"{""extent_nm"": 12000.0, ""kind"": ""dram"", ""line_width_nm"": 34.70181341385461, ""pitch_nm"": 170.80774009490864, ""staggered"": true, ""via_nm"": 64.10372677858958}","{""chain"": ""src.sem_physics.apply_sem_chain"", ""noise_level"": ""medium"", ""presets"": {""reference"": ""reference"", ""search"": ""search""}}"
dram_anchored_pose-small_0038,dataset/reference/dram_anchored_pose-small_0038.png,dataset/search/dram_anchored_pose-small_0038.png,806.503308085577,398.7167938292946,-3.180117657496732,10.227198651800137,806.4900000002235,398.7099999934435,0.014941932316414129,0.05502336369617615,1,ambiguous,209.95741700244253,20260845,dram,anchored,medium,small,3,"{""extent_nm"": 12000.0, ""kind"": ""dram"", ""line_width_nm"": 35.49668048421781, ""pitch_nm"": 150.14984730515948, ""staggered"": true, ""via_nm"": 64.09930507706144}","{""chain"": ""src.sem_physics.apply_sem_chain"", ""noise_level"": ""medium"", ""presets"": {""reference"": ""reference"", ""search"": ""search""}}"
dram_anchored_pose-small_0039,dataset/reference/dram_anchored_pose-small_0039.png,dataset/search/dram_anchored_pose-small_0039.png,111.03808871571891,493.9181990839855,2.5954181832435577,10.245235842276411,111.02000001072884,493.9399999976158,0.028328097065195526,0.06019608623073722,1,ambiguous,210.4071659996407,20260846,dram,anchored,medium,small,3,"{""extent_nm"": 12000.0, ""kind"": ""dram"", ""line_width_nm"": 39.339737446319724, ""pitch_nm"": 185.9651756035336, ""staggered"": false, ""via_nm"": 66.9582342209564}","{""chain"": ""src.sem_physics.apply_sem_chain"", ""noise_level"": ""medium"", ""presets"": {""reference"": ""reference"", ""search"": ""search""}}"
dram_anchored_pose-small_0040,dataset/reference/dram_anchored_pose-small_0040.png,dataset/search/dram_anchored_pose-small_0040.png,284.3758118511194,103.75600264240674,-4.964449139223808,10.149408881388005,284.42000000178814,103.75,0.04459399483546725,0.04831880507058394,1,ambiguous,209.58837500074878,20260847,dram,anchored,medium,small,3,"{""extent_nm"": 12000.0, ""kind"": ""dram"", ""line_width_nm"": 44.00726079565831, ""pitch_nm"": 146.22601160600445, ""staggered"": false, ""via_nm"": 59.6902119763487}","{""chain"": ""src.sem_physics.apply_sem_chain"", ""noise_level"": ""medium"", ""presets"": {""reference"": ""reference"", ""search"": ""search""}}"
dram_anchored_pose-small_0041,dataset/reference/dram_anchored_pose-small_0041.png,dataset/search/dram_anchored_pose-small_0041.png,700.8851983400242,612.4152746077232,2.1321799735482703,10.13960260106421,700.9000000059605,612.4200000017881,0.015537653090407668,0.06721364063750802,1,ambiguous,209.48350000253413,20260848,dram,anchored,medium,small,3,"{""extent_nm"": 12000.0, ""kind"": ""dram"", ""line_width_nm"": 38.090925745943146, ""pitch_nm"": 196.56411837371445, ""staggered"": false, ""via_nm"": 57.21799230082071}","{""chain"": ""src.sem_physics.apply_sem_chain"", ""noise_level"": ""medium"", ""presets"": {""reference"": ""reference"", ""search"": ""search""}}"
dram_anchored_pose-small_0042,dataset/reference/dram_anchored_pose-small_0042.png,dataset/search/dram_anchored_pose-small_0042.png,811.3424628322523,639.9793228231513,-0.9266131748368354,9.990470671704049,811.359999999404,639.9600000083447,0.026094509072915443,0.06464475412397337,1,ambiguous,211.98366699900362,20260849,dram,anchored,medium,small,3,"{""extent_nm"": 12000.0, ""kind"": ""dram"", ""line_width_nm"": 42.88922006993488, ""pitch_nm"": 172.57200431792313, ""staggered"": true, ""via_nm"": 52.401033789310695}","{""chain"": ""src.sem_physics.apply_sem_chain"", ""noise_level"": ""medium"", ""presets"": {""reference"": ""reference"", ""search"": ""search""}}"
dram_anchored_pose-small_0043,dataset/reference/dram_anchored_pose-small_0043.png,dataset/search/dram_anchored_pose-small_0043.png,908.4841837538215,828.8418916410935,-2.971469840270723,9.888946877230218,908.480000000447,828.830000013113,0.012606133758171597,0.06181680873673764,1,ambiguous,211.1902500000724,20260850,dram,anchored,medium,small,3,"{""extent_nm"": 12000.0, ""kind"": ""dram"", ""line_width_nm"": 37.35659543849283, ""pitch_nm"": 167.46140742800705, ""staggered"": true, ""via_nm"": 68.54980928575581}","{""chain"": ""src.sem_physics.apply_sem_chain"", ""noise_level"": ""medium"", ""presets"": {""reference"": ""reference"", ""search"": ""search""}}"
dram_anchored_pose-small_0044,dataset/reference/dram_anchored_pose-small_0044.png,dataset/search/dram_anchored_pose-small_0044.png,723.339317017613,790.7257315860641,-4.147855422814427,10.053740290211401,723.359999999404,790.7000000029802,0.03301363511883406,0.05680649154827051,1,ambiguous,210.3142919986567,20260851,dram,anchored,medium,small,3,"{""extent_nm"": 12000.0, ""kind"": ""dram"", ""line_width_nm"": 38.94136009369031, ""pitch_nm"": 198.86859335670488, ""staggered"": false, ""via_nm"": 65.68011430503167}","{""chain"": ""src.sem_physics.apply_sem_chain"", ""noise_level"": ""medium"", ""presets"": {""reference"": ""reference"", ""search"": ""search""}}"
dram_anchored_pose-small_0045,dataset/reference/dram_anchored_pose-small_0045.png,dataset/search/dram_anchored_pose-small_0045.png,190.71282033502274,524.7743774152494,-1.9986153486420335,10.035955518265048,190.7199999988079,524.7800000011921,0.009119267774986546,0.06066385744798369,1,ambiguous,210.31562500138534,20260852,dram,anchored,high,small,3,"{""extent_nm"": 12000.0, ""kind"": ""dram"", ""line_width_nm"": 40.43988116511685, ""pitch_nm"": 165.3955392872166, ""staggered"": false, ""via_nm"": 68.83604090292653}","{""chain"": ""src.sem_physics.apply_sem_chain"", ""noise_level"": ""high"", ""presets"": {""reference"": ""reference"", ""search"": ""search""}}"
dram_anchored_pose-small_0046,dataset/reference/dram_anchored_pose-small_0046.png,dataset/search/dram_anchored_pose-small_0046.png,726.6221950435852,597.6528938037579,4.759115746781834,10.120663256068125,726.5799999982119,597.5099999997765,0.14899349338258303,0.05614416653534194,1,ambiguous,210.82920800108695,20260853,dram,anchored,high,small,3,"{""extent_nm"": 12000.0, ""kind"": ""dram"", ""line_width_nm"": 38.20599748032578, ""pitch_nm"": 215.7966897996378, ""staggered"": true, ""via_nm"": 63.04371541280826}","{""chain"": ""src.sem_physics.apply_sem_chain"", ""noise_level"": ""high"", ""presets"": {""reference"": ""reference"", ""search"": ""search""}}"
dram_anchored_pose-small_0047,dataset/reference/dram_anchored_pose-small_0047.png,dataset/search/dram_anchored_pose-small_0047.png,338.36528164328104,255.74814204626614,-4.425817933922952,9.934928132727002,338.3999999985099,255.68000000715256,0.07647680487803671,0.05651192296610449,1,ambiguous,210.85337499971502,20260854,dram,anchored,high,small,3,"{""extent_nm"": 12000.0, ""kind"": ""dram"", ""line_width_nm"": 36.702254545094014, ""pitch_nm"": 199.85677745370776, ""staggered"": true, ""via_nm"": 65.46975711765077}","{""chain"": ""src.sem_physics.apply_sem_chain"", ""noise_level"": ""high"", ""presets"": {""reference"": ""reference"", ""search"": ""search""}}"
dram_anchored_pose-small_0048,dataset/reference/dram_anchored_pose-small_0048.png,dataset/search/dram_anchored_pose-small_0048.png,465.2562414914341,610.2737942699528,0.5105307468015567,9.971007140279207,465.2699999958277,610.2699999958277,0.014272104234652956,0.073937010119295,1,ambiguous,210.080624998227,20260855,dram,anchored,high,small,3,"{""extent_nm"": 12000.0, ""kind"": ""dram"", ""line_width_nm"": 41.4857084180406, ""pitch_nm"": 214.78620731331029, ""staggered"": false, ""via_nm"": 58.82105855918184}","{""chain"": ""src.sem_physics.apply_sem_chain"", ""noise_level"": ""high"", ""presets"": {""reference"": ""reference"", ""search"": ""search""}}"
dram_anchored_pose-small_0049,dataset/reference/dram_anchored_pose-small_0049.png,dataset/search/dram_anchored_pose-small_0049.png,516.5999980082075,484.47086263791,-0.6179862189886638,10.159444615658835,516.5900000035763,484.46000000089407,0.01476336613195767,0.07261806312640613,1,ambiguous,209.76441600214457,20260856,dram,anchored,high,small,3,"{""extent_nm"": 12000.0, ""kind"": ""dram"", ""line_width_nm"": 36.82235825355724, ""pitch_nm"": 186.20723428474952, ""staggered"": true, ""via_nm"": 62.529283140441606}","{""chain"": ""src.sem_physics.apply_sem_chain"", ""noise_level"": ""high"", ""presets"": {""reference"": ""reference"", ""search"": ""search""}}"
dram_anchored_pose-small_0050,dataset/reference/dram_anchored_pose-small_0050.png,dataset/search/dram_anchored_pose-small_0050.png,696.6344904759969,758.419931058276,-4.529874371768114,9.715622468784286,696.6000000014901,758.4099999964237,0.03589176536782309,0.0503777250889538,1,ambiguous,210.7528340020508,20260857,dram,anchored,high,small,3,"{""extent_nm"": 12000.0, ""kind"": ""dram"", ""line_width_nm"": 39.93537108937382, ""pitch_nm"": 171.82399563368702, ""staggered"": false, ""via_nm"": 51.747370750059865}","{""chain"": ""src.sem_physics.apply_sem_chain"", ""noise_level"": ""high"", ""presets"": {""reference"": ""reference"", ""search"": ""search""}}"
dram_anchored_pose-small_0051,dataset/reference/dram_anchored_pose-small_0051.png,dataset/search/dram_anchored_pose-small_0051.png,693.978183995131,621.8611031403026,-4.123140292262576,9.979006507778866,694.0,621.8400000035763,0.030352601999420654,0.05588660276463605,1,ambiguous,211.60500000041793,20260858,dram,anchored,high,small,3,"{""extent_nm"": 12000.0, ""kind"": ""dram"", ""line_width_nm"": 35.31219401261923, ""pitch_nm"": 199.08788402777455, ""staggered"": false, ""via_nm"": 66.32518389367907}","{""chain"": ""src.sem_physics.apply_sem_chain"", ""noise_level"": ""high"", ""presets"": {""reference"": ""reference"", ""search"": ""search""}}"
dram_anchored_pose-small_0052,dataset/reference/dram_anchored_pose-small_0052.png,dataset/search/dram_anchored_pose-small_0052.png,587.9700272062198,349.1423381552984,1.522362998116984,9.994462792420265,336.570000000298,794.5099999997765,511.4238241380192,0.058572665459659244,1,ambiguous,211.42712499931804,20260859,dram,anchored,high,small,3,"{""extent_nm"": 12000.0, ""kind"": ""dram"", ""line_width_nm"": 45.961857538849685, ""pitch_nm"": 146.10925621522523, ""staggered"": true, ""via_nm"": 60.74856271836023}","{""chain"": ""src.sem_physics.apply_sem_chain"", ""noise_level"": ""high"", ""presets"": {""reference"": ""reference"", ""search"": ""search""}}"
dram_anchored_pose-small_0053,dataset/reference/dram_anchored_pose-small_0053.png,dataset/search/dram_anchored_pose-small_0053.png,384.6346389113667,111.60463043374017,-1.8898960838007497,10.147430502123436,384.6199999973178,111.60999999940395,0.015592627743573706,0.06353213076033182,1,ambiguous,210.69529199667159,20260860,dram,anchored,high,small,3,"{""extent_nm"": 12000.0, ""kind"": ""dram"", ""line_width_nm"": 45.251895114931486, ""pitch_nm"": 169.6474830180835, ""staggered"": true, ""via_nm"": 66.61948518922533}","{""chain"": ""src.sem_physics.apply_sem_chain"", ""noise_level"": ""high"", ""presets"": {""reference"": ""reference"", ""search"": ""search""}}"
dram_anchored_pose-large_0054,dataset/reference/dram_anchored_pose-large_0054.png,dataset/search/dram_anchored_pose-large_0054.png,440.86759575830195,785.9346928825228,-2.0736601545614572,9.503558807926154,440.8600000143051,785.9099999964237,0.025834743094653303,0.05920230478305033,1,ambiguous,210.96845799911534,20260861,dram,anchored,low,large,3,"{""extent_nm"": 12000.0, ""kind"": ""dram"", ""line_width_nm"": 44.24242322224857, ""pitch_nm"": 189.69596449529666, ""staggered"": false, ""via_nm"": 59.8393032061375}","{""chain"": ""src.sem_physics.apply_sem_chain"", ""noise_level"": ""low"", ""presets"": {""reference"": ""reference"", ""search"": ""search""}}"
dram_anchored_pose-large_0055,dataset/reference/dram_anchored_pose-large_0055.png,dataset/search/dram_anchored_pose-large_0055.png,297.44995974031644,797.5105062480358,3.8504253598831504,10.203066589119683,297.39000000059605,797.5399999991059,0.06682104264017276,0.06117492003721356,1,ambiguous,212.54716700059362,20260862,dram,anchored,low,large,3,"{""extent_nm"": 12000.0, ""kind"": ""dram"", ""line_width_nm"": 39.34501991032251, ""pitch_nm"": 204.79312645367727, ""staggered"": true, ""via_nm"": 63.532071387422704}","{""chain"": ""src.sem_physics.apply_sem_chain"", ""noise_level"": ""low"", ""presets"": {""reference"": ""reference"", ""search"": ""search""}}"
dram_anchored_pose-large_0056,dataset/reference/dram_anchored_pose-large_0056.png,dataset/search/dram_anchored_pose-large_0056.png,669.421507838135,852.2950229976549,6.4984020405961616,10.228261710586818,669.3299999982119,852.4600000008941,0.18865602658059027,0.043554996965505945,1,ambiguous,211.09016700211214,20260863,dram,anchored,low,large,3,"{""extent_nm"": 12000.0, ""kind"": ""dram"", ""line_width_nm"": 44.958682579952196, ""pitch_nm"": 180.25926484045965, ""staggered"": true, ""via_nm"": 51.30474700653246}","{""chain"": ""src.sem_physics.apply_sem_chain"", ""noise_level"": ""low"", ""presets"": {""reference"": ""reference"", ""search"": ""search""}}"
dram_anchored_pose-large_0057,dataset/reference/dram_anchored_pose-large_0057.png,dataset/search/dram_anchored_pose-large_0057.png,492.39571120461363,616.7442996868616,6.332107225080803,10.405866514577076,484.0600000023842,678.3499999940395,62.167084470681075,0.0457526034724529,1,ambiguous,210.88520899866126,20260864,dram,anchored,low,large,3,"{""extent_nm"": 12000.0, ""kind"": ""dram"", ""line_width_nm"": 45.71589812324147, ""pitch_nm"": 156.81787959756502, ""staggered"": false, ""via_nm"": 52.286837348837295}","{""chain"": ""src.sem_physics.apply_sem_chain"", ""noise_level"": ""low"", ""presets"": {""reference"": ""reference"", ""search"": ""search""}}"
dram_anchored_pose-large_0058,dataset/reference/dram_anchored_pose-large_0058.png,dataset/search/dram_anchored_pose-large_0058.png,732.1034290123812,295.56486679566314,0.04021901139541839,10.083026773857826,732.1200000047684,295.570000000298,0.017347840745172004,0.07038281209839378,1,ambiguous,210.31020800000988,20260865,dram,anchored,low,large,3,"{""extent_nm"": 12000.0, ""kind"": ""dram"", ""line_width_nm"": 34.841671188589494, ""pitch_nm"": 165.734018442713, ""staggered"": true, ""via_nm"": 68.68625695131054}","{""chain"": ""src.sem_physics.apply_sem_chain"", ""noise_level"": ""low"", ""presets"": {""reference"": ""reference"", ""search"": ""search""}}"
dram_anchored_pose-large_0059,dataset/reference/dram_anchored_pose-large_0059.png,dataset/search/dram_anchored_pose-large_0059.png,885.7171437648049,741.9554325312993,3.675287918599123,9.933816707326837,885.6899999976158,741.9399999976158,0.03122414439346524,0.0606905071863327,1,ambiguous,211.90399999977672,20260866,dram,anchored,low,large,3,"{""extent_nm"": 12000.0, ""kind"": ""dram"", ""line_width_nm"": 41.985573575301046, ""pitch_nm"": 204.47698628445104, ""staggered"": false, ""via_nm"": 64.60100248093758}","{""chain"": ""src.sem_physics.apply_sem_chain"", ""noise_level"": ""low"", ""presets"": {""reference"": ""reference"", ""search"": ""search""}}"
dram_anchored_pose-large_0060,dataset/reference/dram_anchored_pose-large_0060.png,dataset/search/dram_anchored_pose-large_0060.png,260.2983510414417,393.5024622276527,6.65972966177452,9.820857927688296,260.42000000178814,393.3100000023842,0.2276843817846824,0.046720975686412314,1,ambiguous,211.19479200206115,20260867,dram,anchored,low,large,3,"{""extent_nm"": 12000.0, ""kind"": ""dram"", ""line_width_nm"": 45.93007194561736, ""pitch_nm"": 196.82396045740785, ""staggered"": true, ""via_nm"": 68.65978694374843}","{""chain"": ""src.sem_physics.apply_sem_chain"", ""noise_level"": ""low"", ""presets"": {""reference"": ""reference"", ""search"": ""search""}}"
dram_anchored_pose-large_0061,dataset/reference/dram_anchored_pose-large_0061.png,dataset/search/dram_anchored_pose-large_0061.png,319.52808765738564,669.1468726761681,5.20247738535668,9.988256908017847,254.22999998927116,653.7899999916553,67.0796078682717,0.050710664026182836,1,ambiguous,210.94529100082582,20260868,dram,anchored,low,large,3,"{""extent_nm"": 12000.0, ""kind"": ""dram"", ""line_width_nm"": 37.140348265996444, ""pitch_nm"": 211.76490601542076, ""staggered"": false, ""via_nm"": 55.60484268902595}","{""chain"": ""src.sem_physics.apply_sem_chain"", ""noise_level"": ""low"", ""presets"": {""reference"": ""reference"", ""search"": ""search""}}"
dram_anchored_pose-large_0062,dataset/reference/dram_anchored_pose-large_0062.png,dataset/search/dram_anchored_pose-large_0062.png,636.0699350692969,309.8968596111385,6.276725187512476,10.319401268206274,636.0800000429153,309.93000000715256,0.03463509119244597,0.04531046158194582,1,ambiguous,211.3167080024141,20260869,dram,anchored,low,large,3,"{""extent_nm"": 12000.0, ""kind"": ""dram"", ""line_width_nm"": 43.39906801290446, ""pitch_nm"": 191.18670391987627, ""staggered"": false, ""via_nm"": 68.90251359762559}","{""chain"": ""src.sem_physics.apply_sem_chain"", ""noise_level"": ""low"", ""presets"": {""reference"": ""reference"", ""search"": ""search""}}"
dram_anchored_pose-large_0063,dataset/reference/dram_anchored_pose-large_0063.png,dataset/search/dram_anchored_pose-large_0063.png,311.5032958479918,577.3403438308851,-6.420929389807553,9.987096931703269,311.5,577.4700000006706,0.12969805309802523,0.04515897279356439,1,ambiguous,211.52491699831444,20260870,dram,anchored,medium,large,3,"{""extent_nm"": 12000.0, ""kind"": ""dram"", ""line_width_nm"": 44.58536549704197, ""pitch_nm"": 155.57633104816315, ""staggered"": true, ""via_nm"": 54.127846361223725}","{""chain"": ""src.sem_physics.apply_sem_chain"", ""noise_level"": ""medium"", ""presets"": {""reference"": ""reference"", ""search"": ""search""}}"
dram_anchored_pose-large_0064,dataset/reference/dram_anchored_pose-large_0064.png,dataset/search/dram_anchored_pose-large_0064.png,188.69308264527194,95.41558849302875,-6.848920075346879,10.478712998728149,188.77999997138977,95.44999999925494,0.0934814063877306,0.047007366141306954,1,ambiguous,212.92624999841792,20260871,dram,anchored,medium,large,3,"{""extent_nm"": 12000.0, ""kind"": ""dram"", ""line_width_nm"": 36.354307298218544, ""pitch_nm"": 152.51015399568027, ""staggered"": false, ""via_nm"": 65.68322524183957}","{""chain"": ""src.sem_physics.apply_sem_chain"", ""noise_level"": ""medium"", ""presets"": {""reference"": ""reference"", ""search"": ""search""}}"
dram_anchored_pose-large_0065,dataset/reference/dram_anchored_pose-large_0065.png,dataset/search/dram_anchored_pose-large_0065.png,109.66890153979473,608.1416961006698,7.235938743396217,9.91609785664567,49.90999999642372,648.0800000429153,71.87624388804332,0.043552617891335355,1,ambiguous,211.3238329984597,20260872,dram,anchored,medium,large,3,"{""extent_nm"": 12000.0, ""kind"": ""dram"", ""line_width_nm"": 44.01297023083379, ""pitch_nm"": 159.32644854167302, ""staggered"": true, ""via_nm"": 66.45219566314167}","{""chain"": ""src.sem_physics.apply_sem_chain"", ""noise_level"": ""medium"", ""presets"": {""reference"": ""reference"", ""search"": ""search""}}"
dram_anchored_pose-large_0066,dataset/reference/dram_anchored_pose-large_0066.png,dataset/search/dram_anchored_pose-large_0066.png,275.58056969576035,635.1867088911124,5.846300512299486,9.935087347205457,275.570000000298,635.2199999988079,0.034928731923159005,0.04730237380268341,1,ambiguous,210.53137499984587,20260873,dram,anchored,medium,large,3,"{""extent_nm"": 12000.0, ""kind"": ""dram"", ""line_width_nm"": 40.13157110499583, ""pitch_nm"": 201.0364071800106, ""staggered"": false, ""via_nm"": 53.93799553593729}","{""chain"": ""src.sem_physics.apply_sem_chain"", ""noise_level"": ""medium"", ""presets"": {""reference"": ""reference"", ""search"": ""search""}}"
dram_anchored_pose-large_0067,dataset/reference/dram_anchored_pose-large_0067.png,dataset/search/dram_anchored_pose-large_0067.png,841.5186320560837,871.9580082477297,2.136310396240127,9.928007510237686,841.5099999997765,871.9399999976158,0.01997021452701754,0.06381905983635834,1,ambiguous,211.34495800288278,20260874,dram,anchored,medium,large,3,"{""extent_nm"": 12000.0, ""kind"": ""dram"", ""line_width_nm"": 44.83248674462876, ""pitch_nm"": 176.14503944434145, ""staggered"": true, ""via_nm"": 67.42282090163908}","{""chain"": ""src.sem_physics.apply_sem_chain"", ""noise_level"": ""medium"", ""presets"": {""reference"": ""reference"", ""search"": ""search""}}"
dram_anchored_pose-large_0068,dataset/reference/dram_anchored_pose-large_0068.png,dataset/search/dram_anchored_pose-large_0068.png,890.5881218953368,896.5449761886151,-6.918257501546718,10.27497279337824,890.0,895.98,0.8155277171725261,0.04255633703506887,1,ambiguous,213.85362500222982,20260875,dram,anchored,medium,large,3,"{""extent_nm"": 12000.0, ""kind"": ""dram"", ""line_width_nm"": 41.329047644934505, ""pitch_nm"": 209.56359143979714, ""staggered"": false, ""via_nm"": 52.1035122544587}","{""chain"": ""src.sem_physics.apply_sem_chain"", ""noise_level"": ""medium"", ""presets"": {""reference"": ""reference"", ""search"": ""search""}}"
dram_anchored_pose-large_0069,dataset/reference/dram_anchored_pose-large_0069.png,dataset/search/dram_anchored_pose-large_0069.png,744.6453260792088,609.6186351991138,1.9099324928412837,10.416404667054683,744.6500000059605,609.609999999404,0.009818974758545467,0.06550722778753654,1,ambiguous,210.76004200222087,20260876,dram,anchored,medium,large,3,"{""extent_nm"": 12000.0, ""kind"": ""dram"", ""line_width_nm"": 36.04097919559576, ""pitch_nm"": 210.39761223391946, ""staggered"": false, ""via_nm"": 53.053777814703224}","{""chain"": ""src.sem_physics.apply_sem_chain"", ""noise_level"": ""medium"", ""presets"": {""reference"": ""reference"", ""search"": ""search""}}"
dram_anchored_pose-large_0070,dataset/reference/dram_anchored_pose-large_0070.png,dataset/search/dram_anchored_pose-large_0070.png,315.0893429922634,605.5635688835312,-6.206211299619854,10.287112853575175,313.98,605.32,1.1357674390070256,0.04503100517560613,1,ambiguous,211.82395900177653,20260877,dram,anchored,medium,large,3,"{""extent_nm"": 12000.0, ""kind"": ""dram"", ""line_width_nm"": 41.95987330185018, ""pitch_nm"": 144.26906945076027, ""staggered"": true, ""via_nm"": 68.71515619262001}","{""chain"": ""src.sem_physics.apply_sem_chain"", ""noise_level"": ""medium"", ""presets"": {""reference"": ""reference"", ""search"": ""search""}}"
dram_anchored_pose-large_0071,dataset/reference/dram_anchored_pose-large_0071.png,dataset/search/dram_anchored_pose-large_0071.png,642.6595424675035,200.43568296168164,-6.965151084240487,10.02531566512777,644.04,199.89,1.484396474563316,0.042413298279133996,1,ambiguous,211.73583299969323,20260878,dram,anchored,medium,large,3,"{""extent_nm"": 12000.0, ""kind"": ""dram"", ""line_width_nm"": 37.78632377288811, ""pitch_nm"": 174.23624710490012, ""staggered"": true, ""via_nm"": 57.09425809403173}","{""chain"": ""src.sem_physics.apply_sem_chain"", ""noise_level"": ""medium"", ""presets"": {""reference"": ""reference"", ""search"": ""search""}}"
dram_anchored_pose-large_0072,dataset/reference/dram_anchored_pose-large_0072.png,dataset/search/dram_anchored_pose-large_0072.png,611.4570519235917,332.59931164337826,5.497893829075236,9.551267188428298,611.4900000002235,332.5900000035763,0.03423860963204601,0.05274264823221927,1,ambiguous,211.88945900212275,20260879,dram,anchored,high,large,3,"{""extent_nm"": 12000.0, ""kind"": ""dram"", ""line_width_nm"": 39.96973468622162, ""pitch_nm"": 214.16639704169546, ""staggered"": true, ""via_nm"": 61.958117953405754}","{""chain"": ""src.sem_physics.apply_sem_chain"", ""noise_level"": ""high"", ""presets"": {""reference"": ""reference"", ""search"": ""search""}}"
dram_anchored_pose-large_0073,dataset/reference/dram_anchored_pose-large_0073.png,dataset/search/dram_anchored_pose-large_0073.png,474.0562323511227,870.1830398166439,5.953658912415285,10.024171577467122,474.0199999809265,870.1999999880791,0.040005400449696644,0.045270956859492305,1,ambiguous,211.67370799958007,20260880,dram,anchored,high,large,3,"{""extent_nm"": 12000.0, ""kind"": ""dram"", ""line_width_nm"": 43.759671609829, ""pitch_nm"": 173.16254114484929, ""staggered"": true, ""via_nm"": 60.79437044057217}","{""chain"": ""src.sem_physics.apply_sem_chain"", ""noise_level"": ""high"", ""presets"": {""reference"": ""reference"", ""search"": ""search""}}"
dram_anchored_pose-large_0074,dataset/reference/dram_anchored_pose-large_0074.png,dataset/search/dram_anchored_pose-large_0074.png,112.27851403645602,520.1049094199727,1.5305912216316298,10.157367380626818,112.2800000011921,520.0999999940395,0.005129381462637387,0.05931158439587405,1,ambiguous,212.0407910006179,20260881,dram,anchored,high,large,3,"{""extent_nm"": 12000.0, ""kind"": ""dram"", ""line_width_nm"": 36.183420366235524, ""pitch_nm"": 159.23147603642136, ""staggered"": false, ""via_nm"": 52.05020188549433}","{""chain"": ""src.sem_physics.apply_sem_chain"", ""noise_level"": ""high"", ""presets"": {""reference"": ""reference"", ""search"": ""search""}}"
dram_anchored_pose-large_0075,dataset/reference/dram_anchored_pose-large_0075.png,dataset/search/dram_anchored_pose-large_0075.png,456.00474213337066,342.52256504134317,0.7811652252425407,10.235041507979263,456.0199999809265,342.5099999997765,0.01976568191615001,0.06291374360912992,1,ambiguous,211.72687500074971,20260882,dram,anchored,high,large,3,"{""extent_nm"": 12000.0, ""kind"": ""dram"", ""line_width_nm"": 43.72906842664912, ""pitch_nm"": 151.1382752315694, ""staggered"": true, ""via_nm"": 64.88366772635932}","{""chain"": ""src.sem_physics.apply_sem_chain"", ""noise_level"": ""high"", ""presets"": {""reference"": ""reference"", ""search"": ""search""}}"
dram_anchored_pose-large_0076,dataset/reference/dram_anchored_pose-large_0076.png,dataset/search/dram_anchored_pose-large_0076.png,638.2700100790312,340.95883567960925,2.760030586571384,10.412278568055797,638.2400000095367,341.0,0.050942178440789056,0.053426403572684356,1,ambiguous,211.26975000152015,20260883,dram,anchored,high,large,3,"{""extent_nm"": 12000.0, ""kind"": ""dram"", ""line_width_nm"": 39.32635371177681, ""pitch_nm"": 150.91013748097532, ""staggered"": false, ""via_nm"": 61.50953033890493}","{""chain"": ""src.sem_physics.apply_sem_chain"", ""noise_level"": ""high"", ""presets"": {""reference"": ""reference"", ""search"": ""search""}}"
dram_anchored_pose-large_0077,dataset/reference/dram_anchored_pose-large_0077.png,dataset/search/dram_anchored_pose-large_0077.png,797.688472655356,127.79975552522879,-2.536794155255958,10.240219345442469,797.7000000029802,127.78999999165535,0.015101330357022527,0.06474662007899641,1,ambiguous,214.35066599951824,20260884,dram,anchored,high,large,3,"{""extent_nm"": 12000.0, ""kind"": ""dram"", ""line_width_nm"": 37.66301802716576, ""pitch_nm"": 209.25119612901685, ""staggered"": false, ""via_nm"": 54.31736237381793}","{""chain"": ""src.sem_physics.apply_sem_chain"", ""noise_level"": ""high"", ""presets"": {""reference"": ""reference"", ""search"": ""search""}}"
dram_anchored_pose-large_0078,dataset/reference/dram_anchored_pose-large_0078.png,dataset/search/dram_anchored_pose-large_0078.png,175.91665666819347,294.08338826409107,2.958702702290992,9.81713929902603,175.88999998569489,294.10000002384186,0.031409063721291555,0.061273326382117514,1,ambiguous,211.28791700175498,20260885,dram,anchored,high,large,3,"{""extent_nm"": 12000.0, ""kind"": ""dram"", ""line_width_nm"": 35.67103942620146, ""pitch_nm"": 192.54694947631396, ""staggered"": true, ""via_nm"": 63.95790176148185}","{""chain"": ""src.sem_physics.apply_sem_chain"", ""noise_level"": ""high"", ""presets"": {""reference"": ""reference"", ""search"": ""search""}}"
dram_anchored_pose-large_0079,dataset/reference/dram_anchored_pose-large_0079.png,dataset/search/dram_anchored_pose-large_0079.png,178.08540541748772,519.9734448191341,1.7695824537173461,9.640982322623055,178.11000001430511,519.9900000095367,0.029647403290664225,0.06117107682641494,1,ambiguous,210.92058300200733,20260886,dram,anchored,high,large,3,"{""extent_nm"": 12000.0, ""kind"": ""dram"", ""line_width_nm"": 40.59405901195025, ""pitch_nm"": 198.2094779368659, ""staggered"": false, ""via_nm"": 65.14350170722118}","{""chain"": ""src.sem_physics.apply_sem_chain"", ""noise_level"": ""high"", ""presets"": {""reference"": ""reference"", ""search"": ""search""}}"
dram_anchored_pose-large_0080,dataset/reference/dram_anchored_pose-large_0080.png,dataset/search/dram_anchored_pose-large_0080.png,557.2973264467571,605.4642698094735,-1.5597129388547746,9.763820316232236,557.3100000023842,605.4600000008941,0.013373491598613615,0.0613861000623372,1,ambiguous,211.09824999803095,20260887,dram,anchored,high,large,3,"{""extent_nm"": 12000.0, ""kind"": ""dram"", ""line_width_nm"": 44.91634898931703, ""pitch_nm"": 178.91760557733994, ""staggered"": false, ""via_nm"": 59.939155118901276}","{""chain"": ""src.sem_physics.apply_sem_chain"", ""noise_level"": ""high"", ""presets"": {""reference"": ""reference"", ""search"": ""search""}}"
dram_unanchored_pose-none_0081,dataset/reference/dram_unanchored_pose-none_0081.png,dataset/search/dram_unanchored_pose-none_0081.png,511.66084701100266,716.7068403912086,0.0,10.0,406.5,581.4700000006706,171.3120157574692,0.06279549351615174,1,ambiguous,212.41220800220617,20260888,dram,unanchored,low,none,0,"{""extent_nm"": 12000.0, ""kind"": ""dram"", ""line_width_nm"": 38.0365849865065, ""pitch_nm"": 150.2337510853476, ""staggered"": false, ""via_nm"": 53.19102880238792}","{""chain"": ""src.sem_physics.apply_sem_chain"", ""noise_level"": ""low"", ""presets"": {""reference"": ""reference"", ""search"": ""search""}}"
dram_unanchored_pose-none_0082,dataset/reference/dram_unanchored_pose-none_0082.png,dataset/search/dram_unanchored_pose-none_0082.png,168.7632294779334,116.0564976239753,0.0,10.0,509.47000000067055,267.47000000067055,372.8366293458981,0.0666020209945671,1,ambiguous,210.91583399902447,20260889,dram,unanchored,low,none,0,"{""extent_nm"": 12000.0, ""kind"": ""dram"", ""line_width_nm"": 41.79710980339988, ""pitch_nm"": 189.27611795809605, ""staggered"": true, ""via_nm"": 65.2724068066055}","{""chain"": ""src.sem_physics.apply_sem_chain"", ""noise_level"": ""low"", ""presets"": {""reference"": ""reference"", ""search"": ""search""}}"
dram_unanchored_pose-none_0083,dataset/reference/dram_unanchored_pose-none_0083.png,dataset/search/dram_unanchored_pose-none_0083.png,605.042449201066,690.623455605982,0.0,10.0,690.5099999997765,844.480000000447,176.00152980169273,0.0642365206630355,1,ambiguous,215.96758300074725,20260890,dram,unanchored,low,none,0,"{""extent_nm"": 12000.0, ""kind"": ""dram"", ""line_width_nm"": 45.838337520193804, ""pitch_nm"": 170.95333343965873, ""staggered"": false, ""via_nm"": 62.58848158536173}","{""chain"": ""src.sem_physics.apply_sem_chain"", ""noise_level"": ""low"", ""presets"": {""reference"": ""reference"", ""search"": ""search""}}"
dram_unanchored_pose-none_0084,dataset/reference/dram_unanchored_pose-none_0084.png,dataset/search/dram_unanchored_pose-none_0084.png,818.8522153306504,140.52431657922452,0.0,10.0,387.5099999997765,442.47000000067055,526.5237909756692,0.07229256555454887,1,ambiguous,211.9600830010313,20260891,dram,unanchored,low,none,0,"{""extent_nm"": 12000.0, ""kind"": ""dram"", ""line_width_nm"": 42.72603642549281, ""pitch_nm"": 215.6723261720907, ""staggered"": true, ""via_nm"": 53.48857361626144}","{""chain"": ""src.sem_physics.apply_sem_chain"", ""noise_level"": ""low"", ""presets"": {""reference"": ""reference"", ""search"": ""search""}}"
dram_unanchored_pose-none_0085,dataset/reference/dram_unanchored_pose-none_0085.png,dataset/search/dram_unanchored_pose-none_0085.png,792.033248003639,126.77536301628662,0.0,10.0,343.5099999997765,608.519999999553,658.2180484171438,0.06549624253888431,1,ambiguous,211.01237499897252,20260892,dram,unanchored,low,none,0,"{""extent_nm"": 12000.0, ""kind"": ""dram"", ""line_width_nm"": 38.18935529326094, ""pitch_nm"": 166.11765178401728, ""staggered"": false, ""via_nm"": 51.998942599474}","{""chain"": ""src.sem_physics.apply_sem_chain"", ""noise_level"": ""low"", ""presets"": {""reference"": ""reference"", ""search"": ""search""}}"
dram_unanchored_pose-none_0086,dataset/reference/dram_unanchored_pose-none_0086.png,dataset/search/dram_unanchored_pose-none_0086.png,145.2531245943901,235.25640417332895,0.0,10.0,345.5099999997765,435.52999999932945,283.21781252633923,0.0710291041447181,1,ambiguous,211.50124999985565,20260893,dram,unanchored,low,none,0,"{""extent_nm"": 12000.0, ""kind"": ""dram"", ""line_width_nm"": 41.44975409226491, ""pitch_nm"": 200.25385149855177, ""staggered"": true, ""via_nm"": 53.20660674554413}","{""chain"": ""src.sem_physics.apply_sem_chain"", ""noise_level"": ""low"", ""presets"": {""reference"": ""reference"", ""search"": ""search""}}"
dram_unanchored_pose-none_0087,dataset/reference/dram_unanchored_pose-none_0087.png,dataset/search/dram_unanchored_pose-none_0087.png,408.813358591022,343.3187992443819,0.0,10.0,770.5,279.48000000044703,367.27730512871887,0.07723330082242684,1,ambiguous,212.0424999993702,20260894,dram,unanchored,low,none,0,"{""extent_nm"": 12000.0, ""kind"": ""dram"", ""line_width_nm"": 36.744392753442185, ""pitch_nm"": 212.75865836953255, ""staggered"": false, ""via_nm"": 56.54483704231717}","{""chain"": ""src.sem_physics.apply_sem_chain"", ""noise_level"": ""low"", ""presets"": {""reference"": ""reference"", ""search"": ""search""}}"
dram_unanchored_pose-none_0088,dataset/reference/dram_unanchored_pose-none_0088.png,dataset/search/dram_unanchored_pose-none_0088.png,692.8333747862794,709.2566361741763,0.0,10.0,422.5,786.5,281.15239778182143,0.06638365687685788,1,ambiguous,211.3758340019558,20260895,dram,unanchored,low,none,0,"{""extent_nm"": 12000.0, ""kind"": ""dram"", ""line_width_nm"": 43.26683874927162, ""pitch_nm"": 193.09097551442892, ""staggered"": false, ""via_nm"": 56.390433763259665}","{""chain"": ""src.sem_physics.apply_sem_chain"", ""noise_level"": ""low"", ""presets"": {""reference"": ""reference"", ""search"": ""search""}}"
dram_unanchored_pose-none_0089,dataset/reference/dram_unanchored_pose-none_0089.png,dataset/search/dram_unanchored_pose-none_0089.png,143.42778693787955,818.7512521083663,0.0,10.0,49.52999999932945,161.49000000022352,663.9345961122383,0.0668984720224825,1,ambiguous,211.76716700210818,20260896,dram,unanchored,low,none,0,"{""extent_nm"": 12000.0, ""kind"": ""dram"", ""line_width_nm"": 35.081523395778696, ""pitch_nm"": 156.48758745845413, ""staggered"": true, ""via_nm"": 60.616740835900785}","{""chain"": ""src.sem_physics.apply_sem_chain"", ""noise_level"": ""low"", ""presets"": {""reference"": ""reference"", ""search"": ""search""}}"
dram_unanchored_pose-none_0090,dataset/reference/dram_unanchored_pose-none_0090.png,dataset/search/dram_unanchored_pose-none_0090.png,176.19053097435793,579.758267656708,0.0,10.0,727.4900000002235,906.4400000013411,640.8213938344223,0.07317824017029341,1,ambiguous,211.80079199984903,20260897,dram,unanchored,medium,none,0,"{""extent_nm"": 12000.0, ""kind"": ""dram"", ""line_width_nm"": 36.026776520507156, ""pitch_nm"": 204.1826980285827, ""staggered"": true, ""via_nm"": 55.809746067193046}","{""chain"": ""src.sem_physics.apply_sem_chain"", ""noise_level"": ""medium"", ""presets"": {""reference"": ""reference"", ""search"": ""search""}}"
dram_unanchored_pose-none_0091,dataset/reference/dram_unanchored_pose-none_0091.png,dataset/search/dram_unanchored_pose-none_0091.png,293.38293214312614,636.4996852474435,0.0,10.0,831.5099999997765,429.52999999932945,576.5563214220267,0.0702622850248599,1,ambiguous,211.4174579983228,20260898,dram,unanchored,medium,none,0,"{""extent_nm"": 12000.0, ""kind"": ""dram"", ""line_width_nm"": 40.361774509424095, ""pitch_nm"": 206.9732045457388, ""staggered"": false, ""via_nm"": 65.30377297794503}","{""chain"": ""src.sem_physics.apply_sem_chain"", ""noise_level"": ""medium"", ""presets"": {""reference"": ""reference"", ""search"": ""search""}}"
dram_unanchored_pose-none_0092,dataset/reference/dram_unanchored_pose-none_0092.png,dataset/search/dram_unanchored_pose-none_0092.png,501.6994415620071,685.8001667946323,0.0,10.0,838.4700000006706,559.5099999997765,359.6715380179001,0.07260916078997799,1,ambiguous,211.40645899868105,20260899,dram,unanchored,medium,none,0,"{""extent_nm"": 12000.0, ""kind"": ""dram"", ""line_width_nm"": 41.75543197371258, ""pitch_nm"": 210.48057879084837, ""staggered"": false, ""via_nm"": 60.189217619545495}","{""chain"": ""src.sem_physics.apply_sem_chain"", ""noise_level"": ""medium"", ""presets"": {""reference"": ""reference"", ""search"": ""search""}}"
dram_unanchored_pose-none_0093,dataset/reference/dram_unanchored_pose-none_0093.png,dataset/search/dram_unanchored_pose-none_0093.png,629.100238395367,540.3206468014084,0.0,10.0,108.51999999955297,168.47000000067055,639.7473627412384,0.06512354816423586,1,ambiguous,211.40979199844878,20260900,dram,unanchored,medium,none,0,"{""extent_nm"": 12000.0, ""kind"": ""dram"", ""line_width_nm"": 44.13089864210946, ""pitch_nm"": 185.9212284552445, ""staggered"": false, ""via_nm"": 60.740267954127326}","{""chain"": ""src.sem_physics.apply_sem_chain"", ""noise_level"": ""medium"", ""presets"": {""reference"": ""reference"", ""search"": ""search""}}"
dram_unanchored_pose-none_0094,dataset/reference/dram_unanchored_pose-none_0094.png,dataset/search/dram_unanchored_pose-none_0094.png,192.72850426223226,83.3334086115569,0.0,10.0,262.5,327.55000000074506,253.9878050758324,0.06759977496376611,1,ambiguous,212.19841700076358,20260901,dram,unanchored,medium,none,0,"{""extent_nm"": 12000.0, ""kind"": ""dram"", ""line_width_nm"": 34.62555063024082, ""pitch_nm"": 174.43653649316133, ""staggered"": true, ""via_nm"": 68.4359207099755}","{""chain"": ""src.sem_physics.apply_sem_chain"", ""noise_level"": ""medium"", ""presets"": {""reference"": ""reference"", ""search"": ""search""}}"
dram_unanchored_pose-none_0095,dataset/reference/dram_unanchored_pose-none_0095.png,dataset/search/dram_unanchored_pose-none_0095.png,768.9617221174226,517.169239135016,0.0,10.0,831.5,329.5099999997765,197.80552629624756,0.07255146718770546,1,ambiguous,211.49783399960143,20260902,dram,unanchored,medium,none,0,"{""extent_nm"": 12000.0, ""kind"": ""dram"", ""line_width_nm"": 36.54394181637595, ""pitch_nm"": 208.51629313008885, ""staggered"": false, ""via_nm"": 63.66286938329216}","{""chain"": ""src.sem_physics.apply_sem_chain"", ""noise_level"": ""medium"", ""presets"": {""reference"": ""reference"", ""search"": ""search""}}"
dram_unanchored_pose-none_0096,dataset/reference/dram_unanchored_pose-none_0096.png,dataset/search/dram_unanchored_pose-none_0096.png,650.4389301340232,378.5525177779853,0.0,10.0,455.48000000044703,508.52999999932945,234.31417012939795,0.06536985570682069,1,ambiguous,211.05220800018287,20260903,dram,unanchored,medium,none,0,"{""extent_nm"": 12000.0, ""kind"": ""dram"", ""line_width_nm"": 43.08721541882427, ""pitch_nm"": 162.46166586594506, ""staggered"": false, ""via_nm"": 58.38619912731417}","{""chain"": ""src.sem_physics.apply_sem_chain"", ""noise_level"": ""medium"", ""presets"": {""reference"": ""reference"", ""search"": ""search""}}"
dram_unanchored_pose-none_0097,dataset/reference/dram_unanchored_pose-none_0097.png,dataset/search/dram_unanchored_pose-none_0097.png,651.5458252142881,606.8914836068054,0.0,10.0,916.519999999553,783.5299999993294,318.45325995581214,0.06671582025040469,1,ambiguous,211.20808399791713,20260904,dram,unanchored,medium,none,0,"{""extent_nm"": 12000.0, ""kind"": ""dram"", ""line_width_nm"": 35.100777356383404, ""pitch_nm"": 176.64780795577892, ""staggered"": false, ""via_nm"": 61.82489847784341}","{""chain"": ""src.sem_physics.apply_sem_chain"", ""noise_level"": ""medium"", ""presets"": {""reference"": ""reference"", ""search"": ""search""}}"
dram_unanchored_pose-none_0098,dataset/reference/dram_unanchored_pose-none_0098.png,dataset/search/dram_unanchored_pose-none_0098.png,331.56123969009116,462.3655176451306,0.0,10.0,115.50999999977648,619.4900000002235,267.1446071457886,0.06932299325061066,1,ambiguous,210.71583400043892,20260905,dram,unanchored,medium,none,0,"{""extent_nm"": 12000.0, ""kind"": ""dram"", ""line_width_nm"": 43.2076307099447, ""pitch_nm"": 196.4054131239484, ""staggered"": true, ""via_nm"": 64.4079631983656}","{""chain"": ""src.sem_physics.apply_sem_chain"", ""noise_level"": ""medium"", ""presets"": {""reference"": ""reference"", ""search"": ""search""}}"
dram_unanchored_pose-none_0099,dataset/reference/dram_unanchored_pose-none_0099.png,dataset/search/dram_unanchored_pose-none_0099.png,295.7968640407147,874.1166811559921,0.0,10.0,526.480000000447,909.609999999404,233.39769685825192,0.0644922347030507,1,ambiguous,213.14445799725945,20260906,dram,unanchored,high,none,0,"{""extent_nm"": 12000.0, ""kind"": ""dram"", ""line_width_nm"": 44.662521919315864, ""pitch_nm"": 177.44390212197163, ""staggered"": true, ""via_nm"": 60.98515880639276}","{""chain"": ""src.sem_physics.apply_sem_chain"", ""noise_level"": ""high"", ""presets"": {""reference"": ""reference"", ""search"": ""search""}}"
dram_unanchored_pose-none_0100,dataset/reference/dram_unanchored_pose-none_0100.png,dataset/search/dram_unanchored_pose-none_0100.png,404.2022208210335,406.4445017905228,0.0,10.0,780.429999999702,505.44999999925494,389.036541344476,0.06650781785593933,1,ambiguous,211.20725000218954,20260907,dram,unanchored,high,none,0,"{""extent_nm"": 12000.0, ""kind"": ""dram"", ""line_width_nm"": 42.31849376177948, ""pitch_nm"": 198.00752152819234, ""staggered"": false, ""via_nm"": 66.99000182831782}","{""chain"": ""src.sem_physics.apply_sem_chain"", ""noise_level"": ""high"", ""presets"": {""reference"": ""reference"", ""search"": ""search""}}"
dram_unanchored_pose-none_0101,dataset/reference/dram_unanchored_pose-none_0101.png,dataset/search/dram_unanchored_pose-none_0101.png,423.5814104413642,262.7432945099216,0.0,10.0,147.5599999986589,299.53999999910593,278.4633127678369,0.06697789281773682,1,ambiguous,211.66891699976986,20260908,dram,unanchored,high,none,0,"{""extent_nm"": 12000.0, ""kind"": ""dram"", ""line_width_nm"": 41.71056928490708, ""pitch_nm"": 184.0093286507137, ""staggered"": true, ""via_nm"": 60.31965329607768}","{""chain"": ""src.sem_physics.apply_sem_chain"", ""noise_level"": ""high"", ""presets"": {""reference"": ""reference"", ""search"": ""search""}}"
dram_unanchored_pose-none_0102,dataset/reference/dram_unanchored_pose-none_0102.png,dataset/search/dram_unanchored_pose-none_0102.png,720.1169260312367,194.05911419199282,0.0,10.0,188.51999999955297,607.5299999993294,673.4637816368739,0.0618433019963624,1,ambiguous,210.7202499973937,20260909,dram,unanchored,high,none,0,"{""extent_nm"": 12000.0, ""kind"": ""dram"", ""line_width_nm"": 40.81028406520233, ""pitch_nm"": 147.66666472998094, ""staggered"": true, ""via_nm"": 51.893277210023115}","{""chain"": ""src.sem_physics.apply_sem_chain"", ""noise_level"": ""high"", ""presets"": {""reference"": ""reference"", ""search"": ""search""}}"
dram_unanchored_pose-none_0103,dataset/reference/dram_unanchored_pose-none_0103.png,dataset/search/dram_unanchored_pose-none_0103.png,87.43433256651984,350.11702017168216,0.0,10.0,275.5,893.4600000008941,574.9698157267803,0.07278905162282034,1,ambiguous,211.1233750001702,20260910,dram,unanchored,high,none,0,"{""extent_nm"": 12000.0, ""kind"": ""dram"", ""line_width_nm"": 38.62133873670089, ""pitch_nm"": 208.97231985527623, ""staggered"": true, ""via_nm"": 58.8637554861133}","{""chain"": ""src.sem_physics.apply_sem_chain"", ""noise_level"": ""high"", ""presets"": {""reference"": ""reference"", ""search"": ""search""}}"
dram_unanchored_pose-none_0104,dataset/reference/dram_unanchored_pose-none_0104.png,dataset/search/dram_unanchored_pose-none_0104.png,691.9673667274584,542.9936993307292,0.0,10.0,592.519999999553,211.50999999977648,346.07979090268765,0.06362634102642231,1,ambiguous,211.15837500110501,20260911,dram,unanchored,high,none,0,"{""extent_nm"": 12000.0, ""kind"": ""dram"", ""line_width_nm"": 37.65202413149741, ""pitch_nm"": 165.74390378204438, ""staggered"": false, ""via_nm"": 52.110415824353}","{""chain"": ""src.sem_physics.apply_sem_chain"", ""noise_level"": ""high"", ""presets"": {""reference"": ""reference"", ""search"": ""search""}}"
dram_unanchored_pose-none_0105,dataset/reference/dram_unanchored_pose-none_0105.png,dataset/search/dram_unanchored_pose-none_0105.png,114.12951775229084,101.32842361671179,0.0,10.0,301.51999999955297,663.5,592.5808587274253,0.06747678459122285,1,ambiguous,211.2142500009213,20260912,dram,unanchored,high,none,0,"{""extent_nm"": 12000.0, ""kind"": ""dram"", ""line_width_nm"": 39.63147561839634, ""pitch_nm"": 187.38768718946952, ""staggered"": true, ""via_nm"": 67.36431563036997}","{""chain"": ""src.sem_physics.apply_sem_chain"", ""noise_level"": ""high"", ""presets"": {""reference"": ""reference"", ""search"": ""search""}}"
dram_unanchored_pose-none_0106,dataset/reference/dram_unanchored_pose-none_0106.png,dataset/search/dram_unanchored_pose-none_0106.png,247.86881229578282,579.4362611414817,0.0,10.0,231.49000000022352,923.519999999553,344.47334416288646,0.06181928242674498,1,ambiguous,211.5598750024219,20260913,dram,unanchored,high,none,0,"{""extent_nm"": 12000.0, ""kind"": ""dram"", ""line_width_nm"": 40.43792981438689, ""pitch_nm"": 163.85353394684347, ""staggered"": false, ""via_nm"": 56.761953440555004}","{""chain"": ""src.sem_physics.apply_sem_chain"", ""noise_level"": ""high"", ""presets"": {""reference"": ""reference"", ""search"": ""search""}}"
dram_unanchored_pose-none_0107,dataset/reference/dram_unanchored_pose-none_0107.png,dataset/search/dram_unanchored_pose-none_0107.png,613.2098214567837,581.3225081779976,0.0,10.0,92.4400000013411,648.519999999553,525.0873354460585,0.06441362564937074,1,ambiguous,211.2480420000793,20260914,dram,unanchored,high,none,0,"{""extent_nm"": 12000.0, ""kind"": ""dram"", ""line_width_nm"": 36.834985532768535, ""pitch_nm"": 167.99363975108943, ""staggered"": false, ""via_nm"": 56.26812677778215}","{""chain"": ""src.sem_physics.apply_sem_chain"", ""noise_level"": ""high"", ""presets"": {""reference"": ""reference"", ""search"": ""search""}}"
dram_unanchored_pose-small_0108,dataset/reference/dram_unanchored_pose-small_0108.png,dataset/search/dram_unanchored_pose-small_0108.png,285.87752268532034,588.3774716520661,2.4346286490455435,10.05402289800114,654.5,613.5399999991059,369.4802885329975,0.06535105008913486,1,ambiguous,212.56441600053222,20260915,dram,unanchored,low,small,0,"{""extent_nm"": 12000.0, ""kind"": ""dram"", ""line_width_nm"": 42.17000271832346, ""pitch_nm"": 205.1117709192976, ""staggered"": true, ""via_nm"": 55.845132477195584}","{""chain"": ""src.sem_physics.apply_sem_chain"", ""noise_level"": ""low"", ""presets"": {""reference"": ""reference"", ""search"": ""search""}}"
dram_unanchored_pose-small_0109,dataset/reference/dram_unanchored_pose-small_0109.png,dataset/search/dram_unanchored_pose-small_0109.png,221.35093499881475,639.8166384279036,-3.517960978995245,9.899193741854667,49.49000000022352,194.53999999910593,477.2918035217453,0.0571267927112866,1,ambiguous,211.44670899957418,20260916,dram,unanchored,low,small,0,"{""extent_nm"": 12000.0, ""kind"": ""dram"", ""line_width_nm"": 40.22394685291736, ""pitch_nm"": 178.96887561775853, ""staggered"": true, ""via_nm"": 63.30808000421887}","{""chain"": ""src.sem_physics.apply_sem_chain"", ""noise_level"": ""low"", ""presets"": {""reference"": ""reference"", ""search"": ""search""}}"
dram_unanchored_pose-small_0110,dataset/reference/dram_unanchored_pose-small_0110.png,dataset/search/dram_unanchored_pose-small_0110.png,134.52321481222583,777.2756008172083,1.5305997093510735,9.798046379734858,257.53999999910593,351.57999999821186,443.1138386400964,0.0641945659817551,1,ambiguous,211.12108299712418,20260917,dram,unanchored,low,small,0,"{""extent_nm"": 12000.0, ""kind"": ""dram"", ""line_width_nm"": 36.4387395610375, ""pitch_nm"": 188.05838160719796, ""staggered"": false, ""via_nm"": 53.6378073744416}","{""chain"": ""src.sem_physics.apply_sem_chain"", ""noise_level"": ""low"", ""presets"": {""reference"": ""reference"", ""search"": ""search""}}"
dram_unanchored_pose-small_0111,dataset/reference/dram_unanchored_pose-small_0111.png,dataset/search/dram_unanchored_pose-small_0111.png,897.7542274121029,903.166485545431,4.606158437118163,9.751899754514815,948.7800000011921,74.46000000089407,830.2758991154034,0.049021119645036595,1,ambiguous,211.35354199941503,20260918,dram,unanchored,low,small,0,"{""extent_nm"": 12000.0, ""kind"": ""dram"", ""line_width_nm"": 45.630086619480544, ""pitch_nm"": 163.58058076784462, ""staggered"": false, ""via_nm"": 53.45963692453539}","{""chain"": ""src.sem_physics.apply_sem_chain"", ""noise_level"": ""low"", ""presets"": {""reference"": ""reference"", ""search"": ""search""}}"
dram_unanchored_pose-small_0112,dataset/reference/dram_unanchored_pose-small_0112.png,dataset/search/dram_unanchored_pose-small_0112.png,911.26106200309,565.1305090834181,-2.928671403231312,10.219081125193135,486.70000000298023,137.57000000029802,602.5446741064749,0.06437616756124812,1,ambiguous,211.6903749993071,20260919,dram,unanchored,low,small,0,"{""extent_nm"": 12000.0, ""kind"": ""dram"", ""line_width_nm"": 38.86946972921751, ""pitch_nm"": 207.10052716415174, ""staggered"": true, ""via_nm"": 58.12502053451736}","{""chain"": ""src.sem_physics.apply_sem_chain"", ""noise_level"": ""low"", ""presets"": {""reference"": ""reference"", ""search"": ""search""}}"
dram_unanchored_pose-small_0113,dataset/reference/dram_unanchored_pose-small_0113.png,dataset/search/dram_unanchored_pose-small_0113.png,851.5275420792397,735.9835877426103,-4.562533261437649,9.755748747660368,365.6000000014901,780.3700000047684,487.95054026328256,0.05042370674993108,1,ambiguous,211.53312499882304,20260920,dram,unanchored,low,small,0,"{""extent_nm"": 12000.0, ""kind"": ""dram"", ""line_width_nm"": 44.08928724025939, ""pitch_nm"": 161.75884406835436, ""staggered"": false, ""via_nm"": 59.778708698484294}","{""chain"": ""src.sem_physics.apply_sem_chain"", ""noise_level"": ""low"", ""presets"": {""reference"": ""reference"", ""search"": ""search""}}"
dram_unanchored_pose-small_0114,dataset/reference/dram_unanchored_pose-small_0114.png,dataset/search/dram_unanchored_pose-small_0114.png,560.2093676043079,911.0648353934272,2.790092942445778,9.85237279100132,307.52999999932945,887.4499999992549,253.7804627309708,0.05824908111997077,1,ambiguous,212.0685420013615,20260921,dram,unanchored,low,small,0,"{""extent_nm"": 12000.0, ""kind"": ""dram"", ""line_width_nm"": 40.34248207887734, ""pitch_nm"": 176.79928902710012, ""staggered"": false, ""via_nm"": 54.73170811647082}","{""chain"": ""src.sem_physics.apply_sem_chain"", ""noise_level"": ""low"", ""presets"": {""reference"": ""reference"", ""search"": ""search""}}"
dram_unanchored_pose-small_0115,dataset/reference/dram_unanchored_pose-small_0115.png,dataset/search/dram_unanchored_pose-small_0115.png,606.2960494921678,809.7142601747056,4.918211860846256,10.221530851521123,372.46000000089407,934.6599999964237,265.12400106607083,0.04778529198333891,1,ambiguous,212.43691700146883,20260922,dram,unanchored,low,small,0,"{""extent_nm"": 12000.0, ""kind"": ""dram"", ""line_width_nm"": 40.96668417715799, ""pitch_nm"": 177.90930674880693, ""staggered"": false, ""via_nm"": 55.99229926514505}","{""chain"": ""src.sem_physics.apply_sem_chain"", ""noise_level"": ""low"", ""presets"": {""reference"": ""reference"", ""search"": ""search""}}"
dram_unanchored_pose-small_0116,dataset/reference/dram_unanchored_pose-small_0116.png,dataset/search/dram_unanchored_pose-small_0116.png,331.7364823777355,914.3716617487833,4.897891627764835,10.011477567011237,918.480000000447,587.4400000013411,671.6786932196205,0.04639252454024603,1,ambiguous,212.61479199893074,20260923,dram,unanchored,low,small,0,"{""extent_nm"": 12000.0, ""kind"": ""dram"", ""line_width_nm"": 37.214957807995525, ""pitch_nm"": 153.30686933528222, ""staggered"": true, ""via_nm"": 64.65507485551508}","{""chain"": ""src.sem_physics.apply_sem_chain"", ""noise_level"": ""low"", ""presets"": {""reference"": ""reference"", ""search"": ""search""}}"
dram_unanchored_pose-small_0117,dataset/reference/dram_unanchored_pose-small_0117.png,dataset/search/dram_unanchored_pose-small_0117.png,115.26294833224932,606.6441742650118,-4.340686818186935,9.793782026702987,926.5599999986589,207.62999999523163,904.1101798513295,0.052522194546280855,1,ambiguous,214.32116700088955,20260924,dram,unanchored,medium,small,0,"{""extent_nm"": 12000.0, ""kind"": ""dram"", ""line_width_nm"": 36.770555683313724, ""pitch_nm"": 195.56678349970235, ""staggered"": false, ""via_nm"": 57.121757546590004}","{""chain"": ""src.sem_physics.apply_sem_chain"", ""noise_level"": ""medium"", ""presets"": {""reference"": ""reference"", ""search"": ""search""}}"
dram_unanchored_pose-small_0118,dataset/reference/dram_unanchored_pose-small_0118.png,dataset/search/dram_unanchored_pose-small_0118.png,508.73167506105744,354.41891168453924,-3.4076093841411206,9.817224497247926,642.480000000447,276.31999999284744,154.88077489320364,0.06061871001417713,1,ambiguous,213.51412500007427,20260925,dram,unanchored,medium,small,0,"{""extent_nm"": 12000.0, ""kind"": ""dram"", ""line_width_nm"": 39.444318217730164, ""pitch_nm"": 210.86536153726752, ""staggered"": true, ""via_nm"": 51.18583347778981}","{""chain"": ""src.sem_physics.apply_sem_chain"", ""noise_level"": ""medium"", ""presets"": {""reference"": ""reference"", ""search"": ""search""}}"
dram_unanchored_pose-small_0119,dataset/reference/dram_unanchored_pose-small_0119.png,dataset/search/dram_unanchored_pose-small_0119.png,898.6487968495994,326.2126616834731,3.3758671671166507,10.195429408917551,575.5299999993294,224.48000000044703,338.7555037650002,0.053057337468471556,1,ambiguous,212.10783400238142,20260926,dram,unanchored,medium,small,0,"{""extent_nm"": 12000.0, ""kind"": ""dram"", ""line_width_nm"": 44.619757286928774, ""pitch_nm"": 153.68961475632264, ""staggered"": true, ""via_nm"": 61.32187672888748}","{""chain"": ""src.sem_physics.apply_sem_chain"", ""noise_level"": ""medium"", ""presets"": {""reference"": ""reference"", ""search"": ""search""}}"
dram_unanchored_pose-small_0120,dataset/reference/dram_unanchored_pose-small_0120.png,dataset/search/dram_unanchored_pose-small_0120.png,100.06184317177792,837.8899135588762,-4.024813392798656,9.94041075516592,943.5,419.44999999925494,941.530607921788,0.05290451853970953,1,ambiguous,213.31704199837986,20260927,dram,unanchored,medium,small,0,"{""extent_nm"": 12000.0, ""kind"": ""dram"", ""line_width_nm"": 44.62091335682071, ""pitch_nm"": 175.46955056897696, ""staggered"": false, ""via_nm"": 55.15457895857092}","{""chain"": ""src.sem_physics.apply_sem_chain"", ""noise_level"": ""medium"", ""presets"": {""reference"": ""reference"", ""search"": ""search""}}"
dram_unanchored_pose-small_0121,dataset/reference/dram_unanchored_pose-small_0121.png,dataset/search/dram_unanchored_pose-small_0121.png,732.5581412007315,341.70648161564617,0.30408697715383504,9.732613226111162,677.570000000298,761.640000000596,423.5184240807498,0.06660306953539173,1,ambiguous,216.37654100049986,20260928,dram,unanchored,medium,small,0,"{""extent_nm"": 12000.0, ""kind"": ""dram"", ""line_width_nm"": 36.44500265139941, ""pitch_nm"": 185.6365653512154, ""staggered"": true, ""via_nm"": 51.04250276756349}","{""chain"": ""src.sem_physics.apply_sem_chain"", ""noise_level"": ""medium"", ""presets"": {""reference"": ""reference"", ""search"": ""search""}}"
dram_unanchored_pose-small_0122,dataset/reference/dram_unanchored_pose-small_0122.png,dataset/search/dram_unanchored_pose-small_0122.png,78.26287074809981,533.2919767995284,-1.497516415048291,10.170833040196012,899.4099999964237,780.4700000006706,857.5427587160817,0.0633346578892347,1,ambiguous,214.48504200088792,20260929,dram,unanchored,medium,small,0,"{""extent_nm"": 12000.0, ""kind"": ""dram"", ""line_width_nm"": 42.22902840359374, ""pitch_nm"": 191.24221923883573, ""staggered"": true, ""via_nm"": 56.1801033053751}","{""chain"": ""src.sem_physics.apply_sem_chain"", ""noise_level"": ""medium"", ""presets"": {""reference"": ""reference"", ""search"": ""search""}}"
dram_unanchored_pose-small_0123,dataset/reference/dram_unanchored_pose-small_0123.png,dataset/search/dram_unanchored_pose-small_0123.png,211.605425475147,405.296491321445,-0.8263164163016832,9.919956477750024,175.46000000089407,145.5,262.2988918879537,0.06750125920820516,1,ambiguous,212.54258300177753,20260930,dram,unanchored,medium,small,0,"{""extent_nm"": 12000.0, ""kind"": ""dram"", ""line_width_nm"": 43.75681034589592, ""pitch_nm"": 197.8223840804547, ""staggered"": false, ""via_nm"": 61.67305135354562}","{""chain"": ""src.sem_physics.apply_sem_chain"", ""noise_level"": ""medium"", ""presets"": {""reference"": ""reference"", ""search"": ""search""}}"
dram_unanchored_pose-small_0124,dataset/reference/dram_unanchored_pose-small_0124.png,dataset/search/dram_unanchored_pose-small_0124.png,175.2836063119479,269.8542574779711,-0.7567067692890017,9.920804775443017,193.47000000067055,410.47000000067055,141.78692450508728,0.06958994855796503,1,ambiguous,213.29512499869452,20260931,dram,unanchored,medium,small,0,"{""extent_nm"": 12000.0, ""kind"": ""dram"", ""line_width_nm"": 37.89037149660954, ""pitch_nm"": 198.94593011443374, ""staggered"": false, ""via_nm"": 60.500133297929594}","{""chain"": ""src.sem_physics.apply_sem_chain"", ""noise_level"": ""medium"", ""presets"": {""reference"": ""reference"", ""search"": ""search""}}"
dram_unanchored_pose-small_0125,dataset/reference/dram_unanchored_pose-small_0125.png,dataset/search/dram_unanchored_pose-small_0125.png,690.2068776250529,565.9880490765531,4.635419741995275,9.830875730918184,882.390000000596,897.519999999553,383.20723767802633,0.04801723842751852,1,ambiguous,213.79016699938802,20260932,dram,unanchored,medium,small,0,"{""extent_nm"": 12000.0, ""kind"": ""dram"", ""line_width_nm"": 38.86498454391331, ""pitch_nm"": 161.9692738207675, ""staggered"": false, ""via_nm"": 62.86694399743474}","{""chain"": ""src.sem_physics.apply_sem_chain"", ""noise_level"": ""medium"", ""presets"": {""reference"": ""reference"", ""search"": ""search""}}"
dram_unanchored_pose-small_0126,dataset/reference/dram_unanchored_pose-small_0126.png,dataset/search/dram_unanchored_pose-small_0126.png,796.9183896433958,347.00696517169666,-1.6813174051066584,9.910566423491282,289.48000000044703,634.5399999991059,583.2400581240021,0.05965296089634719,1,ambiguous,212.60766699924716,20260933,dram,unanchored,high,small,0,"{""extent_nm"": 12000.0, ""kind"": ""dram"", ""line_width_nm"": 35.06053328412819, ""pitch_nm"": 149.79515188072926, ""staggered"": true, ""via_nm"": 67.77386448770933}","{""chain"": ""src.sem_physics.apply_sem_chain"", ""noise_level"": ""high"", ""presets"": {""reference"": ""reference"", ""search"": ""search""}}"
dram_unanchored_pose-small_0127,dataset/reference/dram_unanchored_pose-small_0127.png,dataset/search/dram_unanchored_pose-small_0127.png,274.30394506298785,349.99204447888866,0.15583567481103255,10.150130766730733,766.5,839.5099999997765,694.1792169698746,0.06424148734457394,1,ambiguous,215.12670799711486,20260934,dram,unanchored,high,small,0,"{""extent_nm"": 12000.0, ""kind"": ""dram"", ""line_width_nm"": 34.45415400146484, ""pitch_nm"": 177.93824500156086, ""staggered"": false, ""via_nm"": 60.735433725290086}","{""chain"": ""src.sem_physics.apply_sem_chain"", ""noise_level"": ""high"", ""presets"": {""reference"": ""reference"", ""search"": ""search""}}"
dram_unanchored_pose-small_0128,dataset/reference/dram_unanchored_pose-small_0128.png,dataset/search/dram_unanchored_pose-small_0128.png,673.5877859848301,886.9388590388442,-0.7940635153398397,9.746647534675661,140.53999999910593,590.3299999982119,610.0137354237756,0.06571821210175323,1,ambiguous,214.4470840030408,20260935,dram,unanchored,high,small,0,"{""extent_nm"": 12000.0, ""kind"": ""dram"", ""line_width_nm"": 43.47837983994933, ""pitch_nm"": 201.33772106591564, ""staggered"": true, ""via_nm"": 60.16217918742975}","{""chain"": ""src.sem_physics.apply_sem_chain"", ""noise_level"": ""high"", ""presets"": {""reference"": ""reference"", ""search"": ""search""}}"
dram_unanchored_pose-small_0129,dataset/reference/dram_unanchored_pose-small_0129.png,dataset/search/dram_unanchored_pose-small_0129.png,773.3124178625667,456.640285646837,-2.8519049802857452,10.049904253550785,672.519999999553,730.4600000008941,291.7813350226669,0.05668659377578825,1,ambiguous,213.0189169984078,20260936,dram,unanchored,high,small,0,"{""extent_nm"": 12000.0, ""kind"": ""dram"", ""line_width_nm"": 34.76687318011481, ""pitch_nm"": 174.93475895168797, ""staggered"": false, ""via_nm"": 61.728863334905725}","{""chain"": ""src.sem_physics.apply_sem_chain"", ""noise_level"": ""high"", ""presets"": {""reference"": ""reference"", ""search"": ""search""}}"
dram_unanchored_pose-small_0130,dataset/reference/dram_unanchored_pose-small_0130.png,dataset/search/dram_unanchored_pose-small_0130.png,210.2592610510008,326.9764359096142,-1.9133445940314395,10.23732600254595,187.40999999642372,440.5099999997765,115.81001211361301,0.06332989487321311,1,ambiguous,212.96420900034718,20260937,dram,unanchored,high,small,0,"{""extent_nm"": 12000.0, ""kind"": ""dram"", ""line_width_nm"": 37.67269631984796, ""pitch_nm"": 194.8997871533978, ""staggered"": false, ""via_nm"": 53.97303521519182}","{""chain"": ""src.sem_physics.apply_sem_chain"", ""noise_level"": ""high"", ""presets"": {""reference"": ""reference"", ""search"": ""search""}}"
dram_unanchored_pose-small_0131,dataset/reference/dram_unanchored_pose-small_0131.png,dataset/search/dram_unanchored_pose-small_0131.png,281.29881648045193,899.2085802240562,-4.413524450791848,9.71870458038766,872.5599999986589,905.3999999985099,591.293599503812,0.05272614098025981,1,ambiguous,212.42183400318027,20260938,dram,unanchored,high,small,0,"{""extent_nm"": 12000.0, ""kind"": ""dram"", ""line_width_nm"": 36.5781128957908, ""pitch_nm"": 191.12882799800073, ""staggered"": true, ""via_nm"": 54.113242403420664}","{""chain"": ""src.sem_physics.apply_sem_chain"", ""noise_level"": ""high"", ""presets"": {""reference"": ""reference"", ""search"": ""search""}}"
dram_unanchored_pose-small_0132,dataset/reference/dram_unanchored_pose-small_0132.png,dataset/search/dram_unanchored_pose-small_0132.png,519.1941440445112,598.1157002907307,-1.37928805993915,9.70668290762288,356.3999999985099,502.48000000044703,188.80709866337966,0.06040053593389191,1,ambiguous,212.79266599958646,20260939,dram,unanchored,high,small,0,"{""extent_nm"": 12000.0, ""kind"": ""dram"", ""line_width_nm"": 38.1282754450763, ""pitch_nm"": 178.00916095308065, ""staggered"": false, ""via_nm"": 57.693540173409986}","{""chain"": ""src.sem_physics.apply_sem_chain"", ""noise_level"": ""high"", ""presets"": {""reference"": ""reference"", ""search"": ""search""}}"
dram_unanchored_pose-small_0133,dataset/reference/dram_unanchored_pose-small_0133.png,dataset/search/dram_unanchored_pose-small_0133.png,579.7556576917699,422.67588800717203,-0.46806788278653055,9.937247238622044,615.4600000008941,62.49000000022352,361.9512038646662,0.06363389146107384,1,ambiguous,212.91433299847995,20260940,dram,unanchored,high,small,0,"{""extent_nm"": 12000.0, ""kind"": ""dram"", ""line_width_nm"": 39.967514807060525, ""pitch_nm"": 162.82060364553806, ""staggered"": true, ""via_nm"": 52.8723164620869}","{""chain"": ""src.sem_physics.apply_sem_chain"", ""noise_level"": ""high"", ""presets"": {""reference"": ""reference"", ""search"": ""search""}}"
dram_unanchored_pose-small_0134,dataset/reference/dram_unanchored_pose-small_0134.png,dataset/search/dram_unanchored_pose-small_0134.png,315.9255101392529,801.4329522834618,1.3133627855241512,9.70442793478206,596.4600000008941,250.51999999955297,618.2270464773468,0.06496728501798943,1,ambiguous,213.87308399789617,20260941,dram,unanchored,high,small,0,"{""extent_nm"": 12000.0, ""kind"": ""dram"", ""line_width_nm"": 44.06672307786746, ""pitch_nm"": 203.17286576497128, ""staggered"": true, ""via_nm"": 57.159692978019436}","{""chain"": ""src.sem_physics.apply_sem_chain"", ""noise_level"": ""high"", ""presets"": {""reference"": ""reference"", ""search"": ""search""}}"
dram_unanchored_pose-large_0135,dataset/reference/dram_unanchored_pose-large_0135.png,dataset/search/dram_unanchored_pose-large_0135.png,550.6844719229696,901.5591152151263,-0.7788169855527709,10.386404198373997,816.4099999964237,949.570000000298,270.02796397368013,0.05733983184993315,1,ambiguous,211.74379199874238,20260942,dram,unanchored,low,large,0,"{""extent_nm"": 12000.0, ""kind"": ""dram"", ""line_width_nm"": 34.22777003574512, ""pitch_nm"": 153.69820777545445, ""staggered"": false, ""via_nm"": 68.59394342618687}","{""chain"": ""src.sem_physics.apply_sem_chain"", ""noise_level"": ""low"", ""presets"": {""reference"": ""reference"", ""search"": ""search""}}"
dram_unanchored_pose-large_0136,dataset/reference/dram_unanchored_pose-large_0136.png,dataset/search/dram_unanchored_pose-large_0136.png,599.37805699005,545.0475621525604,2.7136785032889943,9.535973918489699,83.48000000044703,242.40999999642372,598.1139517127629,0.058704440482703936,1,ambiguous,212.00899999894318,20260943,dram,unanchored,low,large,0,"{""extent_nm"": 12000.0, ""kind"": ""dram"", ""line_width_nm"": 44.10813029124497, ""pitch_nm"": 207.71264870710215, ""staggered"": false, ""via_nm"": 65.82802024891626}","{""chain"": ""src.sem_physics.apply_sem_chain"", ""noise_level"": ""low"", ""presets"": {""reference"": ""reference"", ""search"": ""search""}}"
dram_unanchored_pose-large_0137,dataset/reference/dram_unanchored_pose-large_0137.png,dataset/search/dram_unanchored_pose-large_0137.png,487.67981727320364,877.2269536991357,-4.264678754234904,9.920030464900425,88.4400000013411,179.57999999821186,803.8057624223959,0.05174079611456372,1,ambiguous,210.95224999953643,20260944,dram,unanchored,low,large,0,"{""extent_nm"": 12000.0, ""kind"": ""dram"", ""line_width_nm"": 44.81917101150094, ""pitch_nm"": 178.567532541743, ""staggered"": false, ""via_nm"": 62.64034066133926}","{""chain"": ""src.sem_physics.apply_sem_chain"", ""noise_level"": ""low"", ""presets"": {""reference"": ""reference"", ""search"": ""search""}}"
dram_unanchored_pose-large_0138,dataset/reference/dram_unanchored_pose-large_0138.png,dataset/search/dram_unanchored_pose-large_0138.png,584.5216224332506,136.09616755344067,0.7971402116162505,9.644144804330553,284.5,678.519999999553,619.8682020663813,0.06244780729926808,1,ambiguous,212.31108400024823,20260945,dram,unanchored,low,large,0,"{""extent_nm"": 12000.0, ""kind"": ""dram"", ""line_width_nm"": 44.60198307776071, ""pitch_nm"": 185.37318644918173, ""staggered"": true, ""via_nm"": 57.553610638079824}","{""chain"": ""src.sem_physics.apply_sem_chain"", ""noise_level"": ""low"", ""presets"": {""reference"": ""reference"", ""search"": ""search""}}"
dram_unanchored_pose-large_0139,dataset/reference/dram_unanchored_pose-large_0139.png,dataset/search/dram_unanchored_pose-large_0139.png,197.73170472107776,887.6041102898503,2.784143455751815,9.895485876395178,785.4600000008941,731.4499999992549,608.1189482602613,0.06423600358721686,1,ambiguous,211.43620799921337,20260946,dram,unanchored,low,large,0,"{""extent_nm"": 12000.0, ""kind"": ""dram"", ""line_width_nm"": 44.158474172910005, ""pitch_nm"": 210.14411268955376, ""staggered"": true, ""via_nm"": 52.6001070927379}","{""chain"": ""src.sem_physics.apply_sem_chain"", ""noise_level"": ""low"", ""presets"": {""reference"": ""reference"", ""search"": ""search""}}"
dram_unanchored_pose-large_0140,dataset/reference/dram_unanchored_pose-large_0140.png,dataset/search/dram_unanchored_pose-large_0140.png,840.461259445937,779.7516583837908,7.245028729232542,10.049559122874424,195.8100000023842,652.2400000095367,657.141133489231,0.03958910848787325,1,ambiguous,211.00645800106577,20260947,dram,unanchored,low,large,0,"{""extent_nm"": 12000.0, ""kind"": ""dram"", ""line_width_nm"": 38.54207833431503, ""pitch_nm"": 174.0155080897439, ""staggered"": false, ""via_nm"": 64.57585692017389}","{""chain"": ""src.sem_physics.apply_sem_chain"", ""noise_level"": ""low"", ""presets"": {""reference"": ""reference"", ""search"": ""search""}}"
dram_unanchored_pose-large_0141,dataset/reference/dram_unanchored_pose-large_0141.png,dataset/search/dram_unanchored_pose-large_0141.png,317.0750236611064,164.7850219020541,-1.0608604599913143,10.260545798822747,757.480000000447,787.5599999986589,762.7615725295041,0.06624815660581777,1,ambiguous,211.1352080028155,20260948,dram,unanchored,low,large,0,"{""extent_nm"": 12000.0, ""kind"": ""dram"", ""line_width_nm"": 39.38276435676103, ""pitch_nm"": 185.4482522361853, ""staggered"": true, ""via_nm"": 55.882543407325784}","{""chain"": ""src.sem_physics.apply_sem_chain"", ""noise_level"": ""low"", ""presets"": {""reference"": ""reference"", ""search"": ""search""}}"
dram_unanchored_pose-large_0142,dataset/reference/dram_unanchored_pose-large_0142.png,dataset/search/dram_unanchored_pose-large_0142.png,903.6277797101542,838.6899725239753,-0.9312480509659373,9.851631209669655,253.47000000067055,904.5,653.4799906907331,0.06682363891496414,1,ambiguous,211.2016669998411,20260949,dram,unanchored,low,large,0,"{""extent_nm"": 12000.0, ""kind"": ""dram"", ""line_width_nm"": 39.188043137072015, ""pitch_nm"": 188.05468882961904, ""staggered"": false, ""via_nm"": 52.41378627515219}","{""chain"": ""src.sem_physics.apply_sem_chain"", ""noise_level"": ""low"", ""presets"": {""reference"": ""reference"", ""search"": ""search""}}"
dram_unanchored_pose-large_0143,dataset/reference/dram_unanchored_pose-large_0143.png,dataset/search/dram_unanchored_pose-large_0143.png,390.2597873969239,157.65257497249985,-0.2538935571657941,10.013507908051633,712.480000000447,578.5,530.0362445744037,0.07597444597306344,1,ambiguous,219.22450000056415,20260950,dram,unanchored,low,large,0,"{""extent_nm"": 12000.0, ""kind"": ""dram"", ""line_width_nm"": 36.428778638931234, ""pitch_nm"": 190.89783588545617, ""staggered"": true, ""via_nm"": 65.83125419189363}","{""chain"": ""src.sem_physics.apply_sem_chain"", ""noise_level"": ""low"", ""presets"": {""reference"": ""reference"", ""search"": ""search""}}"
dram_unanchored_pose-large_0144,dataset/reference/dram_unanchored_pose-large_0144.png,dataset/search/dram_unanchored_pose-large_0144.png,460.3004580291623,234.52356865680127,2.8291767518143462,10.070698077989945,387.53999999910593,680.519999999553,451.89257686225983,0.05471651117687593,1,ambiguous,211.69233299951884,20260951,dram,unanchored,medium,large,0,"{""extent_nm"": 12000.0, ""kind"": ""dram"", ""line_width_nm"": 41.88550624473372, ""pitch_nm"": 158.92478475822278, ""staggered"": true, ""via_nm"": 68.48161477619266}","{""chain"": ""src.sem_physics.apply_sem_chain"", ""noise_level"": ""medium"", ""presets"": {""reference"": ""reference"", ""search"": ""search""}}"
dram_unanchored_pose-large_0145,dataset/reference/dram_unanchored_pose-large_0145.png,dataset/search/dram_unanchored_pose-large_0145.png,203.32886498608224,433.06165095312724,0.6396244114647409,10.005928971699126,879.5099999997765,240.51999999955297,703.0598941059972,0.07110040454392855,1,ambiguous,211.72300000034738,20260952,dram,unanchored,medium,large,0,"{""extent_nm"": 12000.0, ""kind"": ""dram"", ""line_width_nm"": 37.941903806813535, ""pitch_nm"": 205.65984881626287, ""staggered"": false, ""via_nm"": 51.12271112633683}","{""chain"": ""src.sem_physics.apply_sem_chain"", ""noise_level"": ""medium"", ""presets"": {""reference"": ""reference"", ""search"": ""search""}}"
dram_unanchored_pose-large_0146,dataset/reference/dram_unanchored_pose-large_0146.png,dataset/search/dram_unanchored_pose-large_0146.png,783.5072272818086,170.0707046377794,4.4034318907738665,9.998477444165959,717.4400000013411,279.4400000013411,127.77527651643314,0.0484074581830388,1,ambiguous,211.59745800105156,20260953,dram,unanchored,medium,large,0,"{""extent_nm"": 12000.0, ""kind"": ""dram"", ""line_width_nm"": 41.49926672104132, ""pitch_nm"": 148.51966945712567, ""staggered"": false, ""via_nm"": 52.41092623868894}","{""chain"": ""src.sem_physics.apply_sem_chain"", ""noise_level"": ""medium"", ""presets"": {""reference"": ""reference"", ""search"": ""search""}}"
dram_unanchored_pose-large_0147,dataset/reference/dram_unanchored_pose-large_0147.png,dataset/search/dram_unanchored_pose-large_0147.png,767.5549191053243,878.3436100998532,-7.9959455021051795,9.631730597395112,750.97,877.03,16.63686007708746,0.042843356482825334,1,ambiguous,212.31916699980502,20260954,dram,unanchored,medium,large,0,"{""extent_nm"": 12000.0, ""kind"": ""dram"", ""line_width_nm"": 36.94781720851514, ""pitch_nm"": 156.73509311823003, ""staggered"": false, ""via_nm"": 60.571513241957796}","{""chain"": ""src.sem_physics.apply_sem_chain"", ""noise_level"": ""medium"", ""presets"": {""reference"": ""reference"", ""search"": ""search""}}"
dram_unanchored_pose-large_0148,dataset/reference/dram_unanchored_pose-large_0148.png,dataset/search/dram_unanchored_pose-large_0148.png,208.38199594577372,437.54354484039686,-0.9404998188191076,9.710012651274095,418.429999999702,525.5799999982119,227.75113928099904,0.0683351466089648,1,ambiguous,211.26795800228138,20260955,dram,unanchored,medium,large,0,"{""extent_nm"": 12000.0, ""kind"": ""dram"", ""line_width_nm"": 34.92064376284006, ""pitch_nm"": 205.32660771447925, ""staggered"": false, ""via_nm"": 55.774806804165905}","{""chain"": ""src.sem_physics.apply_sem_chain"", ""noise_level"": ""medium"", ""presets"": {""reference"": ""reference"", ""search"": ""search""}}"
dram_unanchored_pose-large_0149,dataset/reference/dram_unanchored_pose-large_0149.png,dataset/search/dram_unanchored_pose-large_0149.png,659.3021476431815,438.5101120537304,5.571442703150108,10.186117101225028,357.2699999958277,258.35999999940395,351.6780929851322,0.04522778672160544,1,ambiguous,211.91149999867775,20260956,dram,unanchored,medium,large,0,"{""extent_nm"": 12000.0, ""kind"": ""dram"", ""line_width_nm"": 45.36427861083168, ""pitch_nm"": 151.7819006925632, ""staggered"": false, ""via_nm"": 64.49415777458266}","{""chain"": ""src.sem_physics.apply_sem_chain"", ""noise_level"": ""medium"", ""presets"": {""reference"": ""reference"", ""search"": ""search""}}"
dram_unanchored_pose-large_0150,dataset/reference/dram_unanchored_pose-large_0150.png,dataset/search/dram_unanchored_pose-large_0150.png,214.24385411243674,423.3155978743154,-3.3288673046561,10.233196126810304,101.39999999850988,606.5500000007451,215.19428787473734,0.05146971349097885,1,ambiguous,211.45591700042132,20260957,dram,unanchored,medium,large,0,"{""extent_nm"": 12000.0, ""kind"": ""dram"", ""line_width_nm"": 37.98284480850936, ""pitch_nm"": 149.14392992806233, ""staggered"": false, ""via_nm"": 61.447435568922096}","{""chain"": ""src.sem_physics.apply_sem_chain"", ""noise_level"": ""medium"", ""presets"": {""reference"": ""reference"", ""search"": ""search""}}"
dram_unanchored_pose-large_0151,dataset/reference/dram_unanchored_pose-large_0151.png,dataset/search/dram_unanchored_pose-large_0151.png,112.71828778892463,881.6213336254212,1.7067550810384464,9.872346562034473,656.480000000447,284.4900000002235,807.6153968716877,0.06438503663849489,1,ambiguous,211.14829200087115,20260958,dram,unanchored,medium,large,0,"{""extent_nm"": 12000.0, ""kind"": ""dram"", ""line_width_nm"": 37.200593248074334, ""pitch_nm"": 191.08282866255612, ""staggered"": true, ""via_nm"": 59.376641586484865}","{""chain"": ""src.sem_physics.apply_sem_chain"", ""noise_level"": ""medium"", ""presets"": {""reference"": ""reference"", ""search"": ""search""}}"
dram_unanchored_pose-large_0152,dataset/reference/dram_unanchored_pose-large_0152.png,dataset/search/dram_unanchored_pose-large_0152.png,440.0676961332741,669.6884581920888,-3.062953619007901,10.081848505121725,336.48000000044703,724.5399999991059,117.21391738489876,0.06139920349487119,1,ambiguous,211.9072090026748,20260959,dram,unanchored,medium,large,0,"{""extent_nm"": 12000.0, ""kind"": ""dram"", ""line_width_nm"": 36.10846911807913, ""pitch_nm"": 202.6834361960179, ""staggered"": false, ""via_nm"": 60.78373802867369}","{""chain"": ""src.sem_physics.apply_sem_chain"", ""noise_level"": ""medium"", ""presets"": {""reference"": ""reference"", ""search"": ""search""}}"
dram_unanchored_pose-large_0153,dataset/reference/dram_unanchored_pose-large_0153.png,dataset/search/dram_unanchored_pose-large_0153.png,568.8366204055502,347.9554486665598,6.31890519226857,10.371293650621222,212.1899999976158,369.4900000002235,357.29616391663586,0.044473268337372966,1,ambiguous,211.49845800027833,20260960,dram,unanchored,high,large,0,"{""extent_nm"": 12000.0, ""kind"": ""dram"", ""line_width_nm"": 45.31921170138167, ""pitch_nm"": 185.0617044434538, ""staggered"": false, ""via_nm"": 62.45625357114652}","{""chain"": ""src.sem_physics.apply_sem_chain"", ""noise_level"": ""high"", ""presets"": {""reference"": ""reference"", ""search"": ""search""}}"
dram_unanchored_pose-large_0154,dataset/reference/dram_unanchored_pose-large_0154.png,dataset/search/dram_unanchored_pose-large_0154.png,305.819457214335,453.91872603904636,0.803317626134568,10.260249911392624,795.6299999952316,93.57000000029802,608.0835240138196,0.05695578453045024,1,ambiguous,210.80262499890523,20260961,dram,unanchored,high,large,0,"{""extent_nm"": 12000.0, ""kind"": ""dram"", ""line_width_nm"": 41.12109147372904, ""pitch_nm"": 145.05631850854533, ""staggered"": false, ""via_nm"": 67.76759225546215}","{""chain"": ""src.sem_physics.apply_sem_chain"", ""noise_level"": ""high"", ""presets"": {""reference"": ""reference"", ""search"": ""search""}}"
dram_unanchored_pose-large_0155,dataset/reference/dram_unanchored_pose-large_0155.png,dataset/search/dram_unanchored_pose-large_0155.png,196.9252870267626,776.212463842222,4.519019503545149,10.483477617124723,96.52999999932945,477.09999999403954,315.5114572985439,0.047520571988666736,1,ambiguous,211.96483399762656,20260962,dram,unanchored,high,large,0,"{""extent_nm"": 12000.0, ""kind"": ""dram"", ""line_width_nm"": 37.73073204859455, ""pitch_nm"": 160.43809898728708, ""staggered"": false, ""via_nm"": 59.045840931460546}","{""chain"": ""src.sem_physics.apply_sem_chain"", ""noise_level"": ""high"", ""presets"": {""reference"": ""reference"", ""search"": ""search""}}"
dram_unanchored_pose-large_0156,dataset/reference/dram_unanchored_pose-large_0156.png,dataset/search/dram_unanchored_pose-large_0156.png,362.3109911275908,93.64724516221555,6.186124011244182,9.845233814771849,802.3400000035763,580.7099999934435,656.3959596129207,0.04544658379518664,1,ambiguous,212.14770900041913,20260963,dram,unanchored,high,large,0,"{""extent_nm"": 12000.0, ""kind"": ""dram"", ""line_width_nm"": 41.66292061667956, ""pitch_nm"": 180.48911504503025, ""staggered"": false, ""via_nm"": 58.185141711236206}","{""chain"": ""src.sem_physics.apply_sem_chain"", ""noise_level"": ""high"", ""presets"": {""reference"": ""reference"", ""search"": ""search""}}"
dram_unanchored_pose-large_0157,dataset/reference/dram_unanchored_pose-large_0157.png,dataset/search/dram_unanchored_pose-large_0157.png,101.97039169904741,665.4194629053095,-0.8697026332174662,10.029552436663728,949.6000000014901,65.53999999910593,1038.4273315391827,0.06050709296829833,1,ambiguous,211.78870799849392,20260964,dram,unanchored,high,large,0,"{""extent_nm"": 12000.0, ""kind"": ""dram"", ""line_width_nm"": 37.21789249898667, ""pitch_nm"": 161.71016290776532, ""staggered"": false, ""via_nm"": 60.91894259669638}","{""chain"": ""src.sem_physics.apply_sem_chain"", ""noise_level"": ""high"", ""presets"": {""reference"": ""reference"", ""search"": ""search""}}"
dram_unanchored_pose-large_0158,dataset/reference/dram_unanchored_pose-large_0158.png,dataset/search/dram_unanchored_pose-large_0158.png,362.1293214475191,509.2893255996131,-1.168952210572737,9.840874413702549,523.429999999702,104.49000000022352,435.7526854846855,0.06296309246481513,1,ambiguous,211.56100000007427,20260965,dram,unanchored,high,large,0,"{""extent_nm"": 12000.0, ""kind"": ""dram"", ""line_width_nm"": 36.30176095837549, ""pitch_nm"": 167.30302513726588, ""staggered"": true, ""via_nm"": 54.759310220027054}","{""chain"": ""src.sem_physics.apply_sem_chain"", ""noise_level"": ""high"", ""presets"": {""reference"": ""reference"", ""search"": ""search""}}"
dram_unanchored_pose-large_0159,dataset/reference/dram_unanchored_pose-large_0159.png,dataset/search/dram_unanchored_pose-large_0159.png,416.1653736242952,669.6292552943829,-2.7580850136378245,10.076956170669257,804.519999999553,467.47000000067055,437.82151652011623,0.054820828980660076,1,ambiguous,211.32441599911544,20260966,dram,unanchored,high,large,0,"{""extent_nm"": 12000.0, ""kind"": ""dram"", ""line_width_nm"": 38.05631074568723, ""pitch_nm"": 158.78486372749626, ""staggered"": true, ""via_nm"": 51.22510066690962}","{""chain"": ""src.sem_physics.apply_sem_chain"", ""noise_level"": ""high"", ""presets"": {""reference"": ""reference"", ""search"": ""search""}}"
dram_unanchored_pose-large_0160,dataset/reference/dram_unanchored_pose-large_0160.png,dataset/search/dram_unanchored_pose-large_0160.png,381.7747040681378,426.44269334322115,-0.5727567681776087,9.95033720794391,162.5,442.51999999955297,219.8633112492649,0.06637880506123978,1,ambiguous,213.77466700141667,20260967,dram,unanchored,high,large,0,"{""extent_nm"": 12000.0, ""kind"": ""dram"", ""line_width_nm"": 34.61580870987209, ""pitch_nm"": 181.6803465974952, ""staggered"": false, ""via_nm"": 56.91359833297434}","{""chain"": ""src.sem_physics.apply_sem_chain"", ""noise_level"": ""high"", ""presets"": {""reference"": ""reference"", ""search"": ""search""}}"
dram_unanchored_pose-large_0161,dataset/reference/dram_unanchored_pose-large_0161.png,dataset/search/dram_unanchored_pose-large_0161.png,264.91968058414886,183.74080117991673,1.9265302359890732,9.583100646287638,769.3100000023842,100.61999999731779,511.1933703717866,0.06243610120472505,1,ambiguous,212.30816599927493,20260968,dram,unanchored,high,large,0,"{""extent_nm"": 12000.0, ""kind"": ""dram"", ""line_width_nm"": 35.706968081807815, ""pitch_nm"": 211.20163097939673, ""staggered"": false, ""via_nm"": 66.53642608530072}","{""chain"": ""src.sem_physics.apply_sem_chain"", ""noise_level"": ""high"", ""presets"": {""reference"": ""reference"", ""search"": ""search""}}"
finfet_anchored_pose-none_0162,dataset/reference/finfet_anchored_pose-none_0162.png,dataset/search/finfet_anchored_pose-none_0162.png,332.11882866780456,271.17596451073496,0.0,10.0,332.1100000143051,271.22999998927116,0.054751968578822495,0.04353501995903499,1,ambiguous,211.8215419977787,20260969,finfet,anchored,low,none,3,"{""extent_nm"": 12000.0, ""fin_pitch_nm"": 87.17437534632315, ""fin_width_nm"": 21.18900586845396, ""gate_pitch_nm"": 359.6883713207387, ""gate_width_nm"": 11.818828091091406, ""kind"": ""finfet""}","{""chain"": ""src.sem_physics.apply_sem_chain"", ""noise_level"": ""low"", ""presets"": {""reference"": ""reference"", ""search"": ""search""}}"
finfet_anchored_pose-none_0163,dataset/reference/finfet_anchored_pose-none_0163.png,dataset/search/finfet_anchored_pose-none_0163.png,410.25810813579454,833.7013979803629,0.0,10.0,410.24000000953674,833.6500000059605,0.05449455027104236,0.04304597329694518,1,ambiguous,211.01324999835924,20260970,finfet,anchored,low,none,3,"{""extent_nm"": 12000.0, ""fin_pitch_nm"": 89.13210277874333, ""fin_width_nm"": 27.40892180582059, ""gate_pitch_nm"": 415.5879869691763, ""gate_width_nm"": 12.21710543779087, ""kind"": ""finfet""}","{""chain"": ""src.sem_physics.apply_sem_chain"", ""noise_level"": ""low"", ""presets"": {""reference"": ""reference"", ""search"": ""search""}}"
finfet_anchored_pose-none_0164,dataset/reference/finfet_anchored_pose-none_0164.png,dataset/search/finfet_anchored_pose-none_0164.png,804.2665390924888,831.0233282252316,0.0,10.0,804.2600000053644,831.080000013113,0.05704779752189203,0.04405528846769106,1,ambiguous,251.9233749990235,20260971,finfet,anchored,low,none,3,"{""extent_nm"": 12000.0, ""fin_pitch_nm"": 97.21182309470893, ""fin_width_nm"": 24.73942427902455, ""gate_pitch_nm"": 458.19878574643997, ""gate_width_nm"": 12.037903313061895, ""kind"": ""finfet""}","{""chain"": ""src.sem_physics.apply_sem_chain"", ""noise_level"": ""low"", ""presets"": {""reference"": ""reference"", ""search"": ""search""}}"
finfet_anchored_pose-none_0165,dataset/reference/finfet_anchored_pose-none_0165.png,dataset/search/finfet_anchored_pose-none_0165.png,466.26405856063934,533.4296036836707,0.0,10.0,466.2800000011921,533.429999999702,0.015946366146979245,0.04454864477881041,1,ambiguous,213.7108340029954,20260972,finfet,anchored,low,none,3,"{""extent_nm"": 12000.0, ""fin_pitch_nm"": 98.748001149939, ""fin_width_nm"": 27.24393536235825, ""gate_pitch_nm"": 345.893411657899, ""gate_width_nm"": 13.308016128279125, ""kind"": ""finfet""}","{""chain"": ""src.sem_physics.apply_sem_chain"", ""noise_level"": ""low"", ""presets"": {""reference"": ""reference"", ""search"": ""search""}}"
finfet_anchored_pose-none_0166,dataset/reference/finfet_anchored_pose-none_0166.png,dataset/search/finfet_anchored_pose-none_0166.png,704.4728893627434,157.21718414530818,0.0,10.0,704.4600000008941,157.29999999701977,0.08381289246649129,0.043366226027304805,1,ambiguous,211.56591700128047,20260973,finfet,anchored,low,none,3,"{""extent_nm"": 12000.0, ""fin_pitch_nm"": 75.74796884499843, ""fin_width_nm"": 26.00469444924896, ""gate_pitch_nm"": 339.69270518751955, ""gate_width_nm"": 13.520680988965927, ""kind"": ""finfet""}","{""chain"": ""src.sem_physics.apply_sem_chain"", ""noise_level"": ""low"", ""presets"": {""reference"": ""reference"", ""search"": ""search""}}"
finfet_anchored_pose-none_0167,dataset/reference/finfet_anchored_pose-none_0167.png,dataset/search/finfet_anchored_pose-none_0167.png,891.8107397316909,269.7864711565011,0.0,10.0,891.7899999916553,269.75999999046326,0.033628253718274444,0.04193819742320594,1,ambiguous,210.91670799796702,20260974,finfet,anchored,low,none,3,"{""extent_nm"": 12000.0, ""fin_pitch_nm"": 88.97174717986394, ""fin_width_nm"": 26.310266904899233, ""gate_pitch_nm"": 373.7060251520637, ""gate_width_nm"": 12.368305134459359, ""kind"": ""finfet""}","{""chain"": ""src.sem_physics.apply_sem_chain"", ""noise_level"": ""low"", ""presets"": {""reference"": ""reference"", ""search"": ""search""}}"
finfet_anchored_pose-none_0168,dataset/reference/finfet_anchored_pose-none_0168.png,dataset/search/finfet_anchored_pose-none_0168.png,481.9114491807674,269.07678253662664,0.0,10.0,481.90000000596046,269.1299999952316,0.05443511278700632,0.04181306037995362,1,ambiguous,211.24929100187728,20260975,finfet,anchored,low,none,3,"{""extent_nm"": 12000.0, ""fin_pitch_nm"": 83.03549527109477, ""fin_width_nm"": 23.015263643631304, ""gate_pitch_nm"": 491.9614255471756, ""gate_width_nm"": 13.47947685011221, ""kind"": ""finfet""}","{""chain"": ""src.sem_physics.apply_sem_chain"", ""noise_level"": ""low"", ""presets"": {""reference"": ""reference"", ""search"": ""search""}}"
finfet_anchored_pose-none_0169,dataset/reference/finfet_anchored_pose-none_0169.png,dataset/search/finfet_anchored_pose-none_0169.png,376.4265687599748,911.1313333029236,0.0,10.0,376.42000000178814,911.1899999976158,0.059033292727257644,0.04525794065836273,1,ambiguous,211.97154100082116,20260976,finfet,anchored,low,none,3,"{""extent_nm"": 12000.0, ""fin_pitch_nm"": 95.47420729609198, ""fin_width_nm"": 20.826406132408287, ""gate_pitch_nm"": 422.6244961596706, ""gate_width_nm"": 11.990840348844426, ""kind"": ""finfet""}","{""chain"": ""src.sem_physics.apply_sem_chain"", ""noise_level"": ""low"", ""presets"": {""reference"": ""reference"", ""search"": ""search""}}"
finfet_anchored_pose-none_0170,dataset/reference/finfet_anchored_pose-none_0170.png,dataset/search/finfet_anchored_pose-none_0170.png,251.1400247333072,328.25571521797315,0.0,10.0,251.15999999642372,328.2900000065565,0.03967943881639553,0.04518410761307577,1,ambiguous,211.1797920006211,20260977,finfet,anchored,low,none,3,"{""extent_nm"": 12000.0, ""fin_pitch_nm"": 97.30324936985626, ""fin_width_nm"": 20.561388349342668, ""gate_pitch_nm"": 364.8393957404757, ""gate_width_nm"": 11.566271871103572, ""kind"": ""finfet""}","{""chain"": ""src.sem_physics.apply_sem_chain"", ""noise_level"": ""low"", ""presets"": {""reference"": ""reference"", ""search"": ""search""}}"
finfet_anchored_pose-none_0171,dataset/reference/finfet_anchored_pose-none_0171.png,dataset/search/finfet_anchored_pose-none_0171.png,814.3867322034117,127.6903956781285,0.0,10.0,814.390000000596,127.65999999642372,0.030570835198532608,0.04302434155134446,1,ambiguous,211.7547910020221,20260978,finfet,anchored,medium,none,3,"{""extent_nm"": 12000.0, ""fin_pitch_nm"": 83.60322210620349, ""fin_width_nm"": 24.23035208210233, ""gate_pitch_nm"": 456.4587421374802, ""gate_width_nm"": 13.358609399818832, ""kind"": ""finfet""}","{""chain"": ""src.sem_physics.apply_sem_chain"", ""noise_level"": ""medium"", ""presets"": {""reference"": ""reference"", ""search"": ""search""}}"
finfet_anchored_pose-none_0172,dataset/reference/finfet_anchored_pose-none_0172.png,dataset/search/finfet_anchored_pose-none_0172.png,599.8376609303036,432.77630920082976,0.0,10.0,599.8400000035763,432.7800000011921,0.004369584773115758,0.04465842210233682,1,ambiguous,214.71479200044996,20260979,finfet,anchored,medium,none,3,"{""extent_nm"": 12000.0, ""fin_pitch_nm"": 94.07754904870612, ""fin_width_nm"": 25.979925020940108, ""gate_pitch_nm"": 373.3373885640143, ""gate_width_nm"": 13.956796841105586, ""kind"": ""finfet""}","{""chain"": ""src.sem_physics.apply_sem_chain"", ""noise_level"": ""medium"", ""presets"": {""reference"": ""reference"", ""search"": ""search""}}"
finfet_anchored_pose-none_0173,dataset/reference/finfet_anchored_pose-none_0173.png,dataset/search/finfet_anchored_pose-none_0173.png,392.69830030175524,596.6396520439564,0.0,10.0,392.68000000715256,596.6500000059605,0.021023346550500643,0.04558069113123886,1,ambiguous,215.38412500012782,20260980,finfet,anchored,medium,none,3,"{""extent_nm"": 12000.0, ""fin_pitch_nm"": 106.8657002860327, ""fin_width_nm"": 24.890939609752444, ""gate_pitch_nm"": 408.86040194034274, ""gate_width_nm"": 12.318439838008347, ""kind"": ""finfet""}","{""chain"": ""src.sem_physics.apply_sem_chain"", ""noise_level"": ""medium"", ""presets"": {""reference"": ""reference"", ""search"": ""search""}}"
finfet_anchored_pose-none_0174,dataset/reference/finfet_anchored_pose-none_0174.png,dataset/search/finfet_anchored_pose-none_0174.png,503.14051916204056,354.11319843188215,0.0,10.0,503.1399999856949,354.1599999964237,0.04680444410113666,0.04111403160927155,1,ambiguous,214.91441699981806,20260981,finfet,anchored,medium,none,3,"{""extent_nm"": 12000.0, ""fin_pitch_nm"": 78.34193297588139, ""fin_width_nm"": 25.18150636303612, ""gate_pitch_nm"": 394.25024844644804, ""gate_width_nm"": 12.322165200930565, ""kind"": ""finfet""}","{""chain"": ""src.sem_physics.apply_sem_chain"", ""noise_level"": ""medium"", ""presets"": {""reference"": ""reference"", ""search"": ""search""}}"
finfet_anchored_pose-none_0175,dataset/reference/finfet_anchored_pose-none_0175.png,dataset/search/finfet_anchored_pose-none_0175.png,342.61854350943673,510.06188937129156,0.0,10.0,342.65000000596046,510.080000013113,0.03629747264938577,0.043293400791512796,1,ambiguous,214.44741699815495,20260982,finfet,anchored,medium,none,3,"{""extent_nm"": 12000.0, ""fin_pitch_nm"": 81.83083867893725, ""fin_width_nm"": 24.872781827518086, ""gate_pitch_nm"": 411.1783689245494, ""gate_width_nm"": 12.726084146920925, ""kind"": ""finfet""}","{""chain"": ""src.sem_physics.apply_sem_chain"", ""noise_level"": ""medium"", ""presets"": {""reference"": ""reference"", ""search"": ""search""}}"
finfet_anchored_pose-none_0176,dataset/reference/finfet_anchored_pose-none_0176.png,dataset/search/finfet_anchored_pose-none_0176.png,627.5769757591028,414.03814070529575,0.0,10.0,627.570000000298,414.06999999284744,0.03261403707307107,0.04270342108182294,1,ambiguous,217.6494579980499,20260983,finfet,anchored,medium,none,3,"{""extent_nm"": 12000.0, ""fin_pitch_nm"": 75.2967938082319, ""fin_width_nm"": 24.162515115764645, ""gate_pitch_nm"": 416.1439454981835, ""gate_width_nm"": 13.443029963163049, ""kind"": ""finfet""}","{""chain"": ""src.sem_physics.apply_sem_chain"", ""noise_level"": ""medium"", ""presets"": {""reference"": ""reference"", ""search"": ""search""}}"
finfet_anchored_pose-none_0177,dataset/reference/finfet_anchored_pose-none_0177.png,dataset/search/finfet_anchored_pose-none_0177.png,500.8743603834423,93.54191503341268,0.0,10.0,500.8600000143051,93.51999999955297,0.026200933396137584,0.04141649794388641,1,ambiguous,212.4405829999887,20260984,finfet,anchored,medium,none,3,"{""extent_nm"": 12000.0, ""fin_pitch_nm"": 76.88430315800865, ""fin_width_nm"": 20.83453879108052, ""gate_pitch_nm"": 436.4969419253779, ""gate_width_nm"": 11.446160347480825, ""kind"": ""finfet""}","{""chain"": ""src.sem_physics.apply_sem_chain"", ""noise_level"": ""medium"", ""presets"": {""reference"": ""reference"", ""search"": ""search""}}"
finfet_anchored_pose-none_0178,dataset/reference/finfet_anchored_pose-none_0178.png,dataset/search/finfet_anchored_pose-none_0178.png,105.50322646875156,118.63749011450454,0.0,10.0,105.5,118.67000000178814,0.03266960164735527,0.04539245500415277,1,ambiguous,217.5438749982277,20260985,finfet,anchored,medium,none,3,"{""extent_nm"": 12000.0, ""fin_pitch_nm"": 95.40275584931295, ""fin_width_nm"": 23.942757173070316, ""gate_pitch_nm"": 365.77167677014455, ""gate_width_nm"": 14.34012271698005, ""kind"": ""finfet""}","{""chain"": ""src.sem_physics.apply_sem_chain"", ""noise_level"": ""medium"", ""presets"": {""reference"": ""reference"", ""search"": ""search""}}"
finfet_anchored_pose-none_0179,dataset/reference/finfet_anchored_pose-none_0179.png,dataset/search/finfet_anchored_pose-none_0179.png,554.5699733441438,560.5464510550032,0.0,10.0,554.5599999986589,560.5399999991059,0.011877867752800596,0.04427022674736539,1,ambiguous,215.43966600074782,20260986,finfet,anchored,medium,none,3,"{""extent_nm"": 12000.0, ""fin_pitch_nm"": 98.34627542153817, ""fin_width_nm"": 26.627186908178466, ""gate_pitch_nm"": 419.18873171303255, ""gate_width_nm"": 11.383259672931068, ""kind"": ""finfet""}","{""chain"": ""src.sem_physics.apply_sem_chain"", ""noise_level"": ""medium"", ""presets"": {""reference"": ""reference"", ""search"": ""search""}}"
finfet_anchored_pose-none_0180,dataset/reference/finfet_anchored_pose-none_0180.png,dataset/search/finfet_anchored_pose-none_0180.png,863.0120161059291,373.69115626446427,0.0,10.0,863.0,373.6000000014901,0.09194482628789945,0.041505821550362275,1,ambiguous,213.13595799801988,20260987,finfet,anchored,high,none,3,"{""extent_nm"": 12000.0, ""fin_pitch_nm"": 83.91585452665318, ""fin_width_nm"": 25.679763925336747, ""gate_pitch_nm"": 386.99739479898756, ""gate_width_nm"": 12.123208898063659, ""kind"": ""finfet""}","{""chain"": ""src.sem_physics.apply_sem_chain"", ""noise_level"": ""high"", ""presets"": {""reference"": ""reference"", ""search"": ""search""}}"
finfet_anchored_pose-none_0181,dataset/reference/finfet_anchored_pose-none_0181.png,dataset/search/finfet_anchored_pose-none_0181.png,864.0179955803608,589.5606649479756,0.0,10.0,864.0500000119209,589.5599999986589,0.03201133857061229,0.04099079133118313,1,ambiguous,214.32574999926146,20260988,finfet,anchored,high,none,3,"{""extent_nm"": 12000.0, ""fin_pitch_nm"": 79.59133000473673, ""fin_width_nm"": 21.48853889352231, ""gate_pitch_nm"": 395.01823386338435, ""gate_width_nm"": 11.461412791307863, ""kind"": ""finfet""}","{""chain"": ""src.sem_physics.apply_sem_chain"", ""noise_level"": ""high"", ""presets"": {""reference"": ""reference"", ""search"": ""search""}}"
finfet_anchored_pose-none_0182,dataset/reference/finfet_anchored_pose-none_0182.png,dataset/search/finfet_anchored_pose-none_0182.png,623.3913578942297,82.57591623598634,0.0,10.0,623.3999999985099,82.52999999932945,0.0467224438051047,0.046773387497559105,1,ambiguous,212.2259160023532,20260989,finfet,anchored,high,none,3,"{""extent_nm"": 12000.0, ""fin_pitch_nm"": 104.50683630713203, ""fin_width_nm"": 25.08917442280378, ""gate_pitch_nm"": 431.87824772685354, ""gate_width_nm"": 13.954279068645647, ""kind"": ""finfet""}","{""chain"": ""src.sem_physics.apply_sem_chain"", ""noise_level"": ""high"", ""presets"": {""reference"": ""reference"", ""search"": ""search""}}"
finfet_anchored_pose-none_0183,dataset/reference/finfet_anchored_pose-none_0183.png,dataset/search/finfet_anchored_pose-none_0183.png,882.823403732201,468.5053454162864,0.0,10.0,882.8199999928474,468.5,0.0063371063476603895,0.043564722511870095,1,ambiguous,214.62270899792202,20260990,finfet,anchored,high,none,3,"{""extent_nm"": 12000.0, ""fin_pitch_nm"": 88.24825462924163, ""fin_width_nm"": 25.467776145263812, ""gate_pitch_nm"": 385.04385349981055, ""gate_width_nm"": 12.499683908128771, ""kind"": ""finfet""}","{""chain"": ""src.sem_physics.apply_sem_chain"", ""noise_level"": ""high"", ""presets"": {""reference"": ""reference"", ""search"": ""search""}}"
finfet_anchored_pose-none_0184,dataset/reference/finfet_anchored_pose-none_0184.png,dataset/search/finfet_anchored_pose-none_0184.png,264.9040720367409,674.5256178875576,0.0,10.0,264.90000000596046,674.5500000007451,0.024719807405468606,0.0445196363243396,1,ambiguous,213.89191699927323,20260991,finfet,anchored,high,none,3,"{""extent_nm"": 12000.0, ""fin_pitch_nm"": 106.6754672862066, ""fin_width_nm"": 27.541178201104323, ""gate_pitch_nm"": 489.19823132702464, ""gate_width_nm"": 13.037540202324035, ""kind"": ""finfet""}","{""chain"": ""src.sem_physics.apply_sem_chain"", ""noise_level"": ""high"", ""presets"": {""reference"": ""reference"", ""search"": ""search""}}"
finfet_anchored_pose-none_0185,dataset/reference/finfet_anchored_pose-none_0185.png,dataset/search/finfet_anchored_pose-none_0185.png,198.01201325673446,483.4137227512912,0.0,10.0,198.0300000011921,483.3800000026822,0.03821971676932743,0.042386166751448726,1,ambiguous,214.05795900136582,20260992,finfet,anchored,high,none,3,"{""extent_nm"": 12000.0, ""fin_pitch_nm"": 81.05784937145322, ""fin_width_nm"": 25.912673521844738, ""gate_pitch_nm"": 375.9100539959221, ""gate_width_nm"": 13.651209986573583, ""kind"": ""finfet""}","{""chain"": ""src.sem_physics.apply_sem_chain"", ""noise_level"": ""high"", ""presets"": {""reference"": ""reference"", ""search"": ""search""}}"
finfet_anchored_pose-none_0186,dataset/reference/finfet_anchored_pose-none_0186.png,dataset/search/finfet_anchored_pose-none_0186.png,514.508678439848,609.2654319950655,0.0,10.0,514.519999999553,609.3100000023842,0.045983529556946665,0.04417113313234156,1,ambiguous,214.72554199863225,20260993,finfet,anchored,high,none,3,"{""extent_nm"": 12000.0, ""fin_pitch_nm"": 88.20888136089377, ""fin_width_nm"": 24.974669521504303, ""gate_pitch_nm"": 370.1871409299083, ""gate_width_nm"": 11.244866169018774, ""kind"": ""finfet""}","{""chain"": ""src.sem_physics.apply_sem_chain"", ""noise_level"": ""high"", ""presets"": {""reference"": ""reference"", ""search"": ""search""}}"
finfet_anchored_pose-none_0187,dataset/reference/finfet_anchored_pose-none_0187.png,dataset/search/finfet_anchored_pose-none_0187.png,705.1132666116574,323.8931612891703,0.0,10.0,705.1100000143051,323.84999999403954,0.04328473236171522,0.048383407288558264,1,ambiguous,220.1837090033223,20260994,finfet,anchored,high,none,3,"{""extent_nm"": 12000.0, ""fin_pitch_nm"": 105.9390737233042, ""fin_width_nm"": 22.358912261543036, ""gate_pitch_nm"": 442.85153073148405, ""gate_width_nm"": 13.737845056279493, ""kind"": ""finfet""}","{""chain"": ""src.sem_physics.apply_sem_chain"", ""noise_level"": ""high"", ""presets"": {""reference"": ""reference"", ""search"": ""search""}}"
finfet_anchored_pose-none_0188,dataset/reference/finfet_anchored_pose-none_0188.png,dataset/search/finfet_anchored_pose-none_0188.png,183.30805469608683,110.83198859156934,0.0,10.0,183.3100000023842,110.7800000011921,0.0520249723306407,0.046628627013214095,1,ambiguous,215.8762500002922,20260995,finfet,anchored,high,none,3,"{""extent_nm"": 12000.0, ""fin_pitch_nm"": 98.63805750853022, ""fin_width_nm"": 22.48888319106709, ""gate_pitch_nm"": 443.6247586136485, ""gate_width_nm"": 13.610151274919838, ""kind"": ""finfet""}","{""chain"": ""src.sem_physics.apply_sem_chain"", ""noise_level"": ""high"", ""presets"": {""reference"": ""reference"", ""search"": ""search""}}"
finfet_anchored_pose-small_0189,dataset/reference/finfet_anchored_pose-small_0189.png,dataset/search/finfet_anchored_pose-small_0189.png,229.30971800539118,194.988677127097,2.1918103325750167,10.29051209948192,229.35999999940395,195.08000004291534,0.10425043825070517,0.0497847221429512,1,ambiguous,213.7687080030446,20260996,finfet,anchored,low,small,3,"{""extent_nm"": 12000.0, ""fin_pitch_nm"": 80.06418131188266, ""fin_width_nm"": 22.16729836243232, ""gate_pitch_nm"": 451.62280393543494, ""gate_width_nm"": 14.209194692869525, ""kind"": ""finfet""}","{""chain"": ""src.sem_physics.apply_sem_chain"", ""noise_level"": ""low"", ""presets"": {""reference"": ""reference"", ""search"": ""search""}}"
finfet_anchored_pose-small_0190,dataset/reference/finfet_anchored_pose-small_0190.png,dataset/search/finfet_anchored_pose-small_0190.png,309.6695540663903,535.0180186574872,-4.782975332982053,9.878528007977469,306.8,534.94,2.8706144726962215,0.1413034096783528,1,robust,213.83475000038743,20260997,finfet,anchored,low,small,3,"{""extent_nm"": 12000.0, ""fin_pitch_nm"": 76.31805935132893, ""fin_width_nm"": 26.85204526181918, ""gate_pitch_nm"": 379.80603433955497, ""gate_width_nm"": 13.186265397551912, ""kind"": ""finfet""}","{""chain"": ""src.sem_physics.apply_sem_chain"", ""noise_level"": ""low"", ""presets"": {""reference"": ""reference"", ""search"": ""search""}}"
finfet_anchored_pose-small_0191,dataset/reference/finfet_anchored_pose-small_0191.png,dataset/search/finfet_anchored_pose-small_0191.png,161.19142496339254,487.2784759570239,0.0027545141137608198,9.875891602407158,161.2199999988079,487.19999998807907,0.08351652741114989,0.044473649253668646,1,ambiguous,214.58137499939767,20260998,finfet,anchored,low,small,3,"{""extent_nm"": 12000.0, ""fin_pitch_nm"": 98.74444693592001, ""fin_width_nm"": 25.354460024870075, ""gate_pitch_nm"": 464.33543811087065, ""gate_width_nm"": 13.956001010374065, ""kind"": ""finfet""}","{""chain"": ""src.sem_physics.apply_sem_chain"", ""noise_level"": ""low"", ""presets"": {""reference"": ""reference"", ""search"": ""search""}}"
finfet_anchored_pose-small_0192,dataset/reference/finfet_anchored_pose-small_0192.png,dataset/search/finfet_anchored_pose-small_0192.png,187.20418651145988,553.4690285721961,-0.5814202156947488,10.105056780780465,187.22999998927116,553.570000000298,0.10421883193387974,0.045031836102431014,1,ambiguous,214.4304169996758,20260999,finfet,anchored,low,small,3,"{""extent_nm"": 12000.0, ""fin_pitch_nm"": 107.75988170798695, ""fin_width_nm"": 26.625848835328817, ""gate_pitch_nm"": 498.74676350175673, ""gate_width_nm"": 12.383011502482162, ""kind"": ""finfet""}","{""chain"": ""src.sem_physics.apply_sem_chain"", ""noise_level"": ""low"", ""presets"": {""reference"": ""reference"", ""search"": ""search""}}"
finfet_anchored_pose-small_0193,dataset/reference/finfet_anchored_pose-small_0193.png,dataset/search/finfet_anchored_pose-small_0193.png,160.91210081818645,668.3266236820411,-4.608440717836379,10.080914388911905,160.94,666.87,1.4568908385424615,0.11717511921615925,1,ambiguous,214.1378749984142,20261000,finfet,anchored,low,small,3,"{""extent_nm"": 12000.0, ""fin_pitch_nm"": 92.81984663541255, ""fin_width_nm"": 20.71230853609355, ""gate_pitch_nm"": 346.0843216821049, ""gate_width_nm"": 13.910045731423324, ""kind"": ""finfet""}","{""chain"": ""src.sem_physics.apply_sem_chain"", ""noise_level"": ""low"", ""presets"": {""reference"": ""reference"", ""search"": ""search""}}"
finfet_anchored_pose-small_0194,dataset/reference/finfet_anchored_pose-small_0194.png,dataset/search/finfet_anchored_pose-small_0194.png,346.0500746973766,537.1196438733052,1.4090272671813233,10.17599229059718,346.0600000023842,537.1200000047684,0.00993169215756443,0.04310686308803625,1,ambiguous,216.201084000204,20261001,finfet,anchored,low,small,3,"{""extent_nm"": 12000.0, ""fin_pitch_nm"": 76.98390829439133, ""fin_width_nm"": 23.092780748438894, ""gate_pitch_nm"": 482.8003155489221, ""gate_width_nm"": 14.448751999487744, ""kind"": ""finfet""}","{""chain"": ""src.sem_physics.apply_sem_chain"", ""noise_level"": ""low"", ""presets"": {""reference"": ""reference"", ""search"": ""search""}}"
finfet_anchored_pose-small_0195,dataset/reference/finfet_anchored_pose-small_0195.png,dataset/search/finfet_anchored_pose-small_0195.png,851.017058309851,646.6328099654992,-3.605431728088815,9.761508043312121,851.0500000119209,646.519999999553,0.11752124978934601,0.05781844522346429,1,ambiguous,215.17491699705715,20261002,finfet,anchored,low,small,3,"{""extent_nm"": 12000.0, ""fin_pitch_nm"": 91.84837289262006, ""fin_width_nm"": 24.647323789583844, ""gate_pitch_nm"": 379.051797610534, ""gate_width_nm"": 14.909940108949456, ""kind"": ""finfet""}","{""chain"": ""src.sem_physics.apply_sem_chain"", ""noise_level"": ""low"", ""presets"": {""reference"": ""reference"", ""search"": ""search""}}"
finfet_anchored_pose-small_0196,dataset/reference/finfet_anchored_pose-small_0196.png,dataset/search/finfet_anchored_pose-small_0196.png,908.2083622771224,424.015608310052,1.2878491177191993,10.029608351673009,908.1999999880791,423.97000002861023,0.04636855846489926,0.04265100539951753,1,ambiguous,213.44608399886056,20261003,finfet,anchored,low,small,3,"{""extent_nm"": 12000.0, ""fin_pitch_nm"": 83.16256259259319, ""fin_width_nm"": 25.068997730593285, ""gate_pitch_nm"": 459.3237895079075, ""gate_width_nm"": 12.88963280276709, ""kind"": ""finfet""}","{""chain"": ""src.sem_physics.apply_sem_chain"", ""noise_level"": ""low"", ""presets"": {""reference"": ""reference"", ""search"": ""search""}}"
finfet_anchored_pose-small_0197,dataset/reference/finfet_anchored_pose-small_0197.png,dataset/search/finfet_anchored_pose-small_0197.png,152.55359378194532,879.3058890990378,-4.509630183632645,9.94381455258944,152.60999999940395,879.6000000014901,0.2994710074603188,0.8963103657774435,0,fast,37.47800000201096,20261004,finfet,anchored,low,small,3,"{""extent_nm"": 12000.0, ""fin_pitch_nm"": 81.21296181880221, ""fin_width_nm"": 27.285943620935704, ""gate_pitch_nm"": 491.38311076851596, ""gate_width_nm"": 14.865416149781362, ""kind"": ""finfet""}","{""chain"": ""src.sem_physics.apply_sem_chain"", ""noise_level"": ""low"", ""presets"": {""reference"": ""reference"", ""search"": ""search""}}"
finfet_anchored_pose-small_0198,dataset/reference/finfet_anchored_pose-small_0198.png,dataset/search/finfet_anchored_pose-small_0198.png,607.6944416021408,719.9100351759157,-1.6073220868491966,9.94176594137556,607.7199999988079,719.7599999904633,0.1521965456702052,0.04433490110616522,1,ambiguous,214.5258750024368,20261005,finfet,anchored,medium,small,3,"{""extent_nm"": 12000.0, ""fin_pitch_nm"": 90.7382771212911, ""fin_width_nm"": 23.97964325645361, ""gate_pitch_nm"": 374.63630128811957, ""gate_width_nm"": 12.180410096857049, ""kind"": ""finfet""}","{""chain"": ""src.sem_physics.apply_sem_chain"", ""noise_level"": ""medium"", ""presets"": {""reference"": ""reference"", ""search"": ""search""}}"
finfet_anchored_pose-small_0199,dataset/reference/finfet_anchored_pose-small_0199.png,dataset/search/finfet_anchored_pose-small_0199.png,540.7937875593735,256.66648143324636,3.112622310246607,9.893455093034705,540.7899999916553,256.67000000178814,0.00516971892881747,0.0490939183656075,1,ambiguous,214.04162500039092,20261006,finfet,anchored,medium,small,3,"{""extent_nm"": 12000.0, ""fin_pitch_nm"": 93.23999309631536, ""fin_width_nm"": 22.349325001131483, ""gate_pitch_nm"": 488.80750787242414, ""gate_width_nm"": 14.513707489885388, ""kind"": ""finfet""}","{""chain"": ""src.sem_physics.apply_sem_chain"", ""noise_level"": ""medium"", ""presets"": {""reference"": ""reference"", ""search"": ""search""}}"
finfet_anchored_pose-small_0200,dataset/reference/finfet_anchored_pose-small_0200.png,dataset/search/finfet_anchored_pose-small_0200.png,356.0202219463281,439.8943290645515,-3.010775491735372,10.284595589674211,355.9699999988079,439.93000000715256,0.06160081297163395,0.05653612429098464,1,ambiguous,212.38895900023635,20261007,finfet,anchored,medium,small,3,"{""extent_nm"": 12000.0, ""fin_pitch_nm"": 81.70820245999289, ""fin_width_nm"": 26.78967940954458, ""gate_pitch_nm"": 352.16957902400753, ""gate_width_nm"": 11.989832866016974, ""kind"": ""finfet""}","{""chain"": ""src.sem_physics.apply_sem_chain"", ""noise_level"": ""medium"", ""presets"": {""reference"": ""reference"", ""search"": ""search""}}"
finfet_anchored_pose-small_0201,dataset/reference/finfet_anchored_pose-small_0201.png,dataset/search/finfet_anchored_pose-small_0201.png,721.7858590379234,169.18527279270631,-3.7436353995614047,10.282370398269666,721.75,169.27999997138977,0.10128725972265105,0.08134651635845942,1,ambiguous,213.17020900096395,20261008,finfet,anchored,medium,small,3,"{""extent_nm"": 12000.0, ""fin_pitch_nm"": 84.12182164110936, ""fin_width_nm"": 21.694267626070985, ""gate_pitch_nm"": 468.5114003011961, ""gate_width_nm"": 14.705068859251003, ""kind"": ""finfet""}","{""chain"": ""src.sem_physics.apply_sem_chain"", ""noise_level"": ""medium"", ""presets"": {""reference"": ""reference"", ""search"": ""search""}}"
finfet_anchored_pose-small_0202,dataset/reference/finfet_anchored_pose-small_0202.png,dataset/search/finfet_anchored_pose-small_0202.png,880.6686677549079,421.2329014302922,-0.27097312815937435,9.948541152611764,880.6700000017881,421.25,0.01715039264280263,0.0455758082769226,1,ambiguous,212.42875000098138,20261009,finfet,anchored,medium,small,3,"{""extent_nm"": 12000.0, ""fin_pitch_nm"": 105.59218967860363, ""fin_width_nm"": 22.94737996325128, ""gate_pitch_nm"": 496.90005552805826, ""gate_width_nm"": 11.672836216799352, ""kind"": ""finfet""}","{""chain"": ""src.sem_physics.apply_sem_chain"", ""noise_level"": ""medium"", ""presets"": {""reference"": ""reference"", ""search"": ""search""}}"
finfet_anchored_pose-small_0203,dataset/reference/finfet_anchored_pose-small_0203.png,dataset/search/finfet_anchored_pose-small_0203.png,699.3006158393528,167.34173631793044,3.7218766594643142,9.71846057907056,699.3100000023842,166.83000001311302,0.5118223404502642,0.06949951531217342,1,ambiguous,219.4296250017942,20261010,finfet,anchored,medium,small,3,"{""extent_nm"": 12000.0, ""fin_pitch_nm"": 84.66920956622944, ""fin_width_nm"": 22.231856135828792, ""gate_pitch_nm"": 412.5115611443747, ""gate_width_nm"": 12.372227249806944, ""kind"": ""finfet""}","{""chain"": ""src.sem_physics.apply_sem_chain"", ""noise_level"": ""medium"", ""presets"": {""reference"": ""reference"", ""search"": ""search""}}"
finfet_anchored_pose-small_0204,dataset/reference/finfet_anchored_pose-small_0204.png,dataset/search/finfet_anchored_pose-small_0204.png,451.08155838413165,186.5749665020238,-0.7485131926940056,9.713879596184507,451.0900000333786,186.42999999970198,0.14521208020493184,0.04429384838671103,1,ambiguous,212.915249998332,20261011,finfet,anchored,medium,small,3,"{""extent_nm"": 12000.0, ""fin_pitch_nm"": 105.74534088947081, ""fin_width_nm"": 26.288401924977524, ""gate_pitch_nm"": 444.2809478429417, ""gate_width_nm"": 13.71032129885958, ""kind"": ""finfet""}","{""chain"": ""src.sem_physics.apply_sem_chain"", ""noise_level"": ""medium"", ""presets"": {""reference"": ""reference"", ""search"": ""search""}}"
finfet_anchored_pose-small_0205,dataset/reference/finfet_anchored_pose-small_0205.png,dataset/search/finfet_anchored_pose-small_0205.png,593.7615684579839,715.6146237272992,1.1058059369171822,9.94751184436212,593.7599999904633,715.640000000596,0.0254246993453098,0.04314323686548917,1,ambiguous,216.1247080002795,20261012,finfet,anchored,medium,small,3,"{""extent_nm"": 12000.0, ""fin_pitch_nm"": 87.22012622877132, ""fin_width_nm"": 27.5577282032208, ""gate_pitch_nm"": 354.66665863302853, ""gate_width_nm"": 11.592616138292705, ""kind"": ""finfet""}","{""chain"": ""src.sem_physics.apply_sem_chain"", ""noise_level"": ""medium"", ""presets"": {""reference"": ""reference"", ""search"": ""search""}}"
finfet_anchored_pose-small_0206,dataset/reference/finfet_anchored_pose-small_0206.png,dataset/search/finfet_anchored_pose-small_0206.png,728.7510567301365,402.33191090564725,-1.4081444395089782,9.841108448350283,728.8000000119209,402.3999999985099,0.0838544536604623,0.043469520108603714,1,ambiguous,214.0535420003289,20261013,finfet,anchored,medium,small,3,"{""extent_nm"": 12000.0, ""fin_pitch_nm"": 81.78996455992362, ""fin_width_nm"": 20.98582748861264, ""gate_pitch_nm"": 414.554452889347, ""gate_width_nm"": 11.403529900000404, ""kind"": ""finfet""}","{""chain"": ""src.sem_physics.apply_sem_chain"", ""noise_level"": ""medium"", ""presets"": {""reference"": ""reference"", ""search"": ""search""}}"
finfet_anchored_pose-small_0207,dataset/reference/finfet_anchored_pose-small_0207.png,dataset/search/finfet_anchored_pose-small_0207.png,580.8831641942745,421.4140777824384,2.8230024866494574,9.98605207748624,580.8499999940395,421.2099999785423,0.20675496177908864,0.04722865674074565,1,ambiguous,214.8946250017616,20261014,finfet,anchored,high,small,3,"{""extent_nm"": 12000.0, ""fin_pitch_nm"": 92.40187241194707, ""fin_width_nm"": 25.658209568512753, ""gate_pitch_nm"": 395.1139934859136, ""gate_width_nm"": 13.108886775629365, ""kind"": ""finfet""}","{""chain"": ""src.sem_physics.apply_sem_chain"", ""noise_level"": ""high"", ""presets"": {""reference"": ""reference"", ""search"": ""search""}}"
finfet_anchored_pose-small_0208,dataset/reference/finfet_anchored_pose-small_0208.png,dataset/search/finfet_anchored_pose-small_0208.png,82.1592325196313,723.5539816109182,-2.1911035273260593,10.052512202514155,82.18000000715256,723.429999999702,0.12570890365317983,0.04630682638971623,1,ambiguous,214.0310419999878,20261015,finfet,anchored,high,small,3,"{""extent_nm"": 12000.0, ""fin_pitch_nm"": 72.78516087243673, ""fin_width_nm"": 26.77104520137957, ""gate_pitch_nm"": 482.9020423480034, ""gate_width_nm"": 14.16102359780811, ""kind"": ""finfet""}","{""chain"": ""src.sem_physics.apply_sem_chain"", ""noise_level"": ""high"", ""presets"": {""reference"": ""reference"", ""search"": ""search""}}"
finfet_anchored_pose-small_0209,dataset/reference/finfet_anchored_pose-small_0209.png,dataset/search/finfet_anchored_pose-small_0209.png,687.7205890630082,294.92502711877614,-1.5485512355383104,10.034028978517233,687.7300000041723,295.00999999046326,0.08549242502320901,0.04457251691541836,1,ambiguous,216.51212500000838,20261016,finfet,anchored,high,small,3,"{""extent_nm"": 12000.0, ""fin_pitch_nm"": 79.17654380858491, ""fin_width_nm"": 24.35969556639005, ""gate_pitch_nm"": 474.74492052935466, ""gate_width_nm"": 13.731376796914107, ""kind"": ""finfet""}","{""chain"": ""src.sem_physics.apply_sem_chain"", ""noise_level"": ""high"", ""presets"": {""reference"": ""reference"", ""search"": ""search""}}"
finfet_anchored_pose-small_0210,dataset/reference/finfet_anchored_pose-small_0210.png,dataset/search/finfet_anchored_pose-small_0210.png,539.8610762431332,649.2509671302225,3.2756516310149735,10.004476801103536,539.8199999928474,649.1800000071526,0.08199750541551397,0.05419843848844378,1,ambiguous,212.80091699736658,20261017,finfet,anchored,high,small,3,"{""extent_nm"": 12000.0, ""fin_pitch_nm"": 85.0904917943135, ""fin_width_nm"": 23.17915464192327, ""gate_pitch_nm"": 420.6860177711982, ""gate_width_nm"": 12.107912671860237, ""kind"": ""finfet""}","{""chain"": ""src.sem_physics.apply_sem_chain"", ""noise_level"": ""high"", ""presets"": {""reference"": ""reference"", ""search"": ""search""}}"
finfet_anchored_pose-small_0211,dataset/reference/finfet_anchored_pose-small_0211.png,dataset/search/finfet_anchored_pose-small_0211.png,802.1578661574453,727.1946562605046,3.746275076862201,9.93166214029857,802.1399999856949,726.9200000166893,0.2752367205875173,0.053186400641745644,1,ambiguous,213.2651669999177,20261018,finfet,anchored,high,small,3,"{""extent_nm"": 12000.0, ""fin_pitch_nm"": 95.98732788696223, ""fin_width_nm"": 20.533606314248054, ""gate_pitch_nm"": 498.82881587079396, ""gate_width_nm"": 11.059069590760497, ""kind"": ""finfet""}","{""chain"": ""src.sem_physics.apply_sem_chain"", ""noise_level"": ""high"", ""presets"": {""reference"": ""reference"", ""search"": ""search""}}"
finfet_anchored_pose-small_0212,dataset/reference/finfet_anchored_pose-small_0212.png,dataset/search/finfet_anchored_pose-small_0212.png,418.54890110349606,886.5612510036433,-2.472698059067586,10.143044358905355,418.48000000044703,886.7199999988079,0.17305665392345923,0.04811090957194717,1,ambiguous,211.53933299865457,20261019,finfet,anchored,high,small,3,"{""extent_nm"": 12000.0, ""fin_pitch_nm"": 105.77861069273962, ""fin_width_nm"": 22.461311737872656, ""gate_pitch_nm"": 402.73017170908446, ""gate_width_nm"": 14.121411658807844, ""kind"": ""finfet""}","{""chain"": ""src.sem_physics.apply_sem_chain"", ""noise_level"": ""high"", ""presets"": {""reference"": ""reference"", ""search"": ""search""}}"
finfet_anchored_pose-small_0213,dataset/reference/finfet_anchored_pose-small_0213.png,dataset/search/finfet_anchored_pose-small_0213.png,679.2801696305551,832.6443656586272,3.6987699844213253,9.78038996776259,679.3199999928474,832.6100000143051,0.05260660861538935,0.11261162435523543,1,ambiguous,211.37433300100383,20261020,finfet,anchored,high,small,3,"{""extent_nm"": 12000.0, ""fin_pitch_nm"": 75.260664834279, ""fin_width_nm"": 26.991334959439747, ""gate_pitch_nm"": 459.0639835078267, ""gate_width_nm"": 11.9430573785859, ""kind"": ""finfet""}","{""chain"": ""src.sem_physics.apply_sem_chain"", ""noise_level"": ""high"", ""presets"": {""reference"": ""reference"", ""search"": ""search""}}"
finfet_anchored_pose-small_0214,dataset/reference/finfet_anchored_pose-small_0214.png,dataset/search/finfet_anchored_pose-small_0214.png,124.45270795473118,319.89655392650025,-2.8488484659088584,9.715537259650441,124.50999999977648,320.1200000047684,0.23067407379000793,0.04727546535156051,1,ambiguous,213.39587500187918,20261021,finfet,anchored,high,small,3,"{""extent_nm"": 12000.0, ""fin_pitch_nm"": 101.36296151387373, ""fin_width_nm"": 26.940062723781594, ""gate_pitch_nm"": 454.0153030904428, ""gate_width_nm"": 11.907796930353662, ""kind"": ""finfet""}","{""chain"": ""src.sem_physics.apply_sem_chain"", ""noise_level"": ""high"", ""presets"": {""reference"": ""reference"", ""search"": ""search""}}"
finfet_anchored_pose-small_0215,dataset/reference/finfet_anchored_pose-small_0215.png,dataset/search/finfet_anchored_pose-small_0215.png,200.35019416696434,312.54609373496976,-3.572932884244835,9.701310097671929,200.35999999940395,312.429999999702,0.11650712303657476,0.055478269533106445,1,ambiguous,213.83766699727857,20261022,finfet,anchored,high,small,3,"{""extent_nm"": 12000.0, ""fin_pitch_nm"": 98.85295574465391, ""fin_width_nm"": 23.701994326902522, ""gate_pitch_nm"": 394.751357306645, ""gate_width_nm"": 11.661156158617752, ""kind"": ""finfet""}","{""chain"": ""src.sem_physics.apply_sem_chain"", ""noise_level"": ""high"", ""presets"": {""reference"": ""reference"", ""search"": ""search""}}"
finfet_anchored_pose-large_0216,dataset/reference/finfet_anchored_pose-large_0216.png,dataset/search/finfet_anchored_pose-large_0216.png,873.7668774263648,299.00593561107536,-2.9536387937213604,10.096563910699384,873.75,298.8799999952316,0.1270615081707982,0.05562983398450501,1,ambiguous,211.3254579999193,20261023,finfet,anchored,low,large,3,"{""extent_nm"": 12000.0, ""fin_pitch_nm"": 78.13255479927447, ""fin_width_nm"": 26.545177267281318, ""gate_pitch_nm"": 366.3712986310067, ""gate_width_nm"": 14.71494659708158, ""kind"": ""finfet""}","{""chain"": ""src.sem_physics.apply_sem_chain"", ""noise_level"": ""low"", ""presets"": {""reference"": ""reference"", ""search"": ""search""}}"
finfet_anchored_pose-large_0217,dataset/reference/finfet_anchored_pose-large_0217.png,dataset/search/finfet_anchored_pose-large_0217.png,623.0410203330567,111.96868356329836,4.134193166359404,9.991125316131104,623.07,112.93,0.9617531453387115,0.05321357881061348,1,ambiguous,211.9693750028091,20261024,finfet,anchored,low,large,3,"{""extent_nm"": 12000.0, ""fin_pitch_nm"": 99.64190321085049, ""fin_width_nm"": 23.250407755953052, ""gate_pitch_nm"": 418.4250728053022, ""gate_width_nm"": 12.271009301940033, ""kind"": ""finfet""}","{""chain"": ""src.sem_physics.apply_sem_chain"", ""noise_level"": ""low"", ""presets"": {""reference"": ""reference"", ""search"": ""search""}}"
finfet_anchored_pose-large_0218,dataset/reference/finfet_anchored_pose-large_0218.png,dataset/search/finfet_anchored_pose-large_0218.png,149.8451937123697,539.8085441124008,-5.43695290692953,9.642401506806316,153.41,538.89,3.6812453266190563,0.13786677388639654,1,robust,212.6137919985922,20261025,finfet,anchored,low,large,3,"{""extent_nm"": 12000.0, ""fin_pitch_nm"": 83.54084116078837, ""fin_width_nm"": 24.328513686629105, ""gate_pitch_nm"": 443.62306139370713, ""gate_width_nm"": 14.136614753114586, ""kind"": ""finfet""}","{""chain"": ""src.sem_physics.apply_sem_chain"", ""noise_level"": ""low"", ""presets"": {""reference"": ""reference"", ""search"": ""search""}}"
finfet_anchored_pose-large_0219,dataset/reference/finfet_anchored_pose-large_0219.png,dataset/search/finfet_anchored_pose-large_0219.png,94.62303726372397,527.4463232405518,4.590884542486492,10.129559169376742,94.58,525.89,1.5569181851178189,0.07155153918616755,1,ambiguous,211.77350000289152,20261026,finfet,anchored,low,large,3,"{""extent_nm"": 12000.0, ""fin_pitch_nm"": 100.00206164533753, ""fin_width_nm"": 27.37378725821013, ""gate_pitch_nm"": 396.06141952926987, ""gate_width_nm"": 14.025196004278305, ""kind"": ""finfet""}","{""chain"": ""src.sem_physics.apply_sem_chain"", ""noise_level"": ""low"", ""presets"": {""reference"": ""reference"", ""search"": ""search""}}"
finfet_anchored_pose-large_0220,dataset/reference/finfet_anchored_pose-large_0220.png,dataset/search/finfet_anchored_pose-large_0220.png,400.93017093252126,196.02282380566078,7.793489876126452,10.462258400446247,400.08,164.96,31.074455962993618,0.07176119927619708,1,ambiguous,211.24137500009965,20261027,finfet,anchored,low,large,3,"{""extent_nm"": 12000.0, ""fin_pitch_nm"": 80.19424137538707, ""fin_width_nm"": 22.952907164322614, ""gate_pitch_nm"": 370.1725445853851, ""gate_width_nm"": 12.142651527200382, ""kind"": ""finfet""}","{""chain"": ""src.sem_physics.apply_sem_chain"", ""noise_level"": ""low"", ""presets"": {""reference"": ""reference"", ""search"": ""search""}}"
finfet_anchored_pose-large_0221,dataset/reference/finfet_anchored_pose-large_0221.png,dataset/search/finfet_anchored_pose-large_0221.png,550.5769549465683,133.18770864154894,-7.743490229676354,9.669124353803062,545.78,134.9,5.093399498923362,0.05657199960962081,1,ambiguous,212.1390419997624,20261028,finfet,anchored,low,large,3,"{""extent_nm"": 12000.0, ""fin_pitch_nm"": 96.43874257569763, ""fin_width_nm"": 24.938499575056927, ""gate_pitch_nm"": 369.30864252986987, ""gate_width_nm"": 11.762315544351566, ""kind"": ""finfet""}","{""chain"": ""src.sem_physics.apply_sem_chain"", ""noise_level"": ""low"", ""presets"": {""reference"": ""reference"", ""search"": ""search""}}"
finfet_anchored_pose-large_0222,dataset/reference/finfet_anchored_pose-large_0222.png,dataset/search/finfet_anchored_pose-large_0222.png,757.7234674977022,494.98234246222455,-1.1915919624181512,10.460637070468417,757.7199999988079,495.1399999856949,0.15769565071802452,0.05149485457135961,1,ambiguous,211.57662499899743,20261029,finfet,anchored,low,large,3,"{""extent_nm"": 12000.0, ""fin_pitch_nm"": 78.80446646052818, ""fin_width_nm"": 25.96732278718417, ""gate_pitch_nm"": 408.80160210800415, ""gate_width_nm"": 12.387510244051628, ""kind"": ""finfet""}","{""chain"": ""src.sem_physics.apply_sem_chain"", ""noise_level"": ""low"", ""presets"": {""reference"": ""reference"", ""search"": ""search""}}"
finfet_anchored_pose-large_0223,dataset/reference/finfet_anchored_pose-large_0223.png,dataset/search/finfet_anchored_pose-large_0223.png,904.6858266762749,291.0345514238302,-0.5434024193796496,10.113040383220016,904.7199999988079,291.1100000143051,0.08282696286594952,0.04525160434316862,1,ambiguous,211.05733399963356,20261030,finfet,anchored,low,large,3,"{""extent_nm"": 12000.0, ""fin_pitch_nm"": 104.56946166950216, ""fin_width_nm"": 25.110833610242246, ""gate_pitch_nm"": 390.72804777013965, ""gate_width_nm"": 11.741570172385376, ""kind"": ""finfet""}","{""chain"": ""src.sem_physics.apply_sem_chain"", ""noise_level"": ""low"", ""presets"": {""reference"": ""reference"", ""search"": ""search""}}"
finfet_anchored_pose-large_0224,dataset/reference/finfet_anchored_pose-large_0224.png,dataset/search/finfet_anchored_pose-large_0224.png,825.0469581545498,657.5762191910344,-2.3230029721476377,10.070972375560807,825.0900000035763,657.5099999997765,0.07897836449612515,0.04482251896221766,1,ambiguous,211.145666999073,20261031,finfet,anchored,low,large,3,"{""extent_nm"": 12000.0, ""fin_pitch_nm"": 88.03667306642943, ""fin_width_nm"": 25.327961471813445, ""gate_pitch_nm"": 455.17798858825654, ""gate_width_nm"": 14.230693705855586, ""kind"": ""finfet""}","{""chain"": ""src.sem_physics.apply_sem_chain"", ""noise_level"": ""low"", ""presets"": {""reference"": ""reference"", ""search"": ""search""}}"
finfet_anchored_pose-large_0225,dataset/reference/finfet_anchored_pose-large_0225.png,dataset/search/finfet_anchored_pose-large_0225.png,477.63814013697174,419.1692154922611,6.4148872606370055,10.108006427080173,473.79,422.91,5.36671698966068,0.06380062670373575,1,ambiguous,211.5367080004944,20261032,finfet,anchored,medium,large,3,"{""extent_nm"": 12000.0, ""fin_pitch_nm"": 99.39098604936092, ""fin_width_nm"": 24.131933104458266, ""gate_pitch_nm"": 457.11780155891546, ""gate_width_nm"": 14.64525650548433, ""kind"": ""finfet""}","{""chain"": ""src.sem_physics.apply_sem_chain"", ""noise_level"": ""medium"", ""presets"": {""reference"": ""reference"", ""search"": ""search""}}"
finfet_anchored_pose-large_0226,dataset/reference/finfet_anchored_pose-large_0226.png,dataset/search/finfet_anchored_pose-large_0226.png,174.76560379479224,224.14664382633322,4.42832573212457,9.852156980156435,177.02,223.84,2.2751555301305184,0.5165720294021502,0,robust,210.50066699899617,20261033,finfet,anchored,medium,large,3,"{""extent_nm"": 12000.0, ""fin_pitch_nm"": 75.57727195638711, ""fin_width_nm"": 26.828149462986552, ""gate_pitch_nm"": 484.63569129112284, ""gate_width_nm"": 12.906065562809918, ""kind"": ""finfet""}","{""chain"": ""src.sem_physics.apply_sem_chain"", ""noise_level"": ""medium"", ""presets"": {""reference"": ""reference"", ""search"": ""search""}}"
finfet_anchored_pose-large_0227,dataset/reference/finfet_anchored_pose-large_0227.png,dataset/search/finfet_anchored_pose-large_0227.png,575.0859012386105,353.4949830829568,3.495515492251309,9.623905818456368,575.2100000083447,353.5199999809265,0.1265952204214331,0.06584651358307284,1,ambiguous,214.21841600022162,20261034,finfet,anchored,medium,large,3,"{""extent_nm"": 12000.0, ""fin_pitch_nm"": 85.25324047602466, ""fin_width_nm"": 24.637886960006227, ""gate_pitch_nm"": 452.94414581712044, ""gate_width_nm"": 11.055448293858541, ""kind"": ""finfet""}","{""chain"": ""src.sem_physics.apply_sem_chain"", ""noise_level"": ""medium"", ""presets"": {""reference"": ""reference"", ""search"": ""search""}}"
finfet_anchored_pose-large_0228,dataset/reference/finfet_anchored_pose-large_0228.png,dataset/search/finfet_anchored_pose-large_0228.png,658.9674127205813,831.0424303927443,5.634776835642173,9.749319280479716,655.7,834.07,4.454454356416096,0.0824819349437956,1,ambiguous,214.83654199982993,20261035,finfet,anchored,medium,large,3,"{""extent_nm"": 12000.0, ""fin_pitch_nm"": 82.65797395973469, ""fin_width_nm"": 20.673390154881083, ""gate_pitch_nm"": 377.97103428676945, ""gate_width_nm"": 13.18136411527506, ""kind"": ""finfet""}","{""chain"": ""src.sem_physics.apply_sem_chain"", ""noise_level"": ""medium"", ""presets"": {""reference"": ""reference"", ""search"": ""search""}}"
finfet_anchored_pose-large_0229,dataset/reference/finfet_anchored_pose-large_0229.png,dataset/search/finfet_anchored_pose-large_0229.png,874.6698997772772,454.19882661406444,1.1290525249369416,10.113258428310075,874.7000000029802,454.3100000023842,0.11517615142842424,0.046199246737195644,1,ambiguous,212.78404099939507,20261036,finfet,anchored,medium,large,3,"{""extent_nm"": 12000.0, ""fin_pitch_nm"": 96.22665773062813, ""fin_width_nm"": 23.84756556517952, ""gate_pitch_nm"": 337.31811249973157, ""gate_width_nm"": 13.07859230407315, ""kind"": ""finfet""}","{""chain"": ""src.sem_physics.apply_sem_chain"", ""noise_level"": ""medium"", ""presets"": {""reference"": ""reference"", ""search"": ""search""}}"
finfet_anchored_pose-large_0230,dataset/reference/finfet_anchored_pose-large_0230.png,dataset/search/finfet_anchored_pose-large_0230.png,450.81336440555873,212.33509619909648,7.292097053488222,9.870475032667832,446.62,215.87,5.4845099981173195,0.06647372001598728,1,ambiguous,213.3650409996335,20261037,finfet,anchored,medium,large,3,"{""extent_nm"": 12000.0, ""fin_pitch_nm"": 103.12048027171636, ""fin_width_nm"": 21.630404503009654, ""gate_pitch_nm"": 452.2823192918479, ""gate_width_nm"": 14.873407811026961, ""kind"": ""finfet""}","{""chain"": ""src.sem_physics.apply_sem_chain"", ""noise_level"": ""medium"", ""presets"": {""reference"": ""reference"", ""search"": ""search""}}"
finfet_anchored_pose-large_0231,dataset/reference/finfet_anchored_pose-large_0231.png,dataset/search/finfet_anchored_pose-large_0231.png,360.7716661730363,264.87639096151605,6.608328908431149,9.932703846872244,357.72,269.97,5.937804263242387,0.05135063401483058,1,ambiguous,215.6033329993079,20261038,finfet,anchored,medium,large,3,"{""extent_nm"": 12000.0, ""fin_pitch_nm"": 80.07621693486954, ""fin_width_nm"": 22.5728636240746, ""gate_pitch_nm"": 427.57737982461447, ""gate_width_nm"": 11.995084479370982, ""kind"": ""finfet""}","{""chain"": ""src.sem_physics.apply_sem_chain"", ""noise_level"": ""medium"", ""presets"": {""reference"": ""reference"", ""search"": ""search""}}"
finfet_anchored_pose-large_0232,dataset/reference/finfet_anchored_pose-large_0232.png,dataset/search/finfet_anchored_pose-large_0232.png,500.8355365398028,868.1608618756165,3.8377177376541223,9.610784176799742,500.8600000143051,868.3999999761581,0.240386132535487,0.08784247287859384,1,ambiguous,212.7874170000723,20261039,finfet,anchored,medium,large,3,"{""extent_nm"": 12000.0, ""fin_pitch_nm"": 86.32325034203745, ""fin_width_nm"": 21.458761089003993, ""gate_pitch_nm"": 344.3189415615421, ""gate_width_nm"": 12.271423298367742, ""kind"": ""finfet""}","{""chain"": ""src.sem_physics.apply_sem_chain"", ""noise_level"": ""medium"", ""presets"": {""reference"": ""reference"", ""search"": ""search""}}"
finfet_anchored_pose-large_0233,dataset/reference/finfet_anchored_pose-large_0233.png,dataset/search/finfet_anchored_pose-large_0233.png,861.96733460045,329.4843837499367,-2.133579579530135,10.114787752596433,861.9699999988079,329.46000000089407,0.02452899438988952,0.04529252844148295,1,ambiguous,211.70291699672816,20261040,finfet,anchored,medium,large,3,"{""extent_nm"": 12000.0, ""fin_pitch_nm"": 92.61730649548514, ""fin_width_nm"": 20.640907086261414, ""gate_pitch_nm"": 470.0411177243722, ""gate_width_nm"": 13.405270217875543, ""kind"": ""finfet""}","{""chain"": ""src.sem_physics.apply_sem_chain"", ""noise_level"": ""medium"", ""presets"": {""reference"": ""reference"", ""search"": ""search""}}"
finfet_anchored_pose-large_0234,dataset/reference/finfet_anchored_pose-large_0234.png,dataset/search/finfet_anchored_pose-large_0234.png,856.4786023262826,564.8930173236533,-6.891848304825585,9.530395329406659,852.74,566.06,3.916503021954506,0.08810576705564552,1,ambiguous,211.71387499998673,20261041,finfet,anchored,high,large,3,"{""extent_nm"": 12000.0, ""fin_pitch_nm"": 102.80568971353448, ""fin_width_nm"": 24.864734757119454, ""gate_pitch_nm"": 357.2534979264269, ""gate_width_nm"": 11.625616753440221, ""kind"": ""finfet""}","{""chain"": ""src.sem_physics.apply_sem_chain"", ""noise_level"": ""high"", ""presets"": {""reference"": ""reference"", ""search"": ""search""}}"
finfet_anchored_pose-large_0235,dataset/reference/finfet_anchored_pose-large_0235.png,dataset/search/finfet_anchored_pose-large_0235.png,366.65560767136907,457.2121340381944,-0.34220822121871564,9.51626823993261,366.78999999165535,457.1399999856949,0.1525274312441274,0.048848828514785184,1,ambiguous,212.01687500069966,20261042,finfet,anchored,high,large,3,"{""extent_nm"": 12000.0, ""fin_pitch_nm"": 89.47526093457364, ""fin_width_nm"": 22.323173337623682, ""gate_pitch_nm"": 345.16685532174813, ""gate_width_nm"": 12.980355379092199, ""kind"": ""finfet""}","{""chain"": ""src.sem_physics.apply_sem_chain"", ""noise_level"": ""high"", ""presets"": {""reference"": ""reference"", ""search"": ""search""}}"
finfet_anchored_pose-large_0236,dataset/reference/finfet_anchored_pose-large_0236.png,dataset/search/finfet_anchored_pose-large_0236.png,113.15602133138503,384.92074893659105,3.9764106897511713,10.299747454935822,113.16999998688698,384.57999999821186,0.3410355433326398,0.06260098406947465,1,ambiguous,211.98687500145752,20261043,finfet,anchored,high,large,3,"{""extent_nm"": 12000.0, ""fin_pitch_nm"": 101.29554943968924, ""fin_width_nm"": 24.712937250646835, ""gate_pitch_nm"": 432.35797916987656, ""gate_width_nm"": 13.427608669707027, ""kind"": ""finfet""}","{""chain"": ""src.sem_physics.apply_sem_chain"", ""noise_level"": ""high"", ""presets"": {""reference"": ""reference"", ""search"": ""search""}}"
finfet_anchored_pose-large_0237,dataset/reference/finfet_anchored_pose-large_0237.png,dataset/search/finfet_anchored_pose-large_0237.png,281.80229777747707,535.259272869632,6.806902314432165,10.294012440931663,277.59,532.96,4.798969503462603,0.06074842578874545,1,ambiguous,212.11691600183258,20261044,finfet,anchored,high,large,3,"{""extent_nm"": 12000.0, ""fin_pitch_nm"": 95.30541818890663, ""fin_width_nm"": 24.277817674047153, ""gate_pitch_nm"": 342.62284610695104, ""gate_width_nm"": 13.512073785388603, ""kind"": ""finfet""}","{""chain"": ""src.sem_physics.apply_sem_chain"", ""noise_level"": ""high"", ""presets"": {""reference"": ""reference"", ""search"": ""search""}}"
finfet_anchored_pose-large_0238,dataset/reference/finfet_anchored_pose-large_0238.png,dataset/search/finfet_anchored_pose-large_0238.png,374.38915885042104,337.9563090892018,6.252598126812606,10.499682048584866,377.05,334.98,3.992304023713398,0.0779258084192928,1,ambiguous,210.92200000202865,20261045,finfet,anchored,high,large,3,"{""extent_nm"": 12000.0, ""fin_pitch_nm"": 76.00294206539758, ""fin_width_nm"": 24.84891032130943, ""gate_pitch_nm"": 412.6775673181525, ""gate_width_nm"": 13.321495924707817, ""kind"": ""finfet""}","{""chain"": ""src.sem_physics.apply_sem_chain"", ""noise_level"": ""high"", ""presets"": {""reference"": ""reference"", ""search"": ""search""}}"
finfet_anchored_pose-large_0239,dataset/reference/finfet_anchored_pose-large_0239.png,dataset/search/finfet_anchored_pose-large_0239.png,784.1951847966087,322.6315689423991,4.587744148123106,10.316593411641481,784.2299999892712,322.97000002861023,0.3402171332460511,0.11917934873563321,1,ambiguous,211.33054200254264,20261046,finfet,anchored,high,large,3,"{""extent_nm"": 12000.0, ""fin_pitch_nm"": 95.250138235557, ""fin_width_nm"": 21.415077108221247, ""gate_pitch_nm"": 465.1303067345933, ""gate_width_nm"": 11.318026932239558, ""kind"": ""finfet""}","{""chain"": ""src.sem_physics.apply_sem_chain"", ""noise_level"": ""high"", ""presets"": {""reference"": ""reference"", ""search"": ""search""}}"
finfet_anchored_pose-large_0240,dataset/reference/finfet_anchored_pose-large_0240.png,dataset/search/finfet_anchored_pose-large_0240.png,509.61724983406543,410.39582028240636,-1.4612392713036577,10.44032219016501,509.6199999973178,410.06999999284744,0.3258318960540434,0.0499455300095166,1,ambiguous,212.32987500115996,20261047,finfet,anchored,high,large,3,"{""extent_nm"": 12000.0, ""fin_pitch_nm"": 97.09011386716827, ""fin_width_nm"": 24.878254098414427, ""gate_pitch_nm"": 473.8398018046545, ""gate_width_nm"": 13.816295512243062, ""kind"": ""finfet""}","{""chain"": ""src.sem_physics.apply_sem_chain"", ""noise_level"": ""high"", ""presets"": {""reference"": ""reference"", ""search"": ""search""}}"
finfet_anchored_pose-large_0241,dataset/reference/finfet_anchored_pose-large_0241.png,dataset/search/finfet_anchored_pose-large_0241.png,379.36524178784515,914.15096650371,-6.270359672537673,10.012246698389722,382.57,918.0,5.008546101807992,0.053312500211199036,1,ambiguous,211.20745799998986,20261048,finfet,anchored,high,large,3,"{""extent_nm"": 12000.0, ""fin_pitch_nm"": 79.22686110479165, ""fin_width_nm"": 24.253046469186337, ""gate_pitch_nm"": 376.6874144027465, ""gate_width_nm"": 11.229734923262555, ""kind"": ""finfet""}","{""chain"": ""src.sem_physics.apply_sem_chain"", ""noise_level"": ""high"", ""presets"": {""reference"": ""reference"", ""search"": ""search""}}"
finfet_anchored_pose-large_0242,dataset/reference/finfet_anchored_pose-large_0242.png,dataset/search/finfet_anchored_pose-large_0242.png,338.59747687160115,361.38263776882224,-0.23271458202365913,9.6358925705072,338.5099999997765,361.57999999821186,0.21587971811606493,0.0452434732258059,1,ambiguous,211.13612500266754,20261049,finfet,anchored,high,large,3,"{""extent_nm"": 12000.0, ""fin_pitch_nm"": 83.5110842842143, ""fin_width_nm"": 26.75497497391729, ""gate_pitch_nm"": 395.4296882940605, ""gate_width_nm"": 11.107568378797575, ""kind"": ""finfet""}","{""chain"": ""src.sem_physics.apply_sem_chain"", ""noise_level"": ""high"", ""presets"": {""reference"": ""reference"", ""search"": ""search""}}"
finfet_unanchored_pose-none_0243,dataset/reference/finfet_unanchored_pose-none_0243.png,dataset/search/finfet_unanchored_pose-none_0243.png,788.7501342508828,673.0813589813914,0.0,10.0,255.50999999977648,309.5099999997765,645.39071410106,0.039707969015830374,1,ambiguous,211.26404099777574,20261050,finfet,unanchored,low,none,0,"{""extent_nm"": 12000.0, ""fin_pitch_nm"": 87.4150199146716, ""fin_width_nm"": 23.77389804729962, ""gate_pitch_nm"": 454.4493210198639, ""gate_width_nm"": 12.770196797132392, ""kind"": ""finfet""}","{""chain"": ""src.sem_physics.apply_sem_chain"", ""noise_level"": ""low"", ""presets"": {""reference"": ""reference"", ""search"": ""search""}}"
finfet_unanchored_pose-none_0244,dataset/reference/finfet_unanchored_pose-none_0244.png,dataset/search/finfet_unanchored_pose-none_0244.png,414.21733536372295,678.5398937360881,0.0,10.0,66.51999999955297,638.5799999982119,349.986042760117,0.04106918573338532,1,ambiguous,211.55695800189278,20261051,finfet,unanchored,low,none,0,"{""extent_nm"": 12000.0, ""fin_pitch_nm"": 86.92526929368086, ""fin_width_nm"": 22.372458872870116, ""gate_pitch_nm"": 399.8237797934164, ""gate_width_nm"": 14.482093189322223, ""kind"": ""finfet""}","{""chain"": ""src.sem_physics.apply_sem_chain"", ""noise_level"": ""low"", ""presets"": {""reference"": ""reference"", ""search"": ""search""}}"
finfet_unanchored_pose-none_0245,dataset/reference/finfet_unanchored_pose-none_0245.png,dataset/search/finfet_unanchored_pose-none_0245.png,816.34204276263,628.7653709069572,0.0,10.0,74.50999999977648,522.6000000014901,749.3903293005611,0.03953937125943531,1,ambiguous,211.14441600002465,20261052,finfet,unanchored,low,none,0,"{""extent_nm"": 12000.0, ""fin_pitch_nm"": 85.26804402041073, ""fin_width_nm"": 22.69785571894412, ""gate_pitch_nm"": 353.86843538617626, ""gate_width_nm"": 11.914370807453087, ""kind"": ""finfet""}","{""chain"": ""src.sem_physics.apply_sem_chain"", ""noise_level"": ""low"", ""presets"": {""reference"": ""reference"", ""search"": ""search""}}"
finfet_unanchored_pose-none_0246,dataset/reference/finfet_unanchored_pose-none_0246.png,dataset/search/finfet_unanchored_pose-none_0246.png,362.9360011420558,87.12481783548235,0.0,10.0,113.5,396.570000000298,397.46023628880863,0.03970002030823553,1,ambiguous,210.77616699767532,20261053,finfet,unanchored,low,none,0,"{""extent_nm"": 12000.0, ""fin_pitch_nm"": 77.94945130003505, ""fin_width_nm"": 22.56792134020515, ""gate_pitch_nm"": 343.83831453115346, ""gate_width_nm"": 12.449343849364919, ""kind"": ""finfet""}","{""chain"": ""src.sem_physics.apply_sem_chain"", ""noise_level"": ""low"", ""presets"": {""reference"": ""reference"", ""search"": ""search""}}"
finfet_unanchored_pose-none_0247,dataset/reference/finfet_unanchored_pose-none_0247.png,dataset/search/finfet_unanchored_pose-none_0247.png,438.6681894233458,883.1269290791691,0.0,10.0,729.5,698.4900000002235,344.49083822795416,0.03978205348755629,1,ambiguous,210.7808330001717,20261054,finfet,unanchored,low,none,0,"{""extent_nm"": 12000.0, ""fin_pitch_nm"": 78.60185930831878, ""fin_width_nm"": 22.197924328582786, ""gate_pitch_nm"": 461.4306395544288, ""gate_width_nm"": 13.06446723946995, ""kind"": ""finfet""}","{""chain"": ""src.sem_physics.apply_sem_chain"", ""noise_level"": ""low"", ""presets"": {""reference"": ""reference"", ""search"": ""search""}}"
finfet_unanchored_pose-none_0248,dataset/reference/finfet_unanchored_pose-none_0248.png,dataset/search/finfet_unanchored_pose-none_0248.png,556.9354231078262,482.45463774931056,0.0,10.0,50.59000000357628,814.4400000013411,605.4749939082817,0.04286420292502405,1,ambiguous,211.47829099936644,20261055,finfet,unanchored,low,none,0,"{""extent_nm"": 12000.0, ""fin_pitch_nm"": 103.33399261480437, ""fin_width_nm"": 21.328041138235623, ""gate_pitch_nm"": 474.2924400679184, ""gate_width_nm"": 13.396656098352269, ""kind"": ""finfet""}","{""chain"": ""src.sem_physics.apply_sem_chain"", ""noise_level"": ""low"", ""presets"": {""reference"": ""reference"", ""search"": ""search""}}"
finfet_unanchored_pose-none_0249,dataset/reference/finfet_unanchored_pose-none_0249.png,dataset/search/finfet_unanchored_pose-none_0249.png,775.3620174747427,753.8819924481694,0.0,10.0,909.5099999997765,888.519999999553,190.0607121236348,0.040849237712920296,1,ambiguous,212.24679199804086,20261056,finfet,unanchored,low,none,0,"{""extent_nm"": 12000.0, ""fin_pitch_nm"": 89.4282134503692, ""fin_width_nm"": 22.936669471309145, ""gate_pitch_nm"": 336.53618271373045, ""gate_width_nm"": 12.532121169619767, ""kind"": ""finfet""}","{""chain"": ""src.sem_physics.apply_sem_chain"", ""noise_level"": ""low"", ""presets"": {""reference"": ""reference"", ""search"": ""search""}}"
finfet_unanchored_pose-none_0250,dataset/reference/finfet_unanchored_pose-none_0250.png,dataset/search/finfet_unanchored_pose-none_0250.png,594.6677633591017,842.9611806374041,0.0,10.0,464.51999999955297,162.42999999970198,692.864437049296,0.039869632983991855,1,ambiguous,212.08549999937532,20261057,finfet,unanchored,low,none,0,"{""extent_nm"": 12000.0, ""fin_pitch_nm"": 86.76799257265387, ""fin_width_nm"": 23.3699391287143, ""gate_pitch_nm"": 378.07426194349364, ""gate_width_nm"": 12.623113618303622, ""kind"": ""finfet""}","{""chain"": ""src.sem_physics.apply_sem_chain"", ""noise_level"": ""low"", ""presets"": {""reference"": ""reference"", ""search"": ""search""}}"
finfet_unanchored_pose-none_0251,dataset/reference/finfet_unanchored_pose-none_0251.png,dataset/search/finfet_unanchored_pose-none_0251.png,448.1655519787194,260.14136931034955,0.0,10.0,603.5,355.51999999955297,182.27965858598535,0.04059346393414692,1,ambiguous,212.11862500058487,20261058,finfet,unanchored,low,none,0,"{""extent_nm"": 12000.0, ""fin_pitch_nm"": 86.29906164945908, ""fin_width_nm"": 20.891177087696267, ""gate_pitch_nm"": 476.840443926415, ""gate_width_nm"": 13.666214851866023, ""kind"": ""finfet""}","{""chain"": ""src.sem_physics.apply_sem_chain"", ""noise_level"": ""low"", ""presets"": {""reference"": ""reference"", ""search"": ""search""}}"
finfet_unanchored_pose-none_0252,dataset/reference/finfet_unanchored_pose-none_0252.png,dataset/search/finfet_unanchored_pose-none_0252.png,772.7360006198239,401.99426422707336,0.0,10.0,753.5099999997765,754.4400000013411,352.9697377471715,0.03980215982868876,1,ambiguous,211.41837500181282,20261059,finfet,unanchored,medium,none,0,"{""extent_nm"": 12000.0, ""fin_pitch_nm"": 96.1441737336688, ""fin_width_nm"": 25.103471862506296, ""gate_pitch_nm"": 503.50083997237004, ""gate_width_nm"": 11.84786517844229, ""kind"": ""finfet""}","{""chain"": ""src.sem_physics.apply_sem_chain"", ""noise_level"": ""medium"", ""presets"": {""reference"": ""reference"", ""search"": ""search""}}"
finfet_unanchored_pose-none_0253,dataset/reference/finfet_unanchored_pose-none_0253.png,dataset/search/finfet_unanchored_pose-none_0253.png,157.6108805597579,727.2261238408676,0.0,10.0,85.49000000022352,323.44999999925494,410.16652666598713,0.04537105987611823,1,ambiguous,212.67633299794397,20261060,finfet,unanchored,medium,none,0,"{""extent_nm"": 12000.0, ""fin_pitch_nm"": 103.03009145847142, ""fin_width_nm"": 21.851273019396086, ""gate_pitch_nm"": 336.46543125734013, ""gate_width_nm"": 14.501908921673936, ""kind"": ""finfet""}","{""chain"": ""src.sem_physics.apply_sem_chain"", ""noise_level"": ""medium"", ""presets"": {""reference"": ""reference"", ""search"": ""search""}}"
finfet_unanchored_pose-none_0254,dataset/reference/finfet_unanchored_pose-none_0254.png,dataset/search/finfet_unanchored_pose-none_0254.png,220.74107386656573,466.7599374772395,0.0,10.0,473.5,359.4900000002235,274.57952259127006,0.04210357153463047,1,ambiguous,211.41495799747645,20261061,finfet,unanchored,medium,none,0,"{""extent_nm"": 12000.0, ""fin_pitch_nm"": 97.2157944006135, ""fin_width_nm"": 22.695635431813685, ""gate_pitch_nm"": 357.663743926621, ""gate_width_nm"": 13.275412167731089, ""kind"": ""finfet""}","{""chain"": ""src.sem_physics.apply_sem_chain"", ""noise_level"": ""medium"", ""presets"": {""reference"": ""reference"", ""search"": ""search""}}"
finfet_unanchored_pose-none_0255,dataset/reference/finfet_unanchored_pose-none_0255.png,dataset/search/finfet_unanchored_pose-none_0255.png,783.5077007488604,96.40526286351994,0.0,10.0,131.5,875.5900000035763,1015.9935513711857,0.04043568558147184,1,ambiguous,211.2485839970759,20261062,finfet,unanchored,medium,none,0,"{""extent_nm"": 12000.0, ""fin_pitch_nm"": 93.14455159637508, ""fin_width_nm"": 25.544863776698605, ""gate_pitch_nm"": 354.17571040765597, ""gate_width_nm"": 12.962266080443607, ""kind"": ""finfet""}","{""chain"": ""src.sem_physics.apply_sem_chain"", ""noise_level"": ""medium"", ""presets"": {""reference"": ""reference"", ""search"": ""search""}}"
finfet_unanchored_pose-none_0256,dataset/reference/finfet_unanchored_pose-none_0256.png,dataset/search/finfet_unanchored_pose-none_0256.png,541.1372654309661,555.001057998172,0.0,10.0,897.5,226.51999999955297,484.65885327043384,0.03942020701636448,1,ambiguous,210.40208299746155,20261063,finfet,unanchored,medium,none,0,"{""extent_nm"": 12000.0, ""fin_pitch_nm"": 77.46903052890083, ""fin_width_nm"": 23.508332754089395, ""gate_pitch_nm"": 469.3326048818108, ""gate_width_nm"": 14.273302487669497, ""kind"": ""finfet""}","{""chain"": ""src.sem_physics.apply_sem_chain"", ""noise_level"": ""medium"", ""presets"": {""reference"": ""reference"", ""search"": ""search""}}"
finfet_unanchored_pose-none_0257,dataset/reference/finfet_unanchored_pose-none_0257.png,dataset/search/finfet_unanchored_pose-none_0257.png,451.4409546159809,173.32320669866994,0.0,10.0,800.519999999553,817.5500000007451,732.723918767622,0.04173792110787062,1,ambiguous,210.58450000055018,20261064,finfet,unanchored,medium,none,0,"{""extent_nm"": 12000.0, ""fin_pitch_nm"": 81.17990895345761, ""fin_width_nm"": 22.00864866770561, ""gate_pitch_nm"": 339.06438695747516, ""gate_width_nm"": 14.636234521185829, ""kind"": ""finfet""}","{""chain"": ""src.sem_physics.apply_sem_chain"", ""noise_level"": ""medium"", ""presets"": {""reference"": ""reference"", ""search"": ""search""}}"
finfet_unanchored_pose-none_0258,dataset/reference/finfet_unanchored_pose-none_0258.png,dataset/search/finfet_unanchored_pose-none_0258.png,679.1406618454396,200.52493870650238,0.0,10.0,812.4900000002235,585.4200000017881,407.3404647169499,0.03818030274406389,1,ambiguous,212.40308299820754,20261065,finfet,unanchored,medium,none,0,"{""extent_nm"": 12000.0, ""fin_pitch_nm"": 83.34291820040579, ""fin_width_nm"": 27.58148240647849, ""gate_pitch_nm"": 384.8566657372472, ""gate_width_nm"": 11.823866968395816, ""kind"": ""finfet""}","{""chain"": ""src.sem_physics.apply_sem_chain"", ""noise_level"": ""medium"", ""presets"": {""reference"": ""reference"", ""search"": ""search""}}"
finfet_unanchored_pose-none_0259,dataset/reference/finfet_unanchored_pose-none_0259.png,dataset/search/finfet_unanchored_pose-none_0259.png,824.7113122363284,348.7432147646306,0.0,10.0,430.5,587.4600000008941,460.8560103206036,0.04209378134139076,1,ambiguous,211.73970800009556,20261066,finfet,unanchored,medium,none,0,"{""extent_nm"": 12000.0, ""fin_pitch_nm"": 101.08129484166162, ""fin_width_nm"": 23.233504488500447, ""gate_pitch_nm"": 340.9765130257849, ""gate_width_nm"": 11.66516658279144, ""kind"": ""finfet""}","{""chain"": ""src.sem_physics.apply_sem_chain"", ""noise_level"": ""medium"", ""presets"": {""reference"": ""reference"", ""search"": ""search""}}"
finfet_unanchored_pose-none_0260,dataset/reference/finfet_unanchored_pose-none_0260.png,dataset/search/finfet_unanchored_pose-none_0260.png,532.7435465559245,415.0593287690971,0.0,10.0,780.480000000447,555.4099999964237,284.7308576168576,0.04324858975163788,1,ambiguous,211.26833399830502,20261067,finfet,unanchored,medium,none,0,"{""extent_nm"": 12000.0, ""fin_pitch_nm"": 99.09548918735214, ""fin_width_nm"": 20.47224558588825, ""gate_pitch_nm"": 468.04326900939714, ""gate_width_nm"": 13.874325250118, ""kind"": ""finfet""}","{""chain"": ""src.sem_physics.apply_sem_chain"", ""noise_level"": ""medium"", ""presets"": {""reference"": ""reference"", ""search"": ""search""}}"
finfet_unanchored_pose-none_0261,dataset/reference/finfet_unanchored_pose-none_0261.png,dataset/search/finfet_unanchored_pose-none_0261.png,282.09875311428283,423.89022778736575,0.0,10.0,193.49000000022352,868.6700000017881,453.5201835635783,0.040477618574875675,1,ambiguous,211.19974999965052,20261068,finfet,unanchored,high,none,0,"{""extent_nm"": 12000.0, ""fin_pitch_nm"": 88.60937091237132, ""fin_width_nm"": 23.448780105253103, ""gate_pitch_nm"": 444.7219500472629, ""gate_width_nm"": 13.102701535907244, ""kind"": ""finfet""}","{""chain"": ""src.sem_physics.apply_sem_chain"", ""noise_level"": ""high"", ""presets"": {""reference"": ""reference"", ""search"": ""search""}}"
finfet_unanchored_pose-none_0262,dataset/reference/finfet_unanchored_pose-none_0262.png,dataset/search/finfet_unanchored_pose-none_0262.png,390.05370161222123,178.0568476684235,0.0,10.0,659.5099999997765,423.5,364.4846193835683,0.04077662964360326,1,ambiguous,213.01004199995077,20261069,finfet,unanchored,high,none,0,"{""extent_nm"": 12000.0, ""fin_pitch_nm"": 103.63750001895995, ""fin_width_nm"": 26.54914829916654, ""gate_pitch_nm"": 409.1336834118067, ""gate_width_nm"": 12.380342531080379, ""kind"": ""finfet""}","{""chain"": ""src.sem_physics.apply_sem_chain"", ""noise_level"": ""high"", ""presets"": {""reference"": ""reference"", ""search"": ""search""}}"
finfet_unanchored_pose-none_0263,dataset/reference/finfet_unanchored_pose-none_0263.png,dataset/search/finfet_unanchored_pose-none_0263.png,801.9266501279836,502.2678797037706,0.0,10.0,581.5099999997765,885.4700000006706,442.0716736613875,0.04177462012388482,1,ambiguous,211.20929199969396,20261070,finfet,unanchored,high,none,0,"{""extent_nm"": 12000.0, ""fin_pitch_nm"": 95.83459119435621, ""fin_width_nm"": 21.760695197659256, ""gate_pitch_nm"": 383.2366047871506, ""gate_width_nm"": 12.05561402690104, ""kind"": ""finfet""}","{""chain"": ""src.sem_physics.apply_sem_chain"", ""noise_level"": ""high"", ""presets"": {""reference"": ""reference"", ""search"": ""search""}}"
finfet_unanchored_pose-none_0264,dataset/reference/finfet_unanchored_pose-none_0264.png,dataset/search/finfet_unanchored_pose-none_0264.png,383.04349752189967,246.61164936262077,0.0,10.0,949.5799999982119,835.5099999997765,817.1688173329028,0.039706014840070594,1,ambiguous,211.6838750007446,20261071,finfet,unanchored,high,none,0,"{""extent_nm"": 12000.0, ""fin_pitch_nm"": 89.92579173204007, ""fin_width_nm"": 24.82864277936453, ""gate_pitch_nm"": 420.62300957837954, ""gate_width_nm"": 11.80391003803636, ""kind"": ""finfet""}","{""chain"": ""src.sem_physics.apply_sem_chain"", ""noise_level"": ""high"", ""presets"": {""reference"": ""reference"", ""search"": ""search""}}"
finfet_unanchored_pose-none_0265,dataset/reference/finfet_unanchored_pose-none_0265.png,dataset/search/finfet_unanchored_pose-none_0265.png,395.50042690231544,903.7359483958741,0.0,10.0,266.5,564.4600000008941,362.9728354853745,0.038033869868185535,1,ambiguous,210.8957919990644,20261072,finfet,unanchored,high,none,0,"{""extent_nm"": 12000.0, ""fin_pitch_nm"": 75.87822618381432, ""fin_width_nm"": 25.64652487933332, ""gate_pitch_nm"": 484.67890126185443, ""gate_width_nm"": 12.549334778233318, ""kind"": ""finfet""}","{""chain"": ""src.sem_physics.apply_sem_chain"", ""noise_level"": ""high"", ""presets"": {""reference"": ""reference"", ""search"": ""search""}}"
finfet_unanchored_pose-none_0266,dataset/reference/finfet_unanchored_pose-none_0266.png,dataset/search/finfet_unanchored_pose-none_0266.png,123.35636762973238,886.8774316074823,0.0,10.0,611.480000000447,806.4600000008941,494.70359184564336,0.041977313564972286,1,ambiguous,210.9721669985447,20261073,finfet,unanchored,high,none,0,"{""extent_nm"": 12000.0, ""fin_pitch_nm"": 95.71031647951966, ""fin_width_nm"": 21.06797401976181, ""gate_pitch_nm"": 402.10785594436663, ""gate_width_nm"": 12.351273710799871, ""kind"": ""finfet""}","{""chain"": ""src.sem_physics.apply_sem_chain"", ""noise_level"": ""high"", ""presets"": {""reference"": ""reference"", ""search"": ""search""}}"
finfet_unanchored_pose-none_0267,dataset/reference/finfet_unanchored_pose-none_0267.png,dataset/search/finfet_unanchored_pose-none_0267.png,769.629935963424,526.55606071181,0.0,10.0,554.5099999997765,678.4900000002235,263.3638334257366,0.04249843299959909,1,ambiguous,211.7499999985739,20261074,finfet,unanchored,high,none,0,"{""extent_nm"": 12000.0, ""fin_pitch_nm"": 107.56323779349829, ""fin_width_nm"": 24.842228484632976, ""gate_pitch_nm"": 379.7611099495385, ""gate_width_nm"": 12.622442091234813, ""kind"": ""finfet""}","{""chain"": ""src.sem_physics.apply_sem_chain"", ""noise_level"": ""high"", ""presets"": {""reference"": ""reference"", ""search"": ""search""}}"
finfet_unanchored_pose-none_0268,dataset/reference/finfet_unanchored_pose-none_0268.png,dataset/search/finfet_unanchored_pose-none_0268.png,699.0313305907761,789.2067790050495,0.0,10.0,360.48000000044703,715.4400000013411,346.49464805255536,0.03927376669520301,1,ambiguous,210.4899590012792,20261075,finfet,unanchored,high,none,0,"{""extent_nm"": 12000.0, ""fin_pitch_nm"": 73.59885928853551, ""fin_width_nm"": 24.282152613687586, ""gate_pitch_nm"": 368.68403927391046, ""gate_width_nm"": 13.504742203646641, ""kind"": ""finfet""}","{""chain"": ""src.sem_physics.apply_sem_chain"", ""noise_level"": ""high"", ""presets"": {""reference"": ""reference"", ""search"": ""search""}}"
finfet_unanchored_pose-none_0269,dataset/reference/finfet_unanchored_pose-none_0269.png,dataset/search/finfet_unanchored_pose-none_0269.png,347.6380334101823,446.4013880708359,0.0,10.0,854.5,70.49000000022352,631.0455014152878,0.040913236530978975,1,ambiguous,211.0394589981297,20261076,finfet,unanchored,high,none,0,"{""extent_nm"": 12000.0, ""fin_pitch_nm"": 90.51030073883669, ""fin_width_nm"": 23.55281008332522, ""gate_pitch_nm"": 417.68394343804437, ""gate_width_nm"": 14.28832161480077, ""kind"": ""finfet""}","{""chain"": ""src.sem_physics.apply_sem_chain"", ""noise_level"": ""high"", ""presets"": {""reference"": ""reference"", ""search"": ""search""}}"
finfet_unanchored_pose-small_0270,dataset/reference/finfet_unanchored_pose-small_0270.png,dataset/search/finfet_unanchored_pose-small_0270.png,897.0244759782622,285.4704045976697,0.9432682762299969,10.117007076677112,817.4900000002235,408.5599999986589,146.5495867107119,0.041635469627720426,1,ambiguous,210.59708399843657,20261077,finfet,unanchored,low,small,0,"{""extent_nm"": 12000.0, ""fin_pitch_nm"": 103.13812101172734, ""fin_width_nm"": 24.206372960236656, ""gate_pitch_nm"": 410.538350580405, ""gate_width_nm"": 13.623963124884188, ""kind"": ""finfet""}","{""chain"": ""src.sem_physics.apply_sem_chain"", ""noise_level"": ""low"", ""presets"": {""reference"": ""reference"", ""search"": ""search""}}"
finfet_unanchored_pose-small_0271,dataset/reference/finfet_unanchored_pose-small_0271.png,dataset/search/finfet_unanchored_pose-small_0271.png,425.21033836984964,388.2765988529259,2.4119812026016954,10.032518034285085,891.5599999986589,582.5900000035763,505.2125342546822,0.03998029455720413,1,ambiguous,212.4384580019978,20261078,finfet,unanchored,low,small,0,"{""extent_nm"": 12000.0, ""fin_pitch_nm"": 93.72196762836307, ""fin_width_nm"": 21.367258904413728, ""gate_pitch_nm"": 428.89391572123424, ""gate_width_nm"": 13.316409533952891, ""kind"": ""finfet""}","{""chain"": ""src.sem_physics.apply_sem_chain"", ""noise_level"": ""low"", ""presets"": {""reference"": ""reference"", ""search"": ""search""}}"
finfet_unanchored_pose-small_0272,dataset/reference/finfet_unanchored_pose-small_0272.png,dataset/search/finfet_unanchored_pose-small_0272.png,919.0948920751111,718.8804349113836,-0.7065633210759454,9.732751811558387,460.44999999925494,904.609999999404,494.8238154889667,0.04139972270529282,1,ambiguous,210.9251250003581,20261079,finfet,unanchored,low,small,0,"{""extent_nm"": 12000.0, ""fin_pitch_nm"": 72.80693449072442, ""fin_width_nm"": 21.4287063485414, ""gate_pitch_nm"": 372.7185054430435, ""gate_width_nm"": 14.92806004659813, ""kind"": ""finfet""}","{""chain"": ""src.sem_physics.apply_sem_chain"", ""noise_level"": ""low"", ""presets"": {""reference"": ""reference"", ""search"": ""search""}}"
finfet_unanchored_pose-small_0273,dataset/reference/finfet_unanchored_pose-small_0273.png,dataset/search/finfet_unanchored_pose-small_0273.png,377.676099664748,266.61972761638594,-0.9580669173752518,9.967237062222873,121.53999999910593,898.5099999997765,681.8291706026395,0.039516024421457414,1,ambiguous,211.2777919974178,20261080,finfet,unanchored,low,small,0,"{""extent_nm"": 12000.0, ""fin_pitch_nm"": 76.47917452877293, ""fin_width_nm"": 23.118620744260678, ""gate_pitch_nm"": 396.2537846399387, ""gate_width_nm"": 12.753314637847012, ""kind"": ""finfet""}","{""chain"": ""src.sem_physics.apply_sem_chain"", ""noise_level"": ""low"", ""presets"": {""reference"": ""reference"", ""search"": ""search""}}"
finfet_unanchored_pose-small_0274,dataset/reference/finfet_unanchored_pose-small_0274.png,dataset/search/finfet_unanchored_pose-small_0274.png,507.7878243629424,326.2670441235233,4.114374244960576,10.027282154393113,371.48000000044703,78.74000000953674,282.5764685005536,0.04250828872074489,1,ambiguous,211.4484169978823,20261081,finfet,unanchored,low,small,0,"{""extent_nm"": 12000.0, ""fin_pitch_nm"": 84.64709045121315, ""fin_width_nm"": 27.059886421490987, ""gate_pitch_nm"": 428.92733736670885, ""gate_width_nm"": 14.194437467210985, ""kind"": ""finfet""}","{""chain"": ""src.sem_physics.apply_sem_chain"", ""noise_level"": ""low"", ""presets"": {""reference"": ""reference"", ""search"": ""search""}}"
finfet_unanchored_pose-small_0275,dataset/reference/finfet_unanchored_pose-small_0275.png,dataset/search/finfet_unanchored_pose-small_0275.png,486.3921008204768,410.25958982689906,0.27688567584223733,10.17328353853846,229.48000000044703,458.18000000715256,261.34305665084133,0.04005641440022218,1,ambiguous,211.6167909989599,20261082,finfet,unanchored,low,small,0,"{""extent_nm"": 12000.0, ""fin_pitch_nm"": 93.42480015269294, ""fin_width_nm"": 25.300816880272265, ""gate_pitch_nm"": 477.1204974115431, ""gate_width_nm"": 13.46819146030285, ""kind"": ""finfet""}","{""chain"": ""src.sem_physics.apply_sem_chain"", ""noise_level"": ""low"", ""presets"": {""reference"": ""reference"", ""search"": ""search""}}"
finfet_unanchored_pose-small_0276,dataset/reference/finfet_unanchored_pose-small_0276.png,dataset/search/finfet_unanchored_pose-small_0276.png,317.8014567040721,710.6420457752567,-0.954879315071409,10.288211507838504,49.44999999925494,155.64000000059605,616.4736613430098,0.03923961891877512,1,ambiguous,217.03608299867483,20261083,finfet,unanchored,low,small,0,"{""extent_nm"": 12000.0, ""fin_pitch_nm"": 77.18171513785923, ""fin_width_nm"": 24.237438759752624, ""gate_pitch_nm"": 435.4869728674669, ""gate_width_nm"": 13.462074912354003, ""kind"": ""finfet""}","{""chain"": ""src.sem_physics.apply_sem_chain"", ""noise_level"": ""low"", ""presets"": {""reference"": ""reference"", ""search"": ""search""}}"
finfet_unanchored_pose-small_0277,dataset/reference/finfet_unanchored_pose-small_0277.png,dataset/search/finfet_unanchored_pose-small_0277.png,383.0680587420789,311.309768390762,1.2637654124212254,9.885497736104472,532.4700000006706,63.559999998658895,289.31105715160004,0.04119844499999809,1,ambiguous,211.96716699705576,20261084,finfet,unanchored,low,small,0,"{""extent_nm"": 12000.0, ""fin_pitch_nm"": 85.03284133985878, ""fin_width_nm"": 21.397651816954472, ""gate_pitch_nm"": 402.692770715756, ""gate_width_nm"": 13.562420623854825, ""kind"": ""finfet""}","{""chain"": ""src.sem_physics.apply_sem_chain"", ""noise_level"": ""low"", ""presets"": {""reference"": ""reference"", ""search"": ""search""}}"
finfet_unanchored_pose-small_0278,dataset/reference/finfet_unanchored_pose-small_0278.png,dataset/search/finfet_unanchored_pose-small_0278.png,209.23369066405832,848.7131684863679,-4.232674480535476,9.706779915333275,258.5099999997765,573.6000000238419,279.49134176793314,0.03936158405297584,1,ambiguous,211.40149999700952,20261085,finfet,unanchored,low,small,0,"{""extent_nm"": 12000.0, ""fin_pitch_nm"": 93.57814905512677, ""fin_width_nm"": 25.870355167283748, ""gate_pitch_nm"": 449.4492844384517, ""gate_width_nm"": 11.999354204647789, ""kind"": ""finfet""}","{""chain"": ""src.sem_physics.apply_sem_chain"", ""noise_level"": ""low"", ""presets"": {""reference"": ""reference"", ""search"": ""search""}}"
finfet_unanchored_pose-small_0279,dataset/reference/finfet_unanchored_pose-small_0279.png,dataset/search/finfet_unanchored_pose-small_0279.png,697.5530996737625,664.3467426143776,-4.291985398260209,10.113214776721158,309.33,117.18,670.9013484436686,0.07493616271705024,1,ambiguous,216.42549999887706,20261086,finfet,unanchored,medium,small,0,"{""extent_nm"": 12000.0, ""fin_pitch_nm"": 74.01822071032203, ""fin_width_nm"": 27.428341820453404, ""gate_pitch_nm"": 475.10485369137183, ""gate_width_nm"": 14.42034859982095, ""kind"": ""finfet""}","{""chain"": ""src.sem_physics.apply_sem_chain"", ""noise_level"": ""medium"", ""presets"": {""reference"": ""reference"", ""search"": ""search""}}"
finfet_unanchored_pose-small_0280,dataset/reference/finfet_unanchored_pose-small_0280.png,dataset/search/finfet_unanchored_pose-small_0280.png,161.8488186301085,542.6534782778737,3.263849946878322,9.845254664109811,786.4200000017881,384.6199999973178,644.2544069367833,0.04015014026068808,1,ambiguous,211.96812499692896,20261087,finfet,unanchored,medium,small,0,"{""extent_nm"": 12000.0, ""fin_pitch_nm"": 105.55880340655271, ""fin_width_nm"": 24.89965580843318, ""gate_pitch_nm"": 401.35149555623536, ""gate_width_nm"": 13.639044429256183, ""kind"": ""finfet""}","{""chain"": ""src.sem_physics.apply_sem_chain"", ""noise_level"": ""medium"", ""presets"": {""reference"": ""reference"", ""search"": ""search""}}"
finfet_unanchored_pose-small_0281,dataset/reference/finfet_unanchored_pose-small_0281.png,dataset/search/finfet_unanchored_pose-small_0281.png,693.8328067907873,347.98240798406744,-4.120597972050933,9.742816948958799,76.49000000022352,771.4400000013411,748.6177084020383,0.04249599480095251,1,ambiguous,211.82100000078208,20261088,finfet,unanchored,medium,small,0,"{""extent_nm"": 12000.0, ""fin_pitch_nm"": 96.65204377777299, ""fin_width_nm"": 22.59355062428165, ""gate_pitch_nm"": 454.8216253034308, ""gate_width_nm"": 12.160166451745566, ""kind"": ""finfet""}","{""chain"": ""src.sem_physics.apply_sem_chain"", ""noise_level"": ""medium"", ""presets"": {""reference"": ""reference"", ""search"": ""search""}}"
finfet_unanchored_pose-small_0282,dataset/reference/finfet_unanchored_pose-small_0282.png,dataset/search/finfet_unanchored_pose-small_0282.png,306.3412721925914,185.85121594262742,1.387369771666421,9.832849702813002,194.5,188.55000000074506,111.87382893710965,0.03924562641926891,1,ambiguous,212.22425000087242,20261089,finfet,unanchored,medium,small,0,"{""extent_nm"": 12000.0, ""fin_pitch_nm"": 73.33865104259144, ""fin_width_nm"": 21.95523063120822, ""gate_pitch_nm"": 462.72524923451886, ""gate_width_nm"": 11.777811955683147, ""kind"": ""finfet""}","{""chain"": ""src.sem_physics.apply_sem_chain"", ""noise_level"": ""medium"", ""presets"": {""reference"": ""reference"", ""search"": ""search""}}"
finfet_unanchored_pose-small_0283,dataset/reference/finfet_unanchored_pose-small_0283.png,dataset/search/finfet_unanchored_pose-small_0283.png,831.9927966015175,484.34907117958176,2.784339229415494,10.2031355861782,949.4400000013411,217.2199999988079,291.80778991716875,0.0375445922788966,1,ambiguous,210.95366699955775,20261090,finfet,unanchored,medium,small,0,"{""extent_nm"": 12000.0, ""fin_pitch_nm"": 88.61410700039475, ""fin_width_nm"": 27.390251854477075, ""gate_pitch_nm"": 380.67764991530925, ""gate_width_nm"": 11.323464143089668, ""kind"": ""finfet""}","{""chain"": ""src.sem_physics.apply_sem_chain"", ""noise_level"": ""medium"", ""presets"": {""reference"": ""reference"", ""search"": ""search""}}"
finfet_unanchored_pose-small_0284,dataset/reference/finfet_unanchored_pose-small_0284.png,dataset/search/finfet_unanchored_pose-small_0284.png,172.30156770193122,658.7359482556418,-0.178414533303771,9.804734580123956,199.49000000022352,621.4499999992549,46.14599428137597,0.041956047174947234,1,ambiguous,212.1222919995489,20261091,finfet,unanchored,medium,small,0,"{""extent_nm"": 12000.0, ""fin_pitch_nm"": 88.5175765709051, ""fin_width_nm"": 22.208238640124595, ""gate_pitch_nm"": 367.2391926224393, ""gate_width_nm"": 14.556857687748206, ""kind"": ""finfet""}","{""chain"": ""src.sem_physics.apply_sem_chain"", ""noise_level"": ""medium"", ""presets"": {""reference"": ""reference"", ""search"": ""search""}}"
finfet_unanchored_pose-small_0285,dataset/reference/finfet_unanchored_pose-small_0285.png,dataset/search/finfet_unanchored_pose-small_0285.png,411.65901315015145,721.3666845196259,4.566740593397856,9.871497671710664,866.5799999982119,146.12999999523163,733.382811018523,0.04041805023503804,1,ambiguous,211.90262500022072,20261092,finfet,unanchored,medium,small,0,"{""extent_nm"": 12000.0, ""fin_pitch_nm"": 100.59229477858237, ""fin_width_nm"": 27.387361629812858, ""gate_pitch_nm"": 482.1276590473685, ""gate_width_nm"": 14.855396684929918, ""kind"": ""finfet""}","{""chain"": ""src.sem_physics.apply_sem_chain"", ""noise_level"": ""medium"", ""presets"": {""reference"": ""reference"", ""search"": ""search""}}"
finfet_unanchored_pose-small_0286,dataset/reference/finfet_unanchored_pose-small_0286.png,dataset/search/finfet_unanchored_pose-small_0286.png,113.07133891183756,220.24033212832956,4.176502437648848,9.749238981194768,388.5,863.25,699.5158184953746,0.06458013227816092,1,ambiguous,211.2682919978397,20261093,finfet,unanchored,medium,small,0,"{""extent_nm"": 12000.0, ""fin_pitch_nm"": 74.03925349249756, ""fin_width_nm"": 21.345738211655334, ""gate_pitch_nm"": 403.0691198224199, ""gate_width_nm"": 13.99072832248493, ""kind"": ""finfet""}","{""chain"": ""src.sem_physics.apply_sem_chain"", ""noise_level"": ""medium"", ""presets"": {""reference"": ""reference"", ""search"": ""search""}}"
finfet_unanchored_pose-small_0287,dataset/reference/finfet_unanchored_pose-small_0287.png,dataset/search/finfet_unanchored_pose-small_0287.png,305.2259867739516,396.17344649891953,0.17950958482765778,10.272355933231534,355.51999999955297,729.6899999976158,337.2873837308264,0.04169188213360243,1,ambiguous,211.96770799724618,20261094,finfet,unanchored,medium,small,0,"{""extent_nm"": 12000.0, ""fin_pitch_nm"": 101.17999459414668, ""fin_width_nm"": 21.24510079275767, ""gate_pitch_nm"": 489.89067630268045, ""gate_width_nm"": 13.669787324147643, ""kind"": ""finfet""}","{""chain"": ""src.sem_physics.apply_sem_chain"", ""noise_level"": ""medium"", ""presets"": {""reference"": ""reference"", ""search"": ""search""}}"
finfet_unanchored_pose-small_0288,dataset/reference/finfet_unanchored_pose-small_0288.png,dataset/search/finfet_unanchored_pose-small_0288.png,873.3608770855489,301.98336433378313,-4.278855286178609,10.004964438305922,784.6299999952316,391.47000000067055,126.01994489839785,0.039233907116640356,1,ambiguous,211.8175830000837,20261095,finfet,unanchored,high,small,0,"{""extent_nm"": 12000.0, ""fin_pitch_nm"": 102.25158988197504, ""fin_width_nm"": 23.231799782970015, ""gate_pitch_nm"": 479.414250110189, ""gate_width_nm"": 14.54018169289344, ""kind"": ""finfet""}","{""chain"": ""src.sem_physics.apply_sem_chain"", ""noise_level"": ""high"", ""presets"": {""reference"": ""reference"", ""search"": ""search""}}"
finfet_unanchored_pose-small_0289,dataset/reference/finfet_unanchored_pose-small_0289.png,dataset/search/finfet_unanchored_pose-small_0289.png,152.49282458926774,746.438291437216,-4.067149505433307,9.964284512865984,715.7399999946356,450.6899999976158,636.1717004799632,0.09323414520565831,1,ambiguous,213.91358300024876,20261096,finfet,unanchored,high,small,0,"{""extent_nm"": 12000.0, ""fin_pitch_nm"": 72.8261561621588, ""fin_width_nm"": 21.908381641484443, ""gate_pitch_nm"": 476.76953332907726, ""gate_width_nm"": 13.34823990756792, ""kind"": ""finfet""}","{""chain"": ""src.sem_physics.apply_sem_chain"", ""noise_level"": ""high"", ""presets"": {""reference"": ""reference"", ""search"": ""search""}}"
finfet_unanchored_pose-small_0290,dataset/reference/finfet_unanchored_pose-small_0290.png,dataset/search/finfet_unanchored_pose-small_0290.png,383.2169046502142,149.50669835917773,-4.6505363071957575,10.244675233205351,491.34999999403954,122.26000000536442,111.51299870338224,0.0552191709593222,1,ambiguous,211.90500000011525,20261097,finfet,unanchored,high,small,0,"{""extent_nm"": 12000.0, ""fin_pitch_nm"": 90.15707636829177, ""fin_width_nm"": 20.613386304052526, ""gate_pitch_nm"": 369.2291173739707, ""gate_width_nm"": 14.58955816304027, ""kind"": ""finfet""}","{""chain"": ""src.sem_physics.apply_sem_chain"", ""noise_level"": ""high"", ""presets"": {""reference"": ""reference"", ""search"": ""search""}}"
finfet_unanchored_pose-small_0291,dataset/reference/finfet_unanchored_pose-small_0291.png,dataset/search/finfet_unanchored_pose-small_0291.png,649.1369855504389,691.866925657019,3.4365561350106297,9.75536722132622,362.44999999925494,335.5599999986589,457.3227011165496,0.03876945493010264,1,ambiguous,210.99204100028146,20261098,finfet,unanchored,high,small,0,"{""extent_nm"": 12000.0, ""fin_pitch_nm"": 99.35373916613037, ""fin_width_nm"": 26.135225922979814, ""gate_pitch_nm"": 404.2588820799875, ""gate_width_nm"": 13.347084935977449, ""kind"": ""finfet""}","{""chain"": ""src.sem_physics.apply_sem_chain"", ""noise_level"": ""high"", ""presets"": {""reference"": ""reference"", ""search"": ""search""}}"
finfet_unanchored_pose-small_0292,dataset/reference/finfet_unanchored_pose-small_0292.png,dataset/search/finfet_unanchored_pose-small_0292.png,225.49594103208693,291.6353001500851,-0.7787656979876978,9.93056255447499,513.4900000002235,849.5799999982119,627.8876221821536,0.038176451214234845,1,ambiguous,211.30558299773838,20261099,finfet,unanchored,high,small,0,"{""extent_nm"": 12000.0, ""fin_pitch_nm"": 79.31923595982808, ""fin_width_nm"": 24.783931529908873, ""gate_pitch_nm"": 500.0424384495045, ""gate_width_nm"": 11.804920886368713, ""kind"": ""finfet""}","{""chain"": ""src.sem_physics.apply_sem_chain"", ""noise_level"": ""high"", ""presets"": {""reference"": ""reference"", ""search"": ""search""}}"
finfet_unanchored_pose-small_0293,dataset/reference/finfet_unanchored_pose-small_0293.png,dataset/search/finfet_unanchored_pose-small_0293.png,668.1534735496497,124.6377424004678,-2.3084802576049657,10.054084780838824,540.5399999991059,593.1800000071526,485.609972915306,0.04047529169261539,1,ambiguous,212.1936250005092,20261100,finfet,unanchored,high,small,0,"{""extent_nm"": 12000.0, ""fin_pitch_nm"": 99.288365229988, ""fin_width_nm"": 24.968220371387062, ""gate_pitch_nm"": 432.61038305914855, ""gate_width_nm"": 13.343743124048892, ""kind"": ""finfet""}","{""chain"": ""src.sem_physics.apply_sem_chain"", ""noise_level"": ""high"", ""presets"": {""reference"": ""reference"", ""search"": ""search""}}"
finfet_unanchored_pose-small_0294,dataset/reference/finfet_unanchored_pose-small_0294.png,dataset/search/finfet_unanchored_pose-small_0294.png,193.6941567887354,80.19639667636534,0.9157071671238199,9.914809859884736,75.5,123.29999999701977,125.80850256729272,0.04043441223355707,1,ambiguous,211.94425000066985,20261101,finfet,unanchored,high,small,0,"{""extent_nm"": 12000.0, ""fin_pitch_nm"": 90.65891827646068, ""fin_width_nm"": 22.311854840154517, ""gate_pitch_nm"": 408.88949896562053, ""gate_width_nm"": 12.737153058671518, ""kind"": ""finfet""}","{""chain"": ""src.sem_physics.apply_sem_chain"", ""noise_level"": ""high"", ""presets"": {""reference"": ""reference"", ""search"": ""search""}}"
finfet_unanchored_pose-small_0295,dataset/reference/finfet_unanchored_pose-small_0295.png,dataset/search/finfet_unanchored_pose-small_0295.png,414.18799509934667,234.2941755526308,1.7899454332459142,9.957530586032547,49.44999999925494,845.25,711.5481884565509,0.039023540545168156,1,ambiguous,212.23995900072623,20261102,finfet,unanchored,high,small,0,"{""extent_nm"": 12000.0, ""fin_pitch_nm"": 90.9519308139195, ""fin_width_nm"": 27.201932414982004, ""gate_pitch_nm"": 426.19235317317873, ""gate_width_nm"": 12.935890913114713, ""kind"": ""finfet""}","{""chain"": ""src.sem_physics.apply_sem_chain"", ""noise_level"": ""high"", ""presets"": {""reference"": ""reference"", ""search"": ""search""}}"
finfet_unanchored_pose-small_0296,dataset/reference/finfet_unanchored_pose-small_0296.png,dataset/search/finfet_unanchored_pose-small_0296.png,868.4780698459763,465.93510000844486,3.6351507208092144,10.219804506557036,591.4200000017881,714.0,371.88354181599294,0.038908184653177975,1,ambiguous,211.23316699959105,20261103,finfet,unanchored,high,small,0,"{""extent_nm"": 12000.0, ""fin_pitch_nm"": 106.65324909536214, ""fin_width_nm"": 25.24357805024016, ""gate_pitch_nm"": 470.5519737858865, ""gate_width_nm"": 14.564723028362131, ""kind"": ""finfet""}","{""chain"": ""src.sem_physics.apply_sem_chain"", ""noise_level"": ""high"", ""presets"": {""reference"": ""reference"", ""search"": ""search""}}"
finfet_unanchored_pose-large_0297,dataset/reference/finfet_unanchored_pose-large_0297.png,dataset/search/finfet_unanchored_pose-large_0297.png,682.8804284399964,139.46843945258524,3.342888600257959,10.464187183951076,352.3999999985099,734.9700000286102,681.0575762968573,0.04307535626318922,1,ambiguous,210.77508400048828,20261104,finfet,unanchored,low,large,0,"{""extent_nm"": 12000.0, ""fin_pitch_nm"": 82.94784903771992, ""fin_width_nm"": 26.120565444050577, ""gate_pitch_nm"": 463.4321877062866, ""gate_width_nm"": 13.842603004388378, ""kind"": ""finfet""}","{""chain"": ""src.sem_physics.apply_sem_chain"", ""noise_level"": ""low"", ""presets"": {""reference"": ""reference"", ""search"": ""search""}}"
finfet_unanchored_pose-large_0298,dataset/reference/finfet_unanchored_pose-large_0298.png,dataset/search/finfet_unanchored_pose-large_0298.png,584.2588426905315,230.4021564403012,4.196441515521363,10.459901598186065,551.34,600.37,371.4294757720471,0.08429452287398073,1,ambiguous,213.7756249976519,20261105,finfet,unanchored,low,large,0,"{""extent_nm"": 12000.0, ""fin_pitch_nm"": 73.90828984215467, ""fin_width_nm"": 22.056737048661397, ""gate_pitch_nm"": 479.3526376924114, ""gate_width_nm"": 13.923040436599198, ""kind"": ""finfet""}","{""chain"": ""src.sem_physics.apply_sem_chain"", ""noise_level"": ""low"", ""presets"": {""reference"": ""reference"", ""search"": ""search""}}"
finfet_unanchored_pose-large_0299,dataset/reference/finfet_unanchored_pose-large_0299.png,dataset/search/finfet_unanchored_pose-large_0299.png,730.3596741073109,539.2025750477455,-6.622033774001245,10.121773598565529,331.64,845.94,503.0558879355057,0.03943967514372079,1,ambiguous,211.11541600112105,20261106,finfet,unanchored,low,large,0,"{""extent_nm"": 12000.0, ""fin_pitch_nm"": 75.29429104628045, ""fin_width_nm"": 25.50176516015341, ""gate_pitch_nm"": 441.1501238821696, ""gate_width_nm"": 13.382341909320232, ""kind"": ""finfet""}","{""chain"": ""src.sem_physics.apply_sem_chain"", ""noise_level"": ""low"", ""presets"": {""reference"": ""reference"", ""search"": ""search""}}"
finfet_unanchored_pose-large_0300,dataset/reference/finfet_unanchored_pose-large_0300.png,dataset/search/finfet_unanchored_pose-large_0300.png,201.24843502060867,92.44834683995239,4.568658695239414,10.187850750797292,416.29999999701977,451.0900000035763,418.1758134836838,0.03888008802449957,1,ambiguous,211.55437500055996,20261107,finfet,unanchored,low,large,0,"{""extent_nm"": 12000.0, ""fin_pitch_nm"": 105.15854864486175, ""fin_width_nm"": 27.192647812801166, ""gate_pitch_nm"": 424.0792854768318, ""gate_width_nm"": 11.254840905298302, ""kind"": ""finfet""}","{""chain"": ""src.sem_physics.apply_sem_chain"", ""noise_level"": ""low"", ""presets"": {""reference"": ""reference"", ""search"": ""search""}}"
finfet_unanchored_pose-large_0301,dataset/reference/finfet_unanchored_pose-large_0301.png,dataset/search/finfet_unanchored_pose-large_0301.png,193.18621474972963,767.2945135402426,4.987736489739655,9.64615215229329,663.49,70.53,840.6345447040012,0.0657099589795009,1,ambiguous,210.9894589993928,20261108,finfet,unanchored,low,large,0,"{""extent_nm"": 12000.0, ""fin_pitch_nm"": 76.73288850918054, ""fin_width_nm"": 21.764708170904925, ""gate_pitch_nm"": 370.64917969819714, ""gate_width_nm"": 11.442613740127312, ""kind"": ""finfet""}","{""chain"": ""src.sem_physics.apply_sem_chain"", ""noise_level"": ""low"", ""presets"": {""reference"": ""reference"", ""search"": ""search""}}"
finfet_unanchored_pose-large_0302,dataset/reference/finfet_unanchored_pose-large_0302.png,dataset/search/finfet_unanchored_pose-large_0302.png,750.0886929721136,749.3579527191451,-3.006601632674725,10.261121488754723,49.399999998509884,793.5099999997765,702.0783772059414,0.03861036135475878,1,ambiguous,212.39445799801615,20261109,finfet,unanchored,low,large,0,"{""extent_nm"": 12000.0, ""fin_pitch_nm"": 103.71097537723179, ""fin_width_nm"": 25.32577155527607, ""gate_pitch_nm"": 414.1566161081837, ""gate_width_nm"": 12.27713419933637, ""kind"": ""finfet""}","{""chain"": ""src.sem_physics.apply_sem_chain"", ""noise_level"": ""low"", ""presets"": {""reference"": ""reference"", ""search"": ""search""}}"
finfet_unanchored_pose-large_0303,dataset/reference/finfet_unanchored_pose-large_0303.png,dataset/search/finfet_unanchored_pose-large_0303.png,674.0502830542056,593.4289420345226,2.0172615415289705,9.642118068836652,82.57000000029802,614.390000000596,591.8515786855584,0.04176392096886942,1,ambiguous,211.64745799978846,20261110,finfet,unanchored,low,large,0,"{""extent_nm"": 12000.0, ""fin_pitch_nm"": 103.75742489539721, ""fin_width_nm"": 22.257757473502487, ""gate_pitch_nm"": 363.9830393174758, ""gate_width_nm"": 13.713326114095207, ""kind"": ""finfet""}","{""chain"": ""src.sem_physics.apply_sem_chain"", ""noise_level"": ""low"", ""presets"": {""reference"": ""reference"", ""search"": ""search""}}"
finfet_unanchored_pose-large_0304,dataset/reference/finfet_unanchored_pose-large_0304.png,dataset/search/finfet_unanchored_pose-large_0304.png,128.83897345301392,841.0590473012699,-0.1256144196317237,10.487036515311113,882.5,152.12000000476837,1021.0984055543657,0.03940510266535303,1,ambiguous,211.15070800078684,20261111,finfet,unanchored,low,large,0,"{""extent_nm"": 12000.0, ""fin_pitch_nm"": 85.73817114668802, ""fin_width_nm"": 21.4409200572644, ""gate_pitch_nm"": 381.29505232531744, ""gate_width_nm"": 12.098200621076991, ""kind"": ""finfet""}","{""chain"": ""src.sem_physics.apply_sem_chain"", ""noise_level"": ""low"", ""presets"": {""reference"": ""reference"", ""search"": ""search""}}"
finfet_unanchored_pose-large_0305,dataset/reference/finfet_unanchored_pose-large_0305.png,dataset/search/finfet_unanchored_pose-large_0305.png,183.73936889878962,357.38555823520096,5.993820570350616,9.599727099861292,766.29,863.8,771.894309231757,0.04214366755806091,1,ambiguous,211.6880419998779,20261112,finfet,unanchored,low,large,0,"{""extent_nm"": 12000.0, ""fin_pitch_nm"": 83.54122592960314, ""fin_width_nm"": 25.08321280745089, ""gate_pitch_nm"": 388.40764344555186, ""gate_width_nm"": 11.549546302852775, ""kind"": ""finfet""}","{""chain"": ""src.sem_physics.apply_sem_chain"", ""noise_level"": ""low"", ""presets"": {""reference"": ""reference"", ""search"": ""search""}}"
finfet_unanchored_pose-large_0306,dataset/reference/finfet_unanchored_pose-large_0306.png,dataset/search/finfet_unanchored_pose-large_0306.png,539.6888507452794,677.9265455208601,-5.0559680352594185,10.33761629644901,311.17,657.85,229.39906893009493,0.06448115142073145,1,ambiguous,211.84925000125077,20261113,finfet,unanchored,medium,large,0,"{""extent_nm"": 12000.0, ""fin_pitch_nm"": 89.83891085683365, ""fin_width_nm"": 20.74751000226088, ""gate_pitch_nm"": 364.6734031114563, ""gate_width_nm"": 12.189815100265236, ""kind"": ""finfet""}","{""chain"": ""src.sem_physics.apply_sem_chain"", ""noise_level"": ""medium"", ""presets"": {""reference"": ""reference"", ""search"": ""search""}}"
finfet_unanchored_pose-large_0307,dataset/reference/finfet_unanchored_pose-large_0307.png,dataset/search/finfet_unanchored_pose-large_0307.png,698.0732441220478,866.899325732989,7.19763447693653,9.66627897944984,304.85,833.99,394.59795163947257,0.04888425901219336,1,ambiguous,211.8352090001281,20261114,finfet,unanchored,medium,large,0,"{""extent_nm"": 12000.0, ""fin_pitch_nm"": 105.10752039206412, ""fin_width_nm"": 20.478431230699705, ""gate_pitch_nm"": 387.9817512454946, ""gate_width_nm"": 14.499638211896652, ""kind"": ""finfet""}","{""chain"": ""src.sem_physics.apply_sem_chain"", ""noise_level"": ""medium"", ""presets"": {""reference"": ""reference"", ""search"": ""search""}}"
finfet_unanchored_pose-large_0308,dataset/reference/finfet_unanchored_pose-large_0308.png,dataset/search/finfet_unanchored_pose-large_0308.png,665.8693471872053,407.13562711572393,0.030200315457713955,9.821479709152936,444.48000000044703,486.5599999986589,235.20517438106353,0.04061908871937699,1,ambiguous,211.46287500232575,20261115,finfet,unanchored,medium,large,0,"{""extent_nm"": 12000.0, ""fin_pitch_nm"": 86.9926550865034, ""fin_width_nm"": 24.37971853094144, ""gate_pitch_nm"": 389.3719448860179, ""gate_width_nm"": 14.825452757775354, ""kind"": ""finfet""}","{""chain"": ""src.sem_physics.apply_sem_chain"", ""noise_level"": ""medium"", ""presets"": {""reference"": ""reference"", ""search"": ""search""}}"
finfet_unanchored_pose-large_0309,dataset/reference/finfet_unanchored_pose-large_0309.png,dataset/search/finfet_unanchored_pose-large_0309.png,406.8670834737437,188.9929984854681,-4.871065373301265,9.918283814094323,601.359999999404,706.0400000214577,552.4175018733703,0.039278342590540076,1,ambiguous,210.93308299896307,20261116,finfet,unanchored,medium,large,0,"{""extent_nm"": 12000.0, ""fin_pitch_nm"": 102.51294960922462, ""fin_width_nm"": 22.19661221628778, ""gate_pitch_nm"": 412.2336265428208, ""gate_width_nm"": 11.649951611396556, ""kind"": ""finfet""}","{""chain"": ""src.sem_physics.apply_sem_chain"", ""noise_level"": ""medium"", ""presets"": {""reference"": ""reference"", ""search"": ""search""}}"
finfet_unanchored_pose-large_0310,dataset/reference/finfet_unanchored_pose-large_0310.png,dataset/search/finfet_unanchored_pose-large_0310.png,686.8047476241504,240.2756152776384,-4.227213443499059,10.293080074752538,122.62,465.86,607.6123304231842,0.08116965245643949,1,ambiguous,211.41283300312352,20261117,finfet,unanchored,medium,large,0,"{""extent_nm"": 12000.0, ""fin_pitch_nm"": 74.38393689229338, ""fin_width_nm"": 23.764581499651456, ""gate_pitch_nm"": 457.22811827475323, ""gate_width_nm"": 13.854773642635083, ""kind"": ""finfet""}","{""chain"": ""src.sem_physics.apply_sem_chain"", ""noise_level"": ""medium"", ""presets"": {""reference"": ""reference"", ""search"": ""search""}}"
finfet_unanchored_pose-large_0311,dataset/reference/finfet_unanchored_pose-large_0311.png,dataset/search/finfet_unanchored_pose-large_0311.png,305.7807034278083,616.6826411187229,-2.24495217173083,10.0401571122081,854.4600000008941,288.5900000035763,639.2916014166374,0.0403387208233508,1,ambiguous,211.9426659992314,20261118,finfet,unanchored,medium,large,0,"{""extent_nm"": 12000.0, ""fin_pitch_nm"": 76.79713682397403, ""fin_width_nm"": 20.73418222813361, ""gate_pitch_nm"": 501.1318107789184, ""gate_width_nm"": 13.9548634209496, ""kind"": ""finfet""}","{""chain"": ""src.sem_physics.apply_sem_chain"", ""noise_level"": ""medium"", ""presets"": {""reference"": ""reference"", ""search"": ""search""}}"
finfet_unanchored_pose-large_0312,dataset/reference/finfet_unanchored_pose-large_0312.png,dataset/search/finfet_unanchored_pose-large_0312.png,334.67029369954446,509.00617158104524,-6.538817505409991,9.790713629799566,231.68,394.73,153.83771965138752,0.06673527003668864,1,ambiguous,211.75900000162073,20261119,finfet,unanchored,medium,large,0,"{""extent_nm"": 12000.0, ""fin_pitch_nm"": 107.62200701864094, ""fin_width_nm"": 25.323154723569335, ""gate_pitch_nm"": 492.92928216907245, ""gate_width_nm"": 12.519066696647094, ""kind"": ""finfet""}","{""chain"": ""src.sem_physics.apply_sem_chain"", ""noise_level"": ""medium"", ""presets"": {""reference"": ""reference"", ""search"": ""search""}}"
finfet_unanchored_pose-large_0313,dataset/reference/finfet_unanchored_pose-large_0313.png,dataset/search/finfet_unanchored_pose-large_0313.png,628.0375445632106,425.95618776828303,3.7925588739889324,9.649835252310728,213.42000000178814,110.52999999932945,520.9619834389056,0.040045715186232275,1,ambiguous,211.54720800041105,20261120,finfet,unanchored,medium,large,0,"{""extent_nm"": 12000.0, ""fin_pitch_nm"": 105.304266408389, ""fin_width_nm"": 23.273867766316528, ""gate_pitch_nm"": 412.68333512623514, ""gate_width_nm"": 11.25332842627369, ""kind"": ""finfet""}","{""chain"": ""src.sem_physics.apply_sem_chain"", ""noise_level"": ""medium"", ""presets"": {""reference"": ""reference"", ""search"": ""search""}}"
finfet_unanchored_pose-large_0314,dataset/reference/finfet_unanchored_pose-large_0314.png,dataset/search/finfet_unanchored_pose-large_0314.png,536.1502591753832,129.26264046514873,2.193096344792412,10.465872483051388,949.5599999986589,919.9600000083447,892.2499247386631,0.0395814078658914,1,ambiguous,210.48479199816938,20261121,finfet,unanchored,medium,large,0,"{""extent_nm"": 12000.0, ""fin_pitch_nm"": 91.06267520466761, ""fin_width_nm"": 24.580448654958673, ""gate_pitch_nm"": 421.5972644877589, ""gate_width_nm"": 12.132871757800537, ""kind"": ""finfet""}","{""chain"": ""src.sem_physics.apply_sem_chain"", ""noise_level"": ""medium"", ""presets"": {""reference"": ""reference"", ""search"": ""search""}}"
finfet_unanchored_pose-large_0315,dataset/reference/finfet_unanchored_pose-large_0315.png,dataset/search/finfet_unanchored_pose-large_0315.png,156.57770726419074,585.8193082236912,-7.9334233730532,10.115203071725979,582.31,885.12,520.4122300406341,0.04103573300885393,1,ambiguous,211.83195800040266,20261122,finfet,unanchored,high,large,0,"{""extent_nm"": 12000.0, ""fin_pitch_nm"": 98.56427247759822, ""fin_width_nm"": 24.25640756371475, ""gate_pitch_nm"": 480.1024360902827, ""gate_width_nm"": 11.93292139259146, ""kind"": ""finfet""}","{""chain"": ""src.sem_physics.apply_sem_chain"", ""noise_level"": ""high"", ""presets"": {""reference"": ""reference"", ""search"": ""search""}}"
finfet_unanchored_pose-large_0316,dataset/reference/finfet_unanchored_pose-large_0316.png,dataset/search/finfet_unanchored_pose-large_0316.png,694.3368462968742,513.568293470003,-7.294382781088542,9.736731069760502,321.74,290.95,434.0360750650491,0.04710737141952964,1,ambiguous,212.6382080023177,20261123,finfet,unanchored,high,large,0,"{""extent_nm"": 12000.0, ""fin_pitch_nm"": 91.1675885563957, ""fin_width_nm"": 20.963267473978757, ""gate_pitch_nm"": 338.0892154609021, ""gate_width_nm"": 14.349524903262814, ""kind"": ""finfet""}","{""chain"": ""src.sem_physics.apply_sem_chain"", ""noise_level"": ""high"", ""presets"": {""reference"": ""reference"", ""search"": ""search""}}"
finfet_unanchored_pose-large_0317,dataset/reference/finfet_unanchored_pose-large_0317.png,dataset/search/finfet_unanchored_pose-large_0317.png,563.5598687440022,707.4617236340765,7.371512425009518,10.463061055900093,81.75,767.07,485.4831575146855,0.04319157551506041,1,ambiguous,212.51129200027208,20261124,finfet,unanchored,high,large,0,"{""extent_nm"": 12000.0, ""fin_pitch_nm"": 100.60165060430211, ""fin_width_nm"": 23.416617556508935, ""gate_pitch_nm"": 447.5068646719941, ""gate_width_nm"": 13.936793060513347, ""kind"": ""finfet""}","{""chain"": ""src.sem_physics.apply_sem_chain"", ""noise_level"": ""high"", ""presets"": {""reference"": ""reference"", ""search"": ""search""}}"
finfet_unanchored_pose-large_0318,dataset/reference/finfet_unanchored_pose-large_0318.png,dataset/search/finfet_unanchored_pose-large_0318.png,274.46775046031814,91.91708733795181,-2.3197250722842053,9.537182089437103,565.5299999993294,601.3999999985099,586.7623636531195,0.0411154023150973,1,ambiguous,211.52400000210037,20261125,finfet,unanchored,high,large,0,"{""extent_nm"": 12000.0, ""fin_pitch_nm"": 90.0073862452678, ""fin_width_nm"": 26.054050782075727, ""gate_pitch_nm"": 364.65395156870693, ""gate_width_nm"": 14.093454134924619, ""kind"": ""finfet""}","{""chain"": ""src.sem_physics.apply_sem_chain"", ""noise_level"": ""high"", ""presets"": {""reference"": ""reference"", ""search"": ""search""}}"
finfet_unanchored_pose-large_0319,dataset/reference/finfet_unanchored_pose-large_0319.png,dataset/search/finfet_unanchored_pose-large_0319.png,497.26124368264567,402.9327059559054,6.3693419772091335,9.523137897070125,537.78,79.05,326.40737864028836,0.04882598099335319,1,ambiguous,212.63162499963073,20261126,finfet,unanchored,high,large,0,"{""extent_nm"": 12000.0, ""fin_pitch_nm"": 85.2705949501431, ""fin_width_nm"": 23.53233609153299, ""gate_pitch_nm"": 431.2122619669332, ""gate_width_nm"": 14.36345195885837, ""kind"": ""finfet""}","{""chain"": ""src.sem_physics.apply_sem_chain"", ""noise_level"": ""high"", ""presets"": {""reference"": ""reference"", ""search"": ""search""}}"
finfet_unanchored_pose-large_0320,dataset/reference/finfet_unanchored_pose-large_0320.png,dataset/search/finfet_unanchored_pose-large_0320.png,866.6066620161196,251.49989663095195,-2.0935458138857275,9.660115196909775,213.48000000044703,580.0800000429153,731.1219604101295,0.038780059001074424,1,ambiguous,213.1396250006219,20261127,finfet,unanchored,high,large,0,"{""extent_nm"": 12000.0, ""fin_pitch_nm"": 95.22020527823106, ""fin_width_nm"": 25.829967084034976, ""gate_pitch_nm"": 425.047865089966, ""gate_width_nm"": 12.65403449651587, ""kind"": ""finfet""}","{""chain"": ""src.sem_physics.apply_sem_chain"", ""noise_level"": ""high"", ""presets"": {""reference"": ""reference"", ""search"": ""search""}}"
finfet_unanchored_pose-large_0321,dataset/reference/finfet_unanchored_pose-large_0321.png,dataset/search/finfet_unanchored_pose-large_0321.png,434.30945849302435,864.531726943019,6.517476648194343,10.176019170952523,558.31,850.91,124.74648587809337,0.04399914752429997,1,ambiguous,212.02249999987544,20261128,finfet,unanchored,high,large,0,"{""extent_nm"": 12000.0, ""fin_pitch_nm"": 94.08127468130773, ""fin_width_nm"": 24.047174823506133, ""gate_pitch_nm"": 480.41479240081367, ""gate_width_nm"": 12.485264136465727, ""kind"": ""finfet""}","{""chain"": ""src.sem_physics.apply_sem_chain"", ""noise_level"": ""high"", ""presets"": {""reference"": ""reference"", ""search"": ""search""}}"
finfet_unanchored_pose-large_0322,dataset/reference/finfet_unanchored_pose-large_0322.png,dataset/search/finfet_unanchored_pose-large_0322.png,665.4114329633303,595.2350211439284,-4.467521615464154,9.659930275721877,708.5500000007451,278.60999999940395,319.5502151162036,0.05185583992361407,1,ambiguous,212.44879200094147,20261129,finfet,unanchored,high,large,0,"{""extent_nm"": 12000.0, ""fin_pitch_nm"": 88.51223311483781, ""fin_width_nm"": 24.13663882592595, ""gate_pitch_nm"": 342.4925804585527, ""gate_width_nm"": 13.977575554993125, ""kind"": ""finfet""}","{""chain"": ""src.sem_physics.apply_sem_chain"", ""noise_level"": ""high"", ""presets"": {""reference"": ""reference"", ""search"": ""search""}}"
finfet_unanchored_pose-large_0323,dataset/reference/finfet_unanchored_pose-large_0323.png,dataset/search/finfet_unanchored_pose-large_0323.png,446.42762912357284,467.80835195861937,2.482523235685486,9.82281806935536,326.52999999932945,672.4499999992549,237.17850995063193,0.03998620045628321,1,ambiguous,213.39879199877032,20261130,finfet,unanchored,high,large,0,"{""extent_nm"": 12000.0, ""fin_pitch_nm"": 90.25850362188048, ""fin_width_nm"": 25.307581477817052, ""gate_pitch_nm"": 489.22239349831233, ""gate_width_nm"": 14.185056600547608, ""kind"": ""finfet""}","{""chain"": ""src.sem_physics.apply_sem_chain"", ""noise_level"": ""high"", ""presets"": {""reference"": ""reference"", ""search"": ""search""}}"
